/*
SQLyog Community v13.3.0 (64 bit)
MySQL - 10.4.10-MariaDB : Database - elearning
*********************************************************************
*/

/*!40101 SET NAMES utf8 */;

/*!40101 SET SQL_MODE=''*/;

/*!40014 SET @OLD_UNIQUE_CHECKS=@@UNIQUE_CHECKS, UNIQUE_CHECKS=0 */;
/*!40014 SET @OLD_FOREIGN_KEY_CHECKS=@@FOREIGN_KEY_CHECKS, FOREIGN_KEY_CHECKS=0 */;
/*!40101 SET @OLD_SQL_MODE=@@SQL_MODE, SQL_MODE='NO_AUTO_VALUE_ON_ZERO' */;
/*!40111 SET @OLD_SQL_NOTES=@@SQL_NOTES, SQL_NOTES=0 */;
CREATE DATABASE /*!32312 IF NOT EXISTS*/`elearning` /*!40100 DEFAULT CHARACTER SET utf8mb4 */;

USE `elearning`;

/*Table structure for table `olala3w_answer` */

DROP TABLE IF EXISTS `olala3w_answer`;

CREATE TABLE `olala3w_answer` (
  `answer_id` double NOT NULL AUTO_INCREMENT,
  `test_id` int(11) NOT NULL DEFAULT 0,
  `title` text NOT NULL,
  `correct` int(1) NOT NULL DEFAULT 0,
  PRIMARY KEY (`answer_id`)
) ENGINE=InnoDB AUTO_INCREMENT=54 DEFAULT CHARSET=utf8;

/*Data for the table `olala3w_answer` */

insert  into `olala3w_answer`(`answer_id`,`test_id`,`title`,`correct`) values 
(19,5,'Câu 1',0),
(20,5,'Câu 2',0),
(21,5,'Câu 3',0),
(22,5,'Câu 4',1),
(23,5,'Câu 5',1),
(24,5,'Câu 6',1),
(25,5,'Câu 7',1),
(30,9,'Đáp án A',0),
(31,9,'Đáp án B',1),
(32,9,'Đáp án C',0),
(33,9,'Đáp án D',0),
(34,10,'Đáp án A',0),
(35,10,'Đáp án B',1),
(36,10,'Đáp án C',0),
(37,10,'Đáp án D',1),
(38,10,'Đáp án E',1),
(39,10,'Đáp án F',0),
(40,8,'Đáp án A',0),
(41,8,'Đáp án B',0),
(42,8,'Đáp án C',1),
(43,8,'Đáp án D',0),
(44,12,'1',1),
(45,12,'2',1),
(46,12,'3',1),
(47,12,'4',0),
(48,12,'5',0),
(49,12,'6',0),
(50,13,'12',1),
(51,13,'34',0),
(52,13,'56',0),
(53,13,'78',0);

/*Table structure for table `olala3w_answer_logs` */

DROP TABLE IF EXISTS `olala3w_answer_logs`;

CREATE TABLE `olala3w_answer_logs` (
  `answer_logs_id` double NOT NULL AUTO_INCREMENT,
  `test_logs_id` int(11) NOT NULL DEFAULT 0,
  `test_id` int(11) NOT NULL DEFAULT 0,
  `answer_id` double NOT NULL DEFAULT 0,
  `type` int(1) NOT NULL DEFAULT 0,
  `answer` text NOT NULL,
  PRIMARY KEY (`answer_logs_id`)
) ENGINE=InnoDB AUTO_INCREMENT=83 DEFAULT CHARSET=utf8;

/*Data for the table `olala3w_answer_logs` */

insert  into `olala3w_answer_logs`(`answer_logs_id`,`test_logs_id`,`test_id`,`answer_id`,`type`,`answer`) values 
(74,23,8,28,0,''),
(75,23,9,31,0,''),
(76,23,10,35,0,''),
(77,23,10,37,0,''),
(78,23,10,38,0,''),
(79,23,11,0,1,''),
(80,24,11,0,1,''),
(81,26,13,50,0,''),
(82,26,14,0,1,'ok');

/*Table structure for table `olala3w_answers` */

DROP TABLE IF EXISTS `olala3w_answers`;

CREATE TABLE `olala3w_answers` (
  `id` int(11) NOT NULL AUTO_INCREMENT,
  `question_id` int(11) DEFAULT NULL,
  `answer_text` text NOT NULL,
  `is_correct` tinyint(1) DEFAULT NULL,
  PRIMARY KEY (`id`),
  KEY `question_id` (`question_id`),
  CONSTRAINT `olala3w_answers_ibfk_1` FOREIGN KEY (`question_id`) REFERENCES `olala3w_questions` (`id`)
) ENGINE=InnoDB AUTO_INCREMENT=100 DEFAULT CHARSET=utf8mb4;

/*Data for the table `olala3w_answers` */

insert  into `olala3w_answers`(`id`,`question_id`,`answer_text`,`is_correct`) values 
(52,58,'A. Trùng Khánh (Trung Quốc).',0),
(53,58,'B.  Hương Cảng (Trung Quốc).',1),
(54,58,'C.  Quảng Châu (Trung Quốc).',0),
(55,59,'A. Triết học Mác - Lênin.',0),
(56,59,'B. Kinh tế chính trị Mác – Lênin.',0),
(57,59,'C. Chủ nghĩa xã hội khoa học.',0),
(58,59,'D. Tất cả các đáp án trên.',1),
(59,60,'A. 3 nội dung.',0),
(60,60,'B. 4 nội dung.',1),
(61,60,'C. 5 nội dung.',0),
(62,61,'A. Chủ nghĩa Mác - Lênin là một hệ thống lý luận khoa học, thể hiện trong toàn bộ các nguyên lý cấu thành học thuyết, trước hết là các nguyên lý cơ bản.',0),
(63,61,'B. Chủ nghĩa Mác - Lênin là sự thống nhất hữu cơ giữa thế giới quan khoa học và phương pháp luận mác-xít.',0),
(64,61,'C. Chủ nghĩa Mác - Lênin là học thuyết giải phóng xã hội, giải phóng giai cấp, giải phóng con người với con đường, lực lượng, phương thức đạt mục tiêu đó.',0),
(65,61,'D. Chủ nghĩa Mác - Lênin là một học thuyết mở, không ngừng tự đổi mới, tự phát triển trong dòng trí tuệ của nhân loại.',0),
(66,61,'E. Tất cả các đáp án trên.',1),
(67,62,'Chủ nghĩa Mác - Lênin;',0),
(68,62,'Các giá trị truyền thống tốt đẹp của dân tộc;',0),
(69,62,'Tinh hoa văn hóa nhân loại;',0),
(70,62,'D. Những nhân tố chủ quan thuộc về phẩm chất cá nhân của Chủ tịch Hồ Chí Minh;',0),
(71,62,'E. Tất cả các đáp án trên.',1),
(72,63,'A. Tư duy độc lập, tự chủ, sáng tạo cộng với sự nhận xét, phê phán tinh tường, sáng suốt trong việc nghiên cứu, tìm hiểu;',0),
(73,63,'B. Sự khổ công học tập nhằm chiếm lĩnh vốn tri thức phong phú của nhân loại, học tập kinh nghiệm đấu tranh của phong trào giải phóng dân tộc, phong trào công nhân quốc tế;',0),
(74,63,'C. Ý chí của một nhà yêu nước, một chiến sĩ cộng sản nhiệt thành cách mạng, một trái tim yêu nước, thương dân, thương yêu những người cùng khổ, sẵn sàng chịu đựng hy sinh vì độc lập của Tổ quốc, vì tự do, hạnh phúc của đồng bào.',0),
(75,63,'D. Tất cả các đáp án trên.',1),
(76,64,'A. 8 nội dung cơ bản.',0),
(77,64,'B. 9 nội dung cơ bản.',1),
(78,64,'C. 10 nội dung cơ bản.',0),
(79,65,'A. Phải nâng cao chất lượng tuyên truyền, giáo dục lý luận chính trị làm cho toàn Đảng, toàn dân “ai cũng phải hiểu, ai cũng phải theo” chủ nghĩa Mác - Lênin, tư tưởng Hồ Chí Minh, tin tưởng vào chủ trương, đường lối của Đảng, chính sách, pháp luật của Nhà nước.',0),
(80,65,'B. Tăng cường thống nhất nhận thức và hành động trong Đảng cũng như ngoài Đảng về tinh thần luôn kiên định, vận dụng và phát triển sáng tạo chủ nghĩa Mác - Lênin, tư tưởng Hồ Chí Minh.',0),
(81,65,'C. Tất cả các đáp án trên.',1),
(82,66,'A. Lênin',0),
(83,66,'B. C.Mác',1),
(84,66,'C. Ph. Ăngghen',0),
(85,67,'A. Đại hội X',0),
(86,67,'B. Đại hội XI',1),
(87,67,'C. Đại hội XII',0),
(88,68,'A. Chính cương Đảng Lao động Việt Nam (tháng 2 năm 1951)',0),
(89,68,'B. Cương lĩnh xây dựng đất nước trong thời kỳ quá độ lên chủ nghĩa xã hội (tháng 6 năm 1991)',0),
(90,68,'C. Cương lĩnh xây dựng đất nước trong thời kỳ quá độ lên chủ nghĩa xã hội (bổ sung, phát triển năm 2011)',1),
(91,69,'A. Đúng',1),
(92,69,'B. Sai',0),
(93,70,'A. Đúng',1),
(94,70,'B. Sai',0),
(95,71,'A. Đúng',1),
(96,71,'B. Sai',0),
(97,72,'A. Đúng',1),
(98,72,'B. Sai',0),
(99,72,'-----',0);

/*Table structure for table `olala3w_article` */

DROP TABLE IF EXISTS `olala3w_article`;

CREATE TABLE `olala3w_article` (
  `article_id` int(11) NOT NULL AUTO_INCREMENT,
  `article_menu_id` int(11) NOT NULL,
  `name` varchar(255) NOT NULL,
  `title` varchar(255) NOT NULL,
  `description` varchar(255) NOT NULL,
  `keywords` text NOT NULL,
  `folder` varchar(255) NOT NULL,
  `img` varchar(255) NOT NULL DEFAULT '-no-',
  `img_note` varchar(255) NOT NULL,
  `address` varchar(255) NOT NULL,
  `price` float NOT NULL DEFAULT 0,
  `upload_id` bigint(20) NOT NULL DEFAULT 0,
  `comment` text NOT NULL,
  `content` longtext NOT NULL,
  `is_active` int(1) NOT NULL DEFAULT 1,
  `hot` int(1) NOT NULL DEFAULT 0,
  `views` bigint(20) NOT NULL DEFAULT 1,
  `created_time` int(11) NOT NULL DEFAULT 0,
  `user_id` int(11) NOT NULL DEFAULT 0,
  `modified_time` int(11) NOT NULL DEFAULT 0,
  `modified_user` int(11) NOT NULL DEFAULT 0,
  PRIMARY KEY (`article_id`)
) ENGINE=MyISAM AUTO_INCREMENT=857 DEFAULT CHARSET=utf8;

/*Data for the table `olala3w_article` */

insert  into `olala3w_article`(`article_id`,`article_menu_id`,`name`,`title`,`description`,`keywords`,`folder`,`img`,`img_note`,`address`,`price`,`upload_id`,`comment`,`content`,`is_active`,`hot`,`views`,`created_time`,`user_id`,`modified_time`,`modified_user`) values 
(836,423,'Lê Thẩm Dương','','','','','u_1718634040_871647009f318990566151c97efe516c.jpg','','',0,1564,'Tiến sĩ','<p>TS. Lê Thẩm Dương được biết đến không chỉ là một giảng viên xuất sắc của Khoa Quản trị Kinh doanh, Đại học Ngân Hàng TP. HCM mà còn được biết đến với một thương hiệu là một diễn giả chuyên nghiệp, một chuyên gia hàng đầu trong nhiều lĩnh vực đào tạo, hoạt động thực tiễn...</p>\r\n\r\n<p>• Năm 1982-1989: Giảng viên, Học viện Ngân hàng, Hà Nội</p>\r\n\r\n<p>• Năm 1989-1998: Giảng viên, Đại học Ngân hàng, Tp.HCM</p>\r\n\r\n<p>• Năm 1998-2005, Giảng viên, Phó Trưởng khoa, Khoa Tín dụng Ngân hàng, ĐH Ngân hàng Tp.HCM</p>\r\n\r\n<p>• Năm 2005-nay, Giảng viên, Trưởng khoa, Khoa Quản trị Kinh doanh, ĐH Ngân hàng Tp.HCM</p>\r\n\r\n<p>• Thành viên của tổ viết bài của Thống đốc Ngân hàng Nhà nước Việt Nam (1 trong 8 thành viên). Giảng viên chính Chương trình Cấp Chứng chỉ Hành nghề của Uỷ ban Chứng khoán Nhà nước. Tư vấn Nghiệp vụ và Quản trị cho các NHTM như NH Nông nghiệp Tân Bình, NH Miền Tây, NH Công Thương. Tư vấn Quản trị cho Báo Tuổi trẻ, Bưu điện Đồng Nai, Hoàng Anh Gia lai, Mai Linh...</p>\r\n\r\n<p>• Khách mời thường xuyên (hơn 2 lần/tuần) về mảng Kinh doanh và Chứng khoán của Đài Truyền hình Việt Nam VTV, VTV9 và các Đài Truyền hình địa phương HTV, BTV. Khách mời, chủ toạ thường xuyên của các diễn đàn cấp Quốc gia và khu vực như diễn đàn “Triển vọng Kinh tế 2008/2009, 2009/2010/ 2011, tìm vốn cho doanh nghiệp vừa và nhỏ, Thị trường Chứng khoán Việt Nam qua từng giai đoạn, các giải pháp hạn chế lạm phát,...</p>\r\n\r\n<p>• Thường xuyên tham gia trả lời Trực tuyến trên Tuổi Trẻ online và Thanh niên online về Kinh tế, hoạt động Kinh doanh và Thị trường Chứng khoán. Giảng viên thỉnh giảng thường xuyên các Chương trình Đào tạo ngắn ngày của Học viện Kent, Trung tâm Bồi dưỡng Nghiệp vụ Đại học Ngân hàng Tp.HCM, Trung tâm CPE Đà Nẵng, ImPak...</p>\r\n\r\n<p>• Trực tiếp giảng dạy và tư vấn cho các NH thường xuyên 8 khóa/ năm, tại trường Đại học NH TPHCM. Trực tiếp giảng dạy tại các NH BIDV, Nông nghiệp &amp; Phát triển Nông thôn, Công Thương Việt Nam, Ngoại thương Việt Nam – với số lượng lớn các chi nhánh – và các Ngân hàng Cổ phần, Dầu khí, Nam Á, Á Châu, Việt Á...</p>\r\n',1,0,38,1476495960,1,1477321611,0),
(837,423,'Nguyễn Danh Tú','','','','admin\\11-2016\\','u_1718634040_871647009f318990566151c97efe516c.jpg','','',0,1565,'Giảng viên','<p>Nguyên Giám đốc tài chính cho Doanh nghiệp có hơn 600 nhân viên</p>\r\n\r\n<p>15+ năm kinh nghiệm giảng dạy tại Đại học Bách Khoa Hà Nội và BKIndex</p>\r\n\r\n<p>5+ năm kinh nghiệm trong lĩnh vực sư phạm và đào tạo trên môi trường trực tuyến E-learning.</p>\r\n\r\n<p>12+ năm kinh nghiệm trong lĩnh vực Tin học văn phòng trong công việc và cải tiến quy trình</p>\r\n\r\n<p>20+ khóa học dành riêng cho người đi làm với chuyên đề Excel.</p>\r\n\r\n<p>100+ khóa giảng dạy chuyên đề, kỹ năng về ứng dụng CNTT trong làm việc</p>\r\n',1,0,1,1476496200,1,1480264828,1),
(851,420,'Học tiếng Anh: Michelle Obama sẽ không chạy đua vào Nhà Trắng','','','','admin\\12-2016\\','hoc-tieng-anh-michelle-obama-se-khong-chay-dua-vao-nha-trang-851.jpg','','',0,1589,'Theo Obama, một trong những việc chắc chắn nhất cuộc đời ông là Michelle sẽ không tranh cử tổng thống. Nghe video và điền từ còn thiếu vào chỗ trống.','<div>\r\n<p>Since you can’t run again for another term, is there any way that we as a group can talk the First Lady into running?</p>\r\n\r\n<p>Obama: No. Let me tell you, there are 3 things that are certain in life. …(1)…, taxes and Michelle is not running for …(2)…&nbsp;That I can tell you. But you know what, the First Lady, though, the work she’s done around&nbsp;reducing childhood obesity, the work that she and Jill Biden have done on&nbsp;military families&nbsp;and making sure they get …(3)…, I could not be prouder of her. And I am …(3)…&nbsp;that she’s going to be really active as a First Lady.</p>\r\n\r\n<p>Not only she is going to be a very…(4)… &nbsp;ex-First Lady, but unlike me, she looks …(4)…&nbsp;I was looking at a …(5)…&nbsp;picture – actually, we found the old video from our …(5)…&nbsp;We’ve been married 23 years now. And so my&nbsp;mother-in-law&nbsp;had been going through some&nbsp;storage stuff&nbsp;and found our …(6)…&nbsp;And I popped it in. And I look like a teenager and realize, boy, I sure&nbsp;have aged. I know that, though. But Michelle looked&nbsp;identical. Well, I’m proud of her, too, because most importantly she’s been an unbelievable …(7)…, which is why my daughters turned out so well.</p>\r\n\r\n<p><u><strong>Từ mới:</strong></u></p>\r\n\r\n<p>reducing childhood obesity: giảm béo phì ở trẻ em</p>\r\n\r\n<p>military families: gia đình quân nhân</p>\r\n\r\n<p>mother-in-law: mẹ vợ, mẹ chồng</p>\r\n\r\n<p>storage stuff: vật lưu trữ</p>\r\n\r\n<p>have aged: có tuổi, già đi</p>\r\n\r\n<p>identical: giống hệt</p>\r\n</div>\r\n\r\n<p style=\"text-align: right;\"><strong>Phiêu Linh</strong></p>\r\n',0,0,36,1480867020,1,1721265970,1),
(849,430,'Phần mềm 1','','','','admin\\11-2016\\','-no-','','',0,1587,'','<p>Đang cập nhật...</p>\r\n',1,0,30,1480263540,1,1480264537,1),
(841,413,'Giới thiệu chung','','','','','-no-','','',0,1569,'','<h2 style=\"text-align: center;\">Giới thiệu chung</h2>\r\n\r\n<p>Edumall tự hào là \"siêu thị\" các khóa học trực tuyến ngắn hạn lớn nhất tại Việt Nam.</p>\r\n\r\n<h3 style=\"text-align: center;\">Kho học trực tuyến khổng lồ Edumall</h3>\r\n\r\n<p>Với hàng nghìn khóa học thuộc đủ các lĩnh vực học tập khác nhau mang tính ứng dụng cao như: Công nghệ thông tin, Kinh doanh khởi nghiệp, Phát triển cá nhân, Marketing, Design, Nuôi dạy con ..., học viên có thể dễ dàng lựa chọn được khóa học phù hợp với nhu cầu học tập của mình với chi phí chỉ bằng 1/5 chi phí tại các lớp học truyền thống.</p>\r\n\r\n<p>Không cần chờ mở lớp, không phải băn khoăn thời gian học, không lo hết hạn, học viên hoàn toàn chủ động về thời gian học tập. Chỉ với các thiết bị có kết nối internet: máy tính, điện thoại, iPad, tablet, ..., học viên có thể đăng nhập vào lớp học và tận hưởng thời gian học tập bổ ích ngay bất kì nơi đâu.</p>\r\n\r\n<h3 style=\"text-align: center;\">Chỉ có tại Edumall</h3>\r\n\r\n<p>Tài khoản học tập trọn đời với thời gian học tập không giới hạn</p>\r\n\r\n<p>Các bài giảng trong chương trình đều đạt chuẩn quốc tế và được giảng dạy bởi các giảng viên, diễn giả, chuyên gia hàng đầu Việt Nam như Tiến sĩ kinh tế Lê Thẩm Dương, Th.S Trần Nam Anh, MC Phan Phúc Thắng, Th.S Trần Thị Ái Liên, Th.S Nguyễn Danh Tú ... Học viên có thể học mọi lúc, mọi nơi thông qua các thiết bị số (điện thoại, máy tính,…) với các bài học đạt chuẩn chất lượng HD đi kèm với hệ thống hỗ trợ kĩ thuật và chăm sóc khách hàng nhiệt tình và chuyên nghiệp.</p>\r\n\r\n<p>Chúng tôi cũng cam kết hoàn 100% học phí cho học viên theo chính sách hoàn học phí của Edumall.</p>\r\n',1,0,112,1476976860,1,1520764445,25),
(842,414,'Làm thế nào để kích hoạt được khoá học trên e-Learning?','','','','','-no-','','',0,1570,'','<p>Đang cập nhật...</p>\r\n',1,0,1,1476976980,1,1476977106,0),
(843,414,'Mã kích hoạt được sử dụng bao nhiêu lần?','','','','','-no-','','',0,1571,'','<p>Đang cập nhật...</p>\r\n',1,0,1,1476975900,1,1476977191,0),
(844,414,'Làm sao để đăng ký và đăng nhập vào e-Learning?','','','','','-no-','','',0,1572,'','<p>Đang cập nhật...</p>\r\n',1,0,3,1476976200,1,1476977181,0),
(845,415,'Điều khoản sử dụng','','','','','-no-','','',0,1573,'','<h2 style=\"text-align: center;\">Điều khoản sử dụng</h2>\r\n\r\n<p>Về tài khoản sử dụng: Khi đăng ký tài khoản, người sử dụng (NSD) phải cung cấp đầy đủ và chính xác thông tin về Tên, Email, Số điện thoại... Đây là những thông tin bắt buộc liên quan tới việc hỗ trợ NSD trong quá trình sử dụng dịch vụ tại Edumall.vn. Vì vậy khi có những rủi ro, mất mát sau này, Edumall chỉ tiếp nhận những trường hợp điền đúng và đầy đủ những thông tin trên. Những trường hợp điền thiếu thông tin hoặc thông tin sai sự thật sẽ không được giải quyết. Những thông tin này sẽ được dùng làm căn cứ để hỗ trợ giải quyết.</p>\r\n\r\n<p>Mật khẩu của tài khoản (MKTK): Sau khi thanh toán, Trong phần quản lý tài khoản, đối với một tài khoản, NSD sẽ có một mật khẩu. Mật khẩu được sử dụng để đăng nhập vào các website và các dịch vụ trong hệ thống của Edumall. NSD có trách nhiệm phải tự mình bảo quản mật khẩu, nếu mật khẩu bị lộ ra ngoài dưới bất kỳ hình thức nào, Edumall sẽ không chịu trách nhiệm về mọi tổn thất phát sinh.</p>\r\n\r\n<p>Tuyệt đối không sử dụng bất kỳ chương trình, công cụ hay hình thức nào khác để can thiệp vào các khóa học của Edumall. Mọi vi phạm khi bị phát hiện sẽ bị xóa tài khoản và có thể xử lý theo quy định của pháp luật.</p>\r\n\r\n<p>Nghiêm cấm việc phát tán, truyền bá hay cổ vũ cho bất kỳ hoạt động nào nhằm can thiệp, phá hoại hay xâm nhập vào dữ liệu của các khóa học trong hệ thống của Edumall. Nghiêm cấm việc sử dụng chung tài khoản. Việc trên 2 người cùng sử dụng chung một tài khoản khi bị phát hiện sẽ bị xóa tài khoản ngay lập tức.</p>\r\n\r\n<p>Nghiêm cấm việc phát tán nội dung các bài học trên hệ thống của Edumall ra bên ngoài. Mọi vi phạm khi bị phát hiện sẽ bị xóa tài khoản và có thể xử lý theo quy định của pháp luật về việc vi phạm bản quyền.</p>\r\n\r\n<p>Không được có bất kỳ hành vi nào nhằm đăng nhập trái phép hoặc tìm cách đăng nhập trái phép cũng như gây thiệt hại cho hệ thống máy chủ của Edumall. Mọi hành vi này đều bị xem là những hành vi phá hoại tài sản của người khác và sẽ bị tước bỏ mọi quyền lợi đối với tài khoàn cũng như sẽ bị truy tố trước pháp luật nếu cần thiết.</p>\r\n\r\n<p>Khi giao tiếp với người dùng khác trong hệ thống dịch vụ của Edumall, NSD không được quấy rối, chửi bới, làm phiền hay có bất kỳ hành vi thiếu văn hoá nào đối với người khác. Tuyệt đối nghiêm cấm việc xúc phạm, nhạo báng người khác dưới bất kỳ hình thức nào (nhạo báng, chê bai, kỳ thị tôn giáo, giới tính, sắc tộc….).</p>\r\n\r\n<p>Tuyệt đối nghiêm cấm mọi hành vi mạo nhận hay cố ý làm người khác tưởng lầm mình là một người sử dụng khác trong hệ thống dịch vụ của Edumall. Mọi hành vi vi phạm sẽ bị xử lý hoặc xóa tài khoản.</p>\r\n\r\n<p>Khi phát hiện những vi phạm như vi phạm bản quyền, hoặc những lỗi vi phạm quy định khác, Edumall có quyền sử dụng những thông tin mà NSD cung cấp khi đăng ký tài khoản để chuyển cho Cơ quan chức năng giải quyết theo quy định của pháp luật.</p>\r\n\r\n<p>Trong những trường hợp bất khả kháng như chập điện, hư hỏng phần cứng, phần mềm, hoặc do thiên tai .v.v. NSD phải chấp nhận những thiệt hại nếu có.</p>\r\n\r\n<p>Tuyệt đối nghiêm cấm mọi hành vi tuyên truyền, chống phá và xuyên tạc chính quyền, thể chế chính trị, và các chính sách của Nhà nước... Trường hợp phát hiện, không những bị xóa bỏ tài khoản mà chúng tôi còn có thể cung cấp thông tin của NSD đó cho các cơ quan chức năng để xử lý theo pháp luật.</p>\r\n\r\n<p>Tuyệt đối không bàn luận về các vấn đề chính trị, kỳ thị tôn giao, kỳ thị sắc tộc. Không có những hành vi, thái độ làm tổn hại đến uy tín của các sản phẩm, dịch vụ, khóa học trong hệ thống Edumall dưới bất kỳ hình thức nào, phương thức nào. Mọi vi phạm sẽ bị tước bỏ mọi quyền lợi liên quan đối với tài khoản hoặc xử lý trước pháp luật nếu cần thiết. Mọi thông tin cá nhân của NSD sẽ được chúng tôi bảo mật, không tiết lộ ra ngoài. Chúng tôi không bán hay trao đổi những thông tin này với bất kỳ một bên thứ ba nào khác. Như trên đã nói, mọi thông tin đăng ký của NSD sẽ được bảo mật, nhưng trong trường hợp cơ quan chức năng yêu cầu, chúng tôi sẽ buộc phải cung cấp những thông tin này cho các cơ quan chức năng.</p>\r\n\r\n<p>Edumall có toàn quyền xóa, sửa chữa hay thay đổi các dữ liệu, thông tin tài khoản của NSD trong các trường hợp người đó vi phạm những qui định kể trên mà không cần sự đồng ý của người sử dụng.</p>\r\n\r\n<p>Edumall có thể thay đổi, bổ sung hoặc sửa chữa thỏa thuận này bất cứ lúc nào và sẽ công bố rõ trên Website hoặc các kênh truyền thông chính thức khác của Edumall.</p>\r\n',1,0,28,1476983460,1,1476983649,0),
(854,413,'Nội dung mới 123...','','','','dev\\03-2018\\','-no-','','',0,1597,'','',0,0,1,1520784300,25,1520784336,0),
(856,423,'Lê Bá Huy','','','','','-no-','','',0,0,'Thạc sĩ','',1,0,1,1520784300,0,0,0);

/*Table structure for table `olala3w_article_menu` */

DROP TABLE IF EXISTS `olala3w_article_menu`;

CREATE TABLE `olala3w_article_menu` (
  `article_menu_id` int(11) NOT NULL AUTO_INCREMENT,
  `category_id` int(11) NOT NULL,
  `name` varchar(255) NOT NULL,
  `slug` varchar(255) NOT NULL DEFAULT 'not-found',
  `title` varchar(255) NOT NULL,
  `description` varchar(255) NOT NULL,
  `keywords` text NOT NULL,
  `parent` int(11) NOT NULL DEFAULT 0,
  `sort` int(11) NOT NULL DEFAULT 1,
  `comment` text NOT NULL,
  `icon` varchar(255) NOT NULL,
  `is_active` int(1) NOT NULL DEFAULT 1,
  `hot` int(1) NOT NULL DEFAULT 0,
  `folder` varchar(255) NOT NULL,
  `img` varchar(255) NOT NULL DEFAULT '-no-',
  `created_time` int(11) NOT NULL DEFAULT 0,
  `user_id` int(11) NOT NULL DEFAULT 0,
  `modified_time` int(11) NOT NULL DEFAULT 0,
  `modified_user` int(11) NOT NULL DEFAULT 0,
  PRIMARY KEY (`article_menu_id`)
) ENGINE=MyISAM AUTO_INCREMENT=437 DEFAULT CHARSET=utf8;

/*Data for the table `olala3w_article_menu` */

insert  into `olala3w_article_menu`(`article_menu_id`,`category_id`,`name`,`slug`,`title`,`description`,`keywords`,`parent`,`sort`,`comment`,`icon`,`is_active`,`hot`,`folder`,`img`,`created_time`,`user_id`,`modified_time`,`modified_user`) values 
(430,94,'Phần mềm hỗ trợ học tập','phan-mem-ho-tro-hoc-tap','','','',0,7,'','mdi-puzzle',1,1,'admin\\11-2016\\','-no-',1480263562,1,1480264743,1),
(425,95,'Toán học','toan-hoc','','','',0,3,'','',1,0,'','-no-',1476462465,1,1476462465,0),
(424,95,'Ngoại ngữ','ngoai-ngu','','','',0,2,'','',1,0,'','-no-',1476462456,1,1476462456,0),
(423,95,'Công nghệ thông tin','cong-nghe-thong-tin','','','',0,1,'','',1,0,'','-no-',1476462441,1,1476462441,0),
(413,94,'Giới thiệu','gioi-thieu','','','',0,1,'','',1,0,'','-no-',1476296765,1,1480263708,0),
(414,94,'Câu hỏi thường gặp','cau-hoi-thuong-gap','','','',0,2,'','',1,0,'','-no-',1476296774,1,1476296774,0),
(415,94,'Điều khoản sử dụng','dieu-khoan-su-dung','','','',0,3,'','',1,0,'','-no-',1476296785,1,1480263745,0),
(416,94,'Quy chế hoạt động','quy-che-hoat-dong','','','',0,4,'','',1,0,'','-no-',1476296795,1,1476978570,0),
(417,94,'Chính sách bảo mật','chinh-sach-bao-mat','','','',0,5,'','',1,0,'','-no-',1476296805,1,1476296805,0),
(427,94,'Chính sách thành viên','chinh-sach-thanh-vien','','','',0,6,'','',1,0,'admin\\11-2016\\','-no-',1476986619,1,1479756947,1),
(420,90,'Tin hoạt động','tin-hoat-dong','','','',0,1,'','',1,0,'','-no-',1476296848,1,1520764363,25),
(421,90,'Sự kiện nổi bật','su-kien-noi-bat','','','',0,2,'','',1,0,'','-no-',1476296861,1,1480131606,0),
(431,90,'Level 1','level-1','','','',420,1,'','',1,0,'admin\\12-2016\\','-no-',1481448132,1,1481448132,0),
(432,90,'Level 2','level-2','','','',420,2,'','',1,0,'admin\\12-2016\\','-no-',1481448138,1,1481448138,0),
(436,94,'Kiểm thử 123...','kiem-thu-123','','','',0,9,'','',0,0,'dev\\03-2018\\','-no-',1520782348,25,1520782348,0);

/*Table structure for table `olala3w_bds_business` */

DROP TABLE IF EXISTS `olala3w_bds_business`;

CREATE TABLE `olala3w_bds_business` (
  `bds_business_id` int(11) NOT NULL AUTO_INCREMENT,
  `bds_business_menu_id` int(11) NOT NULL,
  `type_show` int(1) NOT NULL DEFAULT 0,
  `name` varchar(255) NOT NULL,
  `project` int(11) NOT NULL DEFAULT 0,
  `street` varchar(255) NOT NULL,
  `street_slug` varchar(255) NOT NULL,
  `road` int(11) NOT NULL DEFAULT 0,
  `floors` int(11) NOT NULL DEFAULT 0,
  `view_direction` int(11) NOT NULL DEFAULT 0,
  `view_scene` varchar(255) NOT NULL,
  `direction` int(11) NOT NULL DEFAULT 0,
  `location` int(11) NOT NULL DEFAULT 0,
  `geo_radius` int(11) NOT NULL DEFAULT 0,
  `area_land` double NOT NULL DEFAULT 0,
  `area_use` double NOT NULL DEFAULT 0,
  `price_total_land` bigint(20) NOT NULL DEFAULT 0,
  `price_unit_land` bigint(20) NOT NULL DEFAULT 0,
  `price_house` bigint(20) NOT NULL DEFAULT 0,
  `price_house_m2` int(20) NOT NULL DEFAULT 0,
  `price_total_house_land` bigint(20) NOT NULL,
  `transactions_deposit` bigint(20) NOT NULL DEFAULT 0,
  `transactions_duration` varchar(255) NOT NULL,
  `transactions_contract` int(1) NOT NULL DEFAULT 0,
  `transactions_type` int(1) NOT NULL DEFAULT 0,
  `purpose_use_land` varchar(255) NOT NULL,
  `law_land` int(11) NOT NULL DEFAULT 0,
  `parallel_price` text NOT NULL,
  `infrastructure_lights` varchar(255) NOT NULL,
  `infrastructure_water` varchar(255) NOT NULL,
  `infrastructure_view` varchar(255) NOT NULL,
  `infrastructure_land` int(11) NOT NULL DEFAULT 0,
  `infrastructure_floors` int(11) NOT NULL DEFAULT 0,
  `type_house` int(11) NOT NULL DEFAULT 0,
  `social_05km` text NOT NULL,
  `social_1km` text NOT NULL,
  `social_3km` text NOT NULL,
  `social_10km` text NOT NULL,
  `social_street` text NOT NULL,
  `social_educate` text NOT NULL,
  `created_time` int(11) NOT NULL DEFAULT 0,
  `expiration_time` int(11) NOT NULL DEFAULT 0,
  `status` int(1) NOT NULL DEFAULT 0,
  `transactors` int(1) NOT NULL DEFAULT 0,
  `contact_name` varchar(255) NOT NULL,
  `contact_tell` varchar(20) NOT NULL,
  `contact_email` varchar(255) NOT NULL,
  `upload_id` bigint(20) NOT NULL DEFAULT 0,
  `upload_idd` bigint(20) NOT NULL DEFAULT 0,
  `is_active` int(1) NOT NULL DEFAULT 1,
  `views` bigint(20) NOT NULL DEFAULT 1,
  `modified_time` int(11) NOT NULL DEFAULT 0,
  `user_id` int(11) NOT NULL DEFAULT 0,
  PRIMARY KEY (`bds_business_id`)
) ENGINE=MyISAM AUTO_INCREMENT=443 DEFAULT CHARSET=utf8;

/*Data for the table `olala3w_bds_business` */

/*Table structure for table `olala3w_bds_business_menu` */

DROP TABLE IF EXISTS `olala3w_bds_business_menu`;

CREATE TABLE `olala3w_bds_business_menu` (
  `bds_business_menu_id` int(11) NOT NULL AUTO_INCREMENT,
  `category_id` int(11) NOT NULL,
  `name` varchar(255) NOT NULL,
  `slug` varchar(255) NOT NULL DEFAULT 'not-found',
  `title` varchar(255) NOT NULL,
  `description` varchar(255) NOT NULL,
  `keywords` text NOT NULL,
  `parent` int(11) NOT NULL,
  `sort` int(11) NOT NULL,
  `is_active` int(1) NOT NULL DEFAULT 1,
  `hot` int(1) NOT NULL DEFAULT 0,
  `img` varchar(255) NOT NULL DEFAULT 'no',
  `created_time` int(11) NOT NULL DEFAULT 0,
  `modified_time` int(11) NOT NULL DEFAULT 0,
  `user_id` int(11) NOT NULL DEFAULT 0,
  PRIMARY KEY (`bds_business_menu_id`)
) ENGINE=MyISAM AUTO_INCREMENT=153 DEFAULT CHARSET=utf8;

/*Data for the table `olala3w_bds_business_menu` */

/*Table structure for table `olala3w_car` */

DROP TABLE IF EXISTS `olala3w_car`;

CREATE TABLE `olala3w_car` (
  `car_id` int(11) NOT NULL AUTO_INCREMENT,
  `car_menu_id` int(11) NOT NULL,
  `name` varchar(255) NOT NULL,
  `title` varchar(255) NOT NULL,
  `description` varchar(255) NOT NULL,
  `keywords` text NOT NULL,
  `img` varchar(255) NOT NULL DEFAULT 'no',
  `img_note` varchar(255) NOT NULL,
  `upload_id` bigint(20) NOT NULL,
  `model` varchar(255) NOT NULL,
  `year` varchar(255) NOT NULL,
  `seat` varchar(255) NOT NULL,
  `seat_sort` int(11) NOT NULL DEFAULT 0,
  `color` varchar(255) NOT NULL,
  `price` bigint(15) NOT NULL,
  `sale` int(3) NOT NULL DEFAULT 0,
  `comment` text NOT NULL,
  `content` longtext NOT NULL,
  `is_active` int(1) NOT NULL DEFAULT 1,
  `hot` int(1) NOT NULL DEFAULT 0,
  `views` bigint(20) NOT NULL DEFAULT 1,
  `created_time` int(11) NOT NULL DEFAULT 0,
  `modified_time` int(11) NOT NULL DEFAULT 0,
  `user_id` int(11) NOT NULL DEFAULT 0,
  PRIMARY KEY (`car_id`)
) ENGINE=MyISAM AUTO_INCREMENT=312 DEFAULT CHARSET=utf8;

/*Data for the table `olala3w_car` */

/*Table structure for table `olala3w_car_menu` */

DROP TABLE IF EXISTS `olala3w_car_menu`;

CREATE TABLE `olala3w_car_menu` (
  `car_menu_id` int(11) NOT NULL AUTO_INCREMENT,
  `category_id` int(11) NOT NULL,
  `name` varchar(255) NOT NULL,
  `slug` varchar(255) NOT NULL DEFAULT 'not-found',
  `title` varchar(255) NOT NULL,
  `description` varchar(255) NOT NULL,
  `keywords` text NOT NULL,
  `parent` int(11) NOT NULL DEFAULT 0,
  `sort` int(11) NOT NULL DEFAULT 1,
  `comment` text NOT NULL,
  `icon` varchar(255) NOT NULL,
  `is_active` int(1) NOT NULL DEFAULT 1,
  `hot` int(1) NOT NULL DEFAULT 0,
  `img` varchar(255) NOT NULL DEFAULT 'no',
  `created_time` int(11) NOT NULL DEFAULT 0,
  `modified_time` int(11) NOT NULL DEFAULT 0,
  `user_id` int(11) NOT NULL DEFAULT 0,
  PRIMARY KEY (`car_menu_id`)
) ENGINE=MyISAM AUTO_INCREMENT=188 DEFAULT CHARSET=utf8;

/*Data for the table `olala3w_car_menu` */

/*Table structure for table `olala3w_category` */

DROP TABLE IF EXISTS `olala3w_category`;

CREATE TABLE `olala3w_category` (
  `category_id` int(11) NOT NULL AUTO_INCREMENT,
  `type_id` int(11) NOT NULL,
  `name` varchar(255) NOT NULL,
  `slug` varchar(30) NOT NULL,
  `plus` varchar(255) NOT NULL,
  `title` varchar(255) NOT NULL,
  `description` varchar(255) NOT NULL,
  `keywords` text NOT NULL,
  `comment` text NOT NULL,
  `is_active` int(1) NOT NULL DEFAULT 1,
  `hot` int(1) NOT NULL DEFAULT 0,
  `sort` int(11) NOT NULL DEFAULT 1,
  `menu_main` int(1) NOT NULL DEFAULT 0,
  `sort_hide` int(11) NOT NULL DEFAULT 1,
  `menu_sm` int(1) NOT NULL DEFAULT 0,
  `folder` varchar(255) NOT NULL,
  `img` varchar(255) NOT NULL DEFAULT '-no-',
  `icon` varchar(255) NOT NULL,
  `created_time` int(11) NOT NULL DEFAULT 0,
  `user_id` int(11) NOT NULL DEFAULT 0,
  `modified_time` int(11) NOT NULL DEFAULT 0,
  `modified_user` int(11) NOT NULL DEFAULT 0,
  PRIMARY KEY (`category_id`)
) ENGINE=MyISAM AUTO_INCREMENT=103 DEFAULT CHARSET=utf8;

/*Data for the table `olala3w_category` */

insert  into `olala3w_category`(`category_id`,`type_id`,`name`,`slug`,`plus`,`title`,`description`,`keywords`,`comment`,`is_active`,`hot`,`sort`,`menu_main`,`sort_hide`,`menu_sm`,`folder`,`img`,`icon`,`created_time`,`user_id`,`modified_time`,`modified_user`) values 
(89,6,'Khóa học','khoa-hoc','','','','','',1,0,1,1,2,0,'admin\\11-2016\\','khoa-hoc-89.jpg','fa fa-cubes fa-lg fa-fw',0,1,1479753555,0),
(90,1,'Tin tức - Sự kiện','tin-tuc','','','','','',1,0,2,1,6,0,'','-no-','fa fa-newspaper-o fa-lg fa-fw',0,1,1520764301,25),
(95,1,'Giảng viên','giang-vien','','','','','',1,0,3,0,1,0,'','-no-','',0,0,1476462420,0),
(94,1,'Về e-Learning','bai-viet','','','','','',1,0,1,1,1,0,'','-no-','fa fa-question-circle fa-lg fa-fw',0,1,1520763979,25),
(96,17,'Nghiên cứu - Trao đổi','dien-dan','','','','','',1,0,1,0,1,0,'','-no-','',0,0,0,0),
(91,2,'Slider','slider','','','','','',1,0,1,0,1,0,'','-no-','',0,0,0,0),
(97,24,'Quản lý giáo viên','teacher-manager','','','','','',1,0,1,0,1,0,'','-no-','',0,0,0,0),
(98,17,'Trang chủ','home','','','','','',1,0,1,0,1,0,'','-no-','',0,0,0,0),
(99,17,'Kiến thức','home','','','','','',1,0,1,0,1,0,'','-no-','',0,0,0,0),
(100,17,'Tư liệu - Bài học','home','','','','','',1,0,1,0,1,0,'','-no-','',0,0,0,0),
(101,6,'Kiểm tra','examination','','','','','',1,0,1,0,1,0,'','-no-','',0,0,0,0),
(102,0,'','','','','','','',1,0,1,0,1,0,'','-no-','',0,0,0,0);

/*Table structure for table `olala3w_category_type` */

DROP TABLE IF EXISTS `olala3w_category_type`;

CREATE TABLE `olala3w_category_type` (
  `type_id` int(11) NOT NULL AUTO_INCREMENT,
  `name` varchar(255) NOT NULL,
  `slug` varchar(30) NOT NULL,
  `sort` int(11) NOT NULL DEFAULT 1,
  `is_active` int(1) NOT NULL DEFAULT 1,
  PRIMARY KEY (`type_id`)
) ENGINE=MyISAM AUTO_INCREMENT=25 DEFAULT CHARSET=utf8;

/*Data for the table `olala3w_category_type` */

insert  into `olala3w_category_type`(`type_id`,`name`,`slug`,`sort`,`is_active`) values 
(1,'Bài viết','article_manager',1,1),
(2,'Hình ảnh','gallery_manager',2,1),
(7,'Đăng ký email','register_email',9,0),
(6,'Bài giảng','product_manager',3,1),
(8,'Booking online','order_list',7,0),
(9,'Tour du lịch','tour_manager',5,0),
(10,'Đồ lưu niệm','gift_manager',0,0),
(11,'Thuê xe','car_manager',6,0),
(12,'Vị trí địa lý','location_manager',0,0),
(13,'Dữ liệu đường phố','street_manager',0,0),
(14,'Dữ liệu phương hướng','direction_manager',0,0),
(15,'Dữ liệu khác','others_manager',5,0),
(16,'Chiều rộng đường','road_manager',0,0),
(17,'Diễn đàn','forum_manager',4,1),
(18,'BĐS kinh doanh','bds_business_manager',0,0),
(19,'Dữ liệu tên dự án','prjname_manager',0,0),
(20,'Thư liên hệ','contact_list',8,0),
(21,'Văn bản / Tài liệu','document_manager',3,0),
(22,'Thư viện đề thi','library_list',6,1),
(23,'Kiểm tra - Kết quả','examination_list',6,1),
(24,'Quản lý giáo viên','teacher_manager',5,1);

/*Table structure for table `olala3w_constant` */

DROP TABLE IF EXISTS `olala3w_constant`;

CREATE TABLE `olala3w_constant` (
  `constant_id` int(11) NOT NULL AUTO_INCREMENT,
  `constant` varchar(50) NOT NULL,
  `value` text NOT NULL,
  `name` varchar(255) NOT NULL,
  `type` int(2) NOT NULL DEFAULT 0,
  `sort` int(11) NOT NULL,
  PRIMARY KEY (`constant_id`)
) ENGINE=MyISAM AUTO_INCREMENT=95 DEFAULT CHARSET=utf8;

/*Data for the table `olala3w_constant` */

insert  into `olala3w_constant`(`constant_id`,`constant`,`value`,`name`,`type`,`sort`) values 
(1,'date','d/m/Y','Kiểu hiển thị ngày tháng năm',3,1),
(2,'time','H:i','Kiểu hiển thị giờ phút',3,2),
(3,'timezone','Asia/Bangkok','Múi giờ',3,4),
(4,'title','Khóa học trực tuyến | Trung tâm e-Learning','Title (trang chủ)',0,1),
(5,'description','Học trực tuyến cùng với những Giảng viên hàng đầu. Học online 24/7 - Tự tin làm chủ tương lai. Thư viện bài giảng trực tuyến | Trung tâm e-Learning.','Description (trang chủ)',0,2),
(6,'keywords','Khóa học trực tuyến,khóa học,bài giảng,Trung tâm e-Learning,e-Learning','Keywords (trang chủ)',0,3),
(74,'script_body','','Script sau body',4,6),
(76,'link_linkedin','','LinkedIn',5,5),
(7,'email_contact','huyto.qng@gmail.com','Email',0,8),
(8,'tell_contact','+84 974 779 085','Điện thoại',0,9),
(9,'fulldate','D, d/m/Y','Kiểu hiển ngày đầy đủ',3,3),
(10,'SMTP_username','olala.3w@gmail.com','Tài khoản email',1,0),
(11,'SMTP_password','gmail@olala.3w','Mật khẩu email',1,0),
(12,'error_page','<p>Vì lý do kỹ&nbsp;thuật website tạm ngưng&nbsp;hoạt động. Thành thật xin lỗi các bạn&nbsp;vì sự bất tiện này!</p>\r\n','Thông báo ngừng hoạt động',0,19),
(13,'file_logo','/uploads/images/site/logo.png','Logo front-end',0,4),
(14,'SMTP_secure','ssl','Sử dụng xác thực',1,0),
(15,'SMTP_host','smtp.gmail.com','Máy chủ (SMTP) Thư gửi đi',1,0),
(16,'SMTP_port','465','Cổng gửi mail',1,0),
(17,'backup_auto','day','Tự động sao lưu',2,0),
(18,'backup_filetype','sql.gz','Định dạng lưu file CSDL',2,0),
(19,'backup_filecount','7','Số file CSDL lưu lại',2,0),
(20,'backup_email','','Email nhận thông báo và file',2,0),
(21,'SMTP_mailname','Nguonnhadat.com.vn','Tên tài khoản email',1,0),
(22,'link_facebook','https://www.facebook.com','Facebook',5,1),
(23,'link_googleplus','https://plus.google.com','Google+',5,2),
(24,'link_twitter','https://www.youtube.com','Twitter',5,3),
(25,'address_contact','Đà Nẵng, Việt Nam','Địa chỉ',0,11),
(73,'script_bottom','','Script cuối trang',4,7),
(26,'content_registertry','','Email đăng ký học thử',13,17),
(27,'author_google','','ID profile Google+',4,1),
(28,'google_analytics','','Google analytics',4,4),
(29,'chat_online','','Script Chat Online',4,5),
(30,'english_test','','Kiểm tra tiếng Anh của bạn',13,18),
(31,'google_calendar','','Google Calendar (Account)',4,3),
(32,'help_address','killlllme@gmail.com,0974.779.085,huy.to.bsn,mr.killlllme','Tư vấn - Địa chỉ',13,8),
(33,'help_icon','fa-envelope-o,fa-phone,fa-skype,fa-facebook','Tư vấn - Icon',13,9),
(34,'link_youtube','','Youtube',5,4),
(35,'search_destination','Hà Nội,Đà Nẵng,Hồ Chí Minh,Phú Quốc,Nha Trang,Hạ Long,Đà Lạt,Phong Nha Kẻ Bàng,Côn đảo Vũng Tàu,Thái Lan,Singapore,Malaysia,Campuchia,Trung Quốc,Nhật Bản,Hàn Quốc,Hà Lan,Myanmar,Úc,Hong Kong,Philippines,Indonesia,Đài Loan,Châu Á,Châu Âu,Châu Mỹ,Châu Phi,Châu Úc','Điểm đến (Tìm kiếm tour)',13,8),
(36,'search_day','1 Ngày,1 Ngày 1 Đêm,2 Ngày,2 Ngày 1 Đêm,3 Ngày,3 Ngày 2 Đêm,4 Ngày,4 Ngày 3 Đêm,5 Ngày,5 Ngày 4 Đêm,6 Ngày,6 Ngày 5 Đêm,7 Ngày,7 Ngày 6 Đêm,8 Ngày,8 Ngày 7 Đêm,9 Ngày,9 Ngày 8 Đêm,10 Ngày,10 Ngày 9 Đêm,11 Ngày,11 Ngày 10 Đêm,12 Ngày,12 Ngày 11 Đêm,1 Tuần,2 Tuần,3 Tuần,1 Tháng,2 Tháng,3 Tháng','Thời gian (Tìm kiếm tour)',13,9),
(75,'fb_app_id','','Facebook App ID',4,2),
(77,'upload_img_max_w','1900','Kích thước ảnh tối đa',6,1),
(78,'upload_max_size','17179869184','Dung lượng tối đa',6,2),
(79,'upload_checking_mode','mild','Kiểu kiểm tra file tải lên',6,3),
(80,'upload_type','1,2,3,4,5,6,7,8,9,10,11','Loại files cho phép',6,4),
(81,'upload_ext','','Phần mở rộng bị cấm',6,5),
(82,'upload_mime','','Loại mime bị cấm',6,6),
(83,'upload_img_max_h','594','Kích thước ảnh tối đa',6,1),
(84,'upload_auto_resize','1','Tự động resize ảnh',6,1),
(85,'article_author','','Property = article:author',4,2),
(86,'meta_author','e-Learning','Meta author',0,4),
(88,'meta_site_name','Trung tâm học trực tuyến eLearning','Meta site name',0,5),
(89,'meta_copyright','© Copyright 2024 e-Learning','Meta copyright',0,6),
(90,'image_thumbnailUrl','/uploads/images/site/Nguon-nha-dat-Da-Nang.jpg','Image : thumbnailUrl',0,7),
(91,'skype_contact','huyto.qng','Skype',0,10),
(92,'link_instagram','','Instagram',5,6),
(93,'test_count','10','Số câu hỏi',7,1),
(94,'test_time','30','Thời gian làm bài (phút)',7,2);

/*Table structure for table `olala3w_contact` */

DROP TABLE IF EXISTS `olala3w_contact`;

CREATE TABLE `olala3w_contact` (
  `contact_id` int(11) NOT NULL AUTO_INCREMENT,
  `name` varchar(255) NOT NULL,
  `address` varchar(255) NOT NULL,
  `email` varchar(255) NOT NULL,
  `phone` varchar(20) NOT NULL,
  `content` text NOT NULL,
  `is_active` int(1) NOT NULL DEFAULT 1,
  `ip` varchar(255) NOT NULL,
  `icon` varchar(255) NOT NULL DEFAULT 'fa-send-o',
  `created_time` int(11) NOT NULL DEFAULT 0,
  `modified_time` int(11) NOT NULL DEFAULT 0,
  PRIMARY KEY (`contact_id`)
) ENGINE=InnoDB AUTO_INCREMENT=2 DEFAULT CHARSET=utf8;

/*Data for the table `olala3w_contact` */

insert  into `olala3w_contact`(`contact_id`,`name`,`address`,`email`,`phone`,`content`,`is_active`,`ip`,`icon`,`created_time`,`modified_time`) values 
(1,'','','','','',1,'','fa-send-o',0,0);

/*Table structure for table `olala3w_core_privilege` */

DROP TABLE IF EXISTS `olala3w_core_privilege`;

CREATE TABLE `olala3w_core_privilege` (
  `privilege_id` bigint(20) NOT NULL AUTO_INCREMENT,
  `role_id` int(11) NOT NULL DEFAULT 0,
  `type` varchar(30) NOT NULL,
  `privilege_slug` varchar(50) NOT NULL,
  PRIMARY KEY (`privilege_id`)
) ENGINE=MyISAM AUTO_INCREMENT=5488 DEFAULT CHARSET=utf8;

/*Data for the table `olala3w_core_privilege` */

insert  into `olala3w_core_privilege`(`privilege_id`,`role_id`,`type`,`privilege_slug`) values 
(330,2,'core','core_mail'),
(5486,1,'core','core_dashboard'),
(5485,1,'core','core_user'),
(3022,12,'core','core_role'),
(3023,12,'core','core_user'),
(3024,12,'core','core_dashboard'),
(3025,12,'core','core_mail'),
(5441,1,'examination','examination_logs'),
(5440,1,'examination','examination_del'),
(5475,1,'category','plugin_page'),
(5484,1,'core','core_role'),
(5414,1,'library','library_del'),
(4810,1,'info','sys_info_expansion'),
(4809,1,'info','sys_info_php'),
(4808,1,'info','sys_info_site'),
(4807,1,'info','sys_info_diary'),
(4806,1,'tool','tool_update'),
(4805,1,'tool','tool_ipdie'),
(4804,1,'tool','tool_keywords'),
(4803,1,'tool','tool_site'),
(4802,1,'tool','tool_delete'),
(5481,1,'config','config_socialnetwork'),
(5480,1,'config','config_plugins'),
(5479,1,'config','config_datetime'),
(5478,1,'config','config_smtp'),
(5451,1,'backup','backup_config'),
(5450,1,'backup','backup_data'),
(4897,1,'pages','plugin_page_add'),
(4896,1,'pages','plugin_page_active'),
(5393,1,'forum','forum_del;96'),
(5392,1,'forum','forum_edit;96'),
(5325,1,'article','article_del;95'),
(5391,1,'forum','forum_add;96'),
(5390,1,'forum','forum_list;96'),
(5389,1,'forum','forum_menu_del;96'),
(5359,1,'product','product_del;89'),
(5358,1,'product','product_edit;89'),
(5357,1,'product','product_add;89'),
(5356,1,'product','product_list;89'),
(5297,1,'gallery','gallery_edit;91'),
(5296,1,'gallery','gallery_add;91'),
(5295,1,'gallery','gallery_list;91'),
(5294,1,'gallery','gallery_menu_del;91'),
(5290,1,'gallery','active;91'),
(5324,1,'article','article_edit;95'),
(5323,1,'article','article_add;95'),
(5322,1,'article','article_list;95'),
(5320,1,'article','article_menu_edit;95'),
(5321,1,'article','article_menu_del;95'),
(5319,1,'article','article_menu_add;95'),
(5318,1,'article','category_edit;95'),
(5317,1,'article','active;95'),
(5316,1,'article','article_del;90'),
(5315,1,'article','article_edit;90'),
(5314,1,'article','article_add;90'),
(5313,1,'article','article_list;90'),
(5311,1,'article','article_menu_edit;90'),
(5312,1,'article','article_menu_del;90'),
(5310,1,'article','article_menu_add;90'),
(5413,1,'library','library_edit'),
(5474,1,'category','examination_list'),
(5473,1,'category','library_list'),
(5472,1,'category','teacher_manager'),
(5471,1,'category','forum_manager'),
(5477,1,'config','config_test'),
(5476,1,'config','config_general'),
(5439,1,'examination','examination_edit'),
(5309,1,'article','category_edit;90'),
(5308,1,'article','active;90'),
(5307,1,'article','article_del;94'),
(5306,1,'article','article_edit;94'),
(5305,1,'article','article_add;94'),
(5292,1,'gallery','gallery_menu_add;91'),
(5412,1,'library','library_add'),
(5438,1,'examination','examination_add'),
(5388,1,'forum','forum_menu_edit;96'),
(5387,1,'forum','forum_menu_add;96'),
(4898,1,'pages','plugin_page_edit'),
(4899,1,'pages','plugin_page_del'),
(5437,1,'examination','examination_active'),
(5304,1,'article','article_list;94'),
(5303,1,'article','article_menu_del;94'),
(5300,1,'article','category_edit;94'),
(5355,1,'product','product_menu_del;89'),
(5353,1,'product','product_menu_add;89'),
(5354,1,'product','product_menu_edit;89'),
(5302,1,'article','article_menu_edit;94'),
(5293,1,'gallery','gallery_menu_edit;91'),
(5351,1,'product','active;89'),
(5385,1,'forum','active;96'),
(5411,1,'library','library_active'),
(5301,1,'article','article_menu_add;94'),
(5299,1,'article','active;94'),
(5291,1,'gallery','category_edit;91'),
(5298,1,'gallery','gallery_del;91'),
(5352,1,'product','category_edit;89'),
(5386,1,'forum','category_edit;96'),
(5468,1,'category','article_manager'),
(5469,1,'category','gallery_manager'),
(5470,1,'category','product_manager'),
(5482,1,'config','config_search'),
(5483,1,'config','config_upload'),
(5487,1,'core','core_mail');

/*Table structure for table `olala3w_core_role` */

DROP TABLE IF EXISTS `olala3w_core_role`;

CREATE TABLE `olala3w_core_role` (
  `role_id` int(11) NOT NULL AUTO_INCREMENT,
  `name` varchar(255) NOT NULL,
  `comment` text NOT NULL,
  `is_active` int(1) NOT NULL DEFAULT 1,
  `modified_time` int(11) NOT NULL DEFAULT 0,
  `user_id` int(11) NOT NULL DEFAULT 0,
  PRIMARY KEY (`role_id`)
) ENGINE=MyISAM AUTO_INCREMENT=14 DEFAULT CHARSET=utf8;

/*Data for the table `olala3w_core_role` */

insert  into `olala3w_core_role`(`role_id`,`name`,`comment`,`is_active`,`modified_time`,`user_id`) values 
(1,'Administrator','Nhóm quản trị tối cao',1,1441786254,1),
(2,'Tester','Nhóm kiểm thử',1,1441851198,1),
(13,'Students','Tài khoản dành cho học viên.',0,1721105114,1);

/*Table structure for table `olala3w_core_user` */

DROP TABLE IF EXISTS `olala3w_core_user`;

CREATE TABLE `olala3w_core_user` (
  `user_id` int(11) NOT NULL AUTO_INCREMENT,
  `role_id` int(11) NOT NULL,
  `user_name` varchar(16) NOT NULL,
  `password` varchar(50) NOT NULL,
  `full_name` varchar(150) NOT NULL,
  `gender` int(1) NOT NULL DEFAULT 0,
  `birthday` int(11) NOT NULL DEFAULT 0,
  `apply` varchar(255) NOT NULL,
  `email` varchar(255) NOT NULL,
  `phone` varchar(20) NOT NULL,
  `address` varchar(255) NOT NULL,
  `comment` text NOT NULL,
  `is_show` int(1) NOT NULL DEFAULT 0,
  `sort` int(11) NOT NULL DEFAULT 1,
  `img` varchar(255) NOT NULL DEFAULT 'no',
  `is_active` int(1) NOT NULL DEFAULT 1,
  `vote` bigint(20) NOT NULL DEFAULT 1,
  `click_vote` bigint(20) NOT NULL DEFAULT 1,
  `b_notify1` int(1) NOT NULL DEFAULT 1,
  `b_notify2` int(1) NOT NULL DEFAULT 1,
  `b_notify3` int(1) NOT NULL DEFAULT 1,
  `b_notify4` int(1) DEFAULT 1,
  `created_time` int(11) NOT NULL DEFAULT 0,
  `modified_time` int(11) NOT NULL DEFAULT 0,
  `user_id_edit` int(11) NOT NULL DEFAULT 0,
  PRIMARY KEY (`user_id`),
  UNIQUE KEY `user_name` (`user_name`)
) ENGINE=MyISAM AUTO_INCREMENT=51 DEFAULT CHARSET=utf8;

/*Data for the table `olala3w_core_user` */

insert  into `olala3w_core_user`(`user_id`,`role_id`,`user_name`,`password`,`full_name`,`gender`,`birthday`,`apply`,`email`,`phone`,`address`,`comment`,`is_show`,`sort`,`img`,`is_active`,`vote`,`click_vote`,`b_notify1`,`b_notify2`,`b_notify3`,`b_notify4`,`created_time`,`modified_time`,`user_id_edit`) values 
(1,1,'admin','ca4c0178da5c3219c4150c77b16c935d','Administrator',1,694198800,'Quản trị Website','huyle.qng@gmail.com','0865251674','Đà Nẵng','Hello...',1,2,'u_1719455902_7bc665e304dca5ae63d42d9eacf28558.jpg',1,1,1,1,1,1,1,1408159832,1719455905,1),
(25,2,'dev','35622d129658338262443a22a9c7bac5','Tô Thái Huy',1,0,'','huyto.qng@gmail.com','0974779805','','',1,1,'u_1437075987_ffbbbf570157f5aa239cf98d7caa354a.jpg',1,1,1,1,1,1,1,0,1483469983,1),
(42,13,'wuocdat','b4232700f0f5cb268c5c6062049f48a6','Lăng Kỳ Thiên',0,0,'','','0354615266','','',0,1,'no',1,1,1,1,1,1,1,1721183134,0,0),
(41,13,'Vankheo','15d4eeee10905e01ddeb985efdd02932','Đinh Văn Kheo ',0,0,'','','0388588655','','',0,1,'no',1,1,1,1,1,1,1,1721182591,0,0),
(40,13,'hand3007','8de00b3e71bde005a648b8cc7c48ce4e','Nguyen Thanh Ha',0,0,'','','0918223862','','',0,1,'no',1,1,1,1,1,1,1,1721182087,0,0),
(39,13,'dongtq2000','d821341198b42218951c582476bdbccf','Trần Quang Đông',0,0,'','','0866194744','','',0,1,'no',1,1,1,1,1,1,1,1721181814,0,0),
(31,13,'lebahuy','d821341198b42218951c582476bdbccf','Lê Bá Huy',0,0,'','blue@gmail.com','0865251688','','',1,1,'u_1718851301_f5d0741f3cf9183c5c626249f1d968a7.jpg',1,1,1,1,1,1,1,1717836022,1718861167,1),
(32,13,'huyleba','ce5b18c29e78950b43a76a6b15ce13f9','hhh',0,0,'','','0975251677','','',0,1,'no',1,1,1,1,1,1,1,1718508062,0,0),
(33,13,'tranvanvi','d51e05c2b3f5ed652e7e2b718ad0af34','xxx',0,0,'','','08784254233','','',0,1,'no',1,1,1,1,1,1,1,1718758201,0,0),
(35,13,'levantest1','048c9085aba31f938f5290e0fd2ef7e6','Lê Văn Test1',0,0,'','','0865251675','','',0,1,'no',1,1,1,1,1,1,1,1721178792,0,0),
(36,13,'levantest2','6659d442829069391f1e0b8337ccb6e2','levantest2',0,0,'','dfdf@mail.ru','0865251677','','',1,1,'u_1721179327_708affabebd326b06e83996db6813eb6.png',1,5,1,1,1,1,1,1721179099,1721179404,1),
(37,13,'Vothuong2209','08b601fcf46add318d2ee16ad8648d26','Vo Dinh Thuong',0,0,'','','0383838883','','',0,1,'no',1,1,1,1,1,1,1,1721180594,0,0),
(38,13,'hoangtrungdung','ed036e9b303cc1629aab7f8f8a354b9d','hoàng trung dũng',0,0,'','','0335254404','','',0,1,'no',1,1,1,1,1,1,1,1721180698,0,0),
(43,13,'nguyenha','ad804639b4154d2ac439136ac5fb35f5','Nguyễn Hà',0,0,'','','074836749064','','',0,1,'no',1,1,1,1,1,1,1,1721183258,0,0),
(44,13,'chauminh789','06d85ad6056ca0763b4d08e8ab442ebe','Ryehhe',0,0,'','','0865251677','','',0,1,'no',1,1,1,1,1,1,1,1721205216,0,0),
(45,13,'chauminh1010','e63fb5db0914e3365c77f2b372975541','Lê Thị Châu Minh',0,0,'','','0948204777','','',0,1,'no',1,1,1,1,1,1,1,1721205377,0,0),
(46,13,'nguyenxuanthuc','e45d27ee0d036e0c48fc481219c8eb1c','nguyễn Xuân Thức',0,0,'','','0942689313','','',0,1,'no',1,1,1,1,1,1,1,1721206255,0,0),
(47,13,'xuanthucnguyen','7295eab2a47ca5c9789d6478fadf150f','nguyễn xuân thức',0,0,'','','0942689313','','',0,1,'no',1,1,1,1,1,1,1,1721206314,0,0),
(48,13,'levantom','a4c3ca70d7af9ae1f8b1310470991b96','Lê Văn Tôm',0,0,'','','0865251677','','',0,1,'u_1723122146_8fee0d7d30bcd9fd5385d293dd1b93ba.png',1,1,1,1,1,1,1,1723084938,1723122148,0),
(49,13,'lebahuy92','9f07d5bcf320afd7beca62fe09ffa781','HUY',0,0,'','','123456789','','',0,1,'no',1,1,1,1,1,1,1,1723561628,0,0),
(50,13,'lebahuy94','b4e4e43a91374bb5a5b1456b6c88e983','HUY',0,0,'','','0865251677','','',0,1,'u_1723570196_b6ac0aaff18c2f014830434072cdcc53.jpg',1,1,1,1,1,1,1,1723569510,1723570198,0);

/*Table structure for table `olala3w_courses` */

DROP TABLE IF EXISTS `olala3w_courses`;

CREATE TABLE `olala3w_courses` (
  `courses_id` int(11) NOT NULL AUTO_INCREMENT,
  `product_id` int(11) NOT NULL,
  `name` varchar(255) NOT NULL,
  `v_folder` varchar(255) NOT NULL,
  `video` varchar(255) NOT NULL DEFAULT '-no-',
  `video_playtime` varchar(20) NOT NULL,
  `video_size` double NOT NULL DEFAULT 0,
  `d_folder` varchar(255) NOT NULL,
  `document` varchar(255) NOT NULL DEFAULT '-no-',
  `document_title` varchar(255) NOT NULL,
  `document_size` double NOT NULL DEFAULT 0,
  `content` text NOT NULL,
  `test` int(11) NOT NULL DEFAULT 0,
  `practice` varchar(255) NOT NULL,
  `sort` int(11) NOT NULL DEFAULT 1,
  `is_active` int(1) NOT NULL DEFAULT 1,
  `hot` int(1) NOT NULL DEFAULT 0,
  `views` bigint(20) NOT NULL DEFAULT 1,
  `created_time` int(11) NOT NULL DEFAULT 0,
  `user_id` int(11) NOT NULL DEFAULT 0,
  `modified_time` int(11) NOT NULL DEFAULT 0,
  `modified_user` int(11) NOT NULL DEFAULT 0,
  `link2Documents` varchar(255) DEFAULT NULL,
  PRIMARY KEY (`courses_id`)
) ENGINE=MyISAM AUTO_INCREMENT=37 DEFAULT CHARSET=utf8;

/*Data for the table `olala3w_courses` */

insert  into `olala3w_courses`(`courses_id`,`product_id`,`name`,`v_folder`,`video`,`video_playtime`,`video_size`,`d_folder`,`document`,`document_title`,`document_size`,`content`,`test`,`practice`,`sort`,`is_active`,`hot`,`views`,`created_time`,`user_id`,`modified_time`,`modified_user`,`link2Documents`) values 
(4,3,'Cách mở, lưu 1 tập tin trong Photoshop','admin\\11-2016\\','Video_cach-mo-luu-1-tap-tin-trong-photoshop_1.mp4','1:35:01',348321935,'admin\\11-2016\\','Document_tai-lieu-photoshop.docx','Tài liệu photoshop',4708033,'',0,'',2,1,0,1,1477317180,1,1480263394,1,NULL),
(3,3,'Giới thiệu Photoshop CC','','Video_47b9c385224a6b34b2bf1f87afa31c50.mp4','11:45',61350594,'','Document_9a464a7f0f1a4c11b3ced390d9b319a9.pdf','Thử tên tài liệu...',671337,'<p>Chiều 27/10, một nhà sư ở chùa Sơn An (huyện Long Hồ, Vĩnh Long) đến Thảo Cầm Viên Sài Gòn xin nhận lại con khổng tước vừa được đơn vị này bắt trước đó một ngày. Sau hồi quan sát, nhà sư khẳng định đây là một trong 3 con công mà chùa bị mất trộm. Theo nhà sư, việc mất 3 con chim xảy ra ngày 22/8, chùa có báo với Công an huyện Long Hồ (Vĩnh Long) nhưng chưa tìm được. 3 con khổng tước có giá trị khoảng 60 triệu đồng, được nuôi khá lâu trong khuôn viên chùa. Chúng được nhốt trong chuồng làm bằng lưới, có hàng rào bao bọc, đêm khóa cửa cẩn thận nhưng vẫn bị mất. Nhiều sư sãi trong chùa rất buồn vì 3 chú chim quý bầu bạn lâu nay bị lấy trộm nên ra sức tìm kiếm. \"Nghe tin nó xuất hiện ở Sài Gòn, xem hình thấy rất giống nên chùa cử tôi nên xác minh. Vừa nhìn thấy là biết nó rồi nên tôi rất mừng\", nhà sư bày tỏ. Đại diện Thảo Cầm Viên đã hướng dẫn nhà sư quay trở về địa phương xác minh một số giấy tờ rồi lên làm thủ tục nhận chim.Chiều 27/10, một nhà sư ở chùa Sơn An (huyện Long Hồ, Vĩnh Long) đến Thảo Cầm Viên Sài Gòn xin nhận lại con khổng tước vừa được đơn vị này bắt trước đó một ngày. Sau hồi quan sát, nhà sư khẳng định đây là một trong 3 con công mà chùa bị mất trộm. Theo nhà sư, việc mất 3 con chim xảy ra ngày 22/8, chùa có báo với Công an huyện Long Hồ (Vĩnh Long) nhưng chưa tìm được. 3 con khổng tước có giá trị khoảng 60 triệu đồng, được nuôi khá lâu trong khuôn viên chùa. Chúng được nhốt trong chuồng làm bằng lưới, có hàng rào bao bọc, đêm khóa cửa cẩn thận nhưng vẫn bị mất. Nhiều sư sãi trong chùa rất buồn vì 3 chú chim quý bầu bạn lâu nay bị lấy trộm nên ra sức tìm kiếm. \"Nghe tin nó xuất hiện ở Sài Gòn, xem hình thấy rất giống nên chùa cử tôi nên xác minh. Vừa nhìn thấy là biết nó rồi nên tôi rất mừng\", nhà sư bày tỏ. Đại diện Thảo Cầm Viên đã hướng dẫn nhà sư quay trở về địa phương xác minh một số giấy tờ rồi lên làm thủ tục nhận chim.Chiều 27/10, một nhà sư ở chùa Sơn An (huyện Long Hồ, Vĩnh Long) đến Thảo Cầm Viên Sài Gòn xin nhận lại con khổng tước vừa được đơn vị này bắt trước đó một ngày. Sau hồi quan sát, nhà sư khẳng định đây là một trong 3 con công mà chùa bị mất trộm. Theo nhà sư, việc mất 3 con chim xảy ra ngày 22/8, chùa có báo với Công an huyện Long Hồ (Vĩnh Long) nhưng chưa tìm được. 3 con khổng tước có giá trị khoảng 60 triệu đồng, được nuôi khá lâu trong khuôn viên chùa. Chúng được nhốt trong chuồng làm bằng lưới, có hàng rào bao bọc, đêm khóa cửa cẩn thận nhưng vẫn bị mất. Nhiều sư sãi trong chùa rất buồn vì 3 chú chim quý bầu bạn lâu nay bị lấy trộm nên ra sức tìm kiếm. \"Nghe tin nó xuất hiện ở Sài Gòn, xem hình thấy rất giống nên chùa cử tôi nên xác minh. Vừa nhìn thấy là biết nó rồi nên tôi rất mừng\", nhà sư bày tỏ. Đại diện Thảo Cầm Viên đã hướng dẫn nhà sư quay trở về địa phương xác minh một số giấy tờ rồi lên làm thủ tục nhận chim.Chiều 27/10, một nhà sư ở chùa Sơn An (huyện Long Hồ, Vĩnh Long) đến Thảo Cầm Viên Sài Gòn xin nhận lại con khổng tước vừa được đơn vị này bắt trước đó một ngày. Sau hồi quan sát, nhà sư khẳng định đây là một trong 3 con công mà chùa bị mất trộm. Theo nhà sư, việc mất 3 con chim xảy ra ngày 22/8, chùa có báo với Công an huyện Long Hồ (Vĩnh Long) nhưng chưa tìm được. 3 con khổng tước có giá trị khoảng 60 triệu đồng, được nuôi khá lâu trong khuôn viên chùa. Chúng được nhốt trong chuồng làm bằng lưới, có hàng rào bao bọc, đêm khóa cửa cẩn thận nhưng vẫn bị mất. Nhiều sư sãi trong chùa rất buồn vì 3 chú chim quý bầu bạn lâu nay bị lấy trộm nên ra sức tìm kiếm. \"Nghe tin nó xuất hiện ở Sài Gòn, xem hình thấy rất giống nên chùa cử tôi nên xác minh. Vừa nhìn thấy là biết nó rồi nên tôi rất mừng\", nhà sư bày tỏ. Đại diện Thảo Cầm Viên đã hướng dẫn nhà sư quay trở về địa phương xác minh một số giấy tờ rồi lên làm thủ tục nhận chim.Chiều 27/10, một nhà sư ở chùa Sơn An (huyện Long Hồ, Vĩnh Long) đến Thảo Cầm Viên Sài Gòn xin nhận lại con khổng tước vừa được đơn vị này bắt trước đó một ngày. Sau hồi quan sát, nhà sư khẳng định đây là một trong 3 con công mà chùa bị mất trộm. Theo nhà sư, việc mất 3 con chim xảy ra ngày 22/8, chùa có báo với Công an huyện Long Hồ (Vĩnh Long) nhưng chưa tìm được. 3 con khổng tước có giá trị khoảng 60 triệu đồng, được nuôi khá lâu trong khuôn viên chùa. Chúng được nhốt trong chuồng làm bằng lưới, có hàng rào bao bọc, đêm khóa cửa cẩn thận nhưng vẫn bị mất. Nhiều sư sãi trong chùa rất buồn vì 3 chú chim quý bầu bạn lâu nay bị lấy trộm nên ra sức tìm kiếm. \"Nghe tin nó xuất hiện ở Sài Gòn, xem hình thấy rất giống nên chùa cử tôi nên xác minh. Vừa nhìn thấy là biết nó rồi nên tôi rất mừng\", nhà sư bày tỏ. Đại diện Thảo Cầm Viên đã hướng dẫn nhà sư quay trở về địa phương xác minh một số giấy tờ rồi lên làm thủ tục nhận chim.Chiều 27/10, một nhà sư ở chùa Sơn An (huyện Long Hồ, Vĩnh Long) đến Thảo Cầm Viên Sài Gòn xin nhận lại con khổng tước vừa được đơn vị này bắt trước đó một ngày. Sau hồi quan sát, nhà sư khẳng định đây là một trong 3 con công mà chùa bị mất trộm. Theo nhà sư, việc mất 3 con chim xảy ra ngày 22/8, chùa có báo với Công an huyện Long Hồ (Vĩnh Long) nhưng chưa tìm được. 3 con khổng tước có giá trị khoảng 60 triệu đồng, được nuôi khá lâu trong khuôn viên chùa. Chúng được nhốt trong chuồng làm bằng lưới, có hàng rào bao bọc, đêm khóa cửa cẩn thận nhưng vẫn bị mất. Nhiều sư sãi trong chùa rất buồn vì 3 chú chim quý bầu bạn lâu nay bị lấy trộm nên ra sức tìm kiếm. \"Nghe tin nó xuất hiện ở Sài Gòn, xem hình thấy rất giống nên chùa cử tôi nên xác minh. Vừa nhìn thấy là biết nó rồi nên tôi rất mừng\", nhà sư bày tỏ. Đại diện Thảo Cầm Viên đã hướng dẫn nhà sư quay trở về địa phương xác minh một số giấy tờ rồi lên làm thủ tục nhận chim.Chiều 27/10, một nhà sư ở chùa Sơn An (huyện Long Hồ, Vĩnh Long) đến Thảo Cầm Viên Sài Gòn xin nhận lại con khổng tước vừa được đơn vị này bắt trước đó một ngày. Sau hồi quan sát, nhà sư khẳng định đây là một trong 3 con công mà chùa bị mất trộm. Theo nhà sư, việc mất 3 con chim xảy ra ngày 22/8, chùa có báo với Công an huyện Long Hồ (Vĩnh Long) nhưng chưa tìm được. 3 con khổng tước có giá trị khoảng 60 triệu đồng, được nuôi khá lâu trong khuôn viên chùa. Chúng được nhốt trong chuồng làm bằng lưới, có hàng rào bao bọc, đêm khóa cửa cẩn thận nhưng vẫn bị mất. Nhiều sư sãi trong chùa rất buồn vì 3 chú chim quý bầu bạn lâu nay bị lấy trộm nên ra sức tìm kiếm. \"Nghe tin nó xuất hiện ở Sài Gòn, xem hình thấy rất giống nên chùa cử tôi nên xác minh. Vừa nhìn thấy là biết nó rồi nên tôi rất mừng\", nhà sư bày tỏ. Đại diện Thảo Cầm Viên đã hướng dẫn nhà sư quay trở về địa phương xác minh một số giấy tờ rồi lên làm thủ tục nhận chim.Chiều 27/10, một nhà sư ở chùa Sơn An (huyện Long Hồ, Vĩnh Long) đến Thảo Cầm Viên Sài Gòn xin nhận lại con khổng tước vừa được đơn vị này bắt trước đó một ngày. Sau hồi quan sát, nhà sư khẳng định đây là một trong 3 con công mà chùa bị mất trộm. Theo nhà sư, việc mất 3 con chim xảy ra ngày 22/8, chùa có báo với Công an huyện Long Hồ (Vĩnh Long) nhưng chưa tìm được. 3 con khổng tước có giá trị khoảng 60 triệu đồng, được nuôi khá lâu trong khuôn viên chùa. Chúng được nhốt trong chuồng làm bằng lưới, có hàng rào bao bọc, đêm khóa cửa cẩn thận nhưng vẫn bị mất. Nhiều sư sãi trong chùa rất buồn vì 3 chú chim quý bầu bạn lâu nay bị lấy trộm nên ra sức tìm kiếm. \"Nghe tin nó xuất hiện ở Sài Gòn, xem hình thấy rất giống nên chùa cử tôi nên xác minh. Vừa nhìn thấy là biết nó rồi nên tôi rất mừng\", nhà sư bày tỏ. Đại diện Thảo Cầm Viên đã hướng dẫn nhà sư quay trở về địa phương xác minh một số giấy tờ rồi lên làm thủ tục nhận chim.Chiều 27/10, một nhà sư ở chùa Sơn An (huyện Long Hồ, Vĩnh Long) đến Thảo Cầm Viên Sài Gòn xin nhận lại con khổng tước vừa được đơn vị này bắt trước đó một ngày. Sau hồi quan sát, nhà sư khẳng định đây là một trong 3 con công mà chùa bị mất trộm. Theo nhà sư, việc mất 3 con chim xảy ra ngày 22/8, chùa có báo với Công an huyện Long Hồ (Vĩnh Long) nhưng chưa tìm được. 3 con khổng tước có giá trị khoảng 60 triệu đồng, được nuôi khá lâu trong khuôn viên chùa. Chúng được nhốt trong chuồng làm bằng lưới, có hàng rào bao bọc, đêm khóa cửa cẩn thận nhưng vẫn bị mất. Nhiều sư sãi trong chùa rất buồn vì 3 chú chim quý bầu bạn lâu nay bị lấy trộm nên ra sức tìm kiếm. \"Nghe tin nó xuất hiện ở Sài Gòn, xem hình thấy rất giống nên chùa cử tôi nên xác minh. Vừa nhìn thấy là biết nó rồi nên tôi rất mừng\", nhà sư bày tỏ. Đại diện Thảo Cầm Viên đã hướng dẫn nhà sư quay trở về địa phương xác minh một số giấy tờ rồi lên làm thủ tục nhận chim.Chiều 27/10, một nhà sư ở chùa Sơn An (huyện Long Hồ, Vĩnh Long) đến Thảo Cầm Viên Sài Gòn xin nhận lại con khổng tước vừa được đơn vị này bắt trước đó một ngày. Sau hồi quan sát, nhà sư khẳng định đây là một trong 3 con công mà chùa bị mất trộm. The…Chiều 27/10, một nhà sư ở chùa Sơn An (huyện Long Hồ, Vĩnh Long) đến Thảo Cầm Viên Sài Gòn xin nhận lại con khổng tước vừa được đơn vị này bắt trước đó một ngày. Sau hồi quan sát, nhà sư khẳng định đây là một trong 3 con công mà chùa bị mất trộm. Theo nhà sư, việc mất 3 con chim xảy ra ngày 22/8, chùa có báo với Công an huyện Long Hồ (Vĩnh Long) nhưng chưa tìm được. 3 con khổng tước có giá trị khoảng 60 triệu đồng, được nuôi khá lâu trong khuôn viên chùa. Chúng được nhốt trong chuồng làm bằng lưới, có hàng rào bao bọc, đêm khóa cửa cẩn thận nhưng vẫn bị mất. Nhiều sư sãi trong chùa rất buồn vì 3 chú chim quý bầu bạn lâu nay bị lấy trộm nên ra sức tìm kiếm. \"Nghe tin nó xuất hiện ở Sài Gòn, xem hình thấy rất giống nên chùa cử tôi nên xác minh. Vừa nhìn thấy là biết nó rồi nên tôi rất mừng\", nhà sư bày tỏ. Đại diện Thảo Cầm Viên đã hướng dẫn nhà sư quay trở về địa phương xác minh một số giấy tờ rồi lên làm thủ tục nhận chim.Chiều 27/10, một nhà sư ở chùa Sơn An (huyện Long Hồ, Vĩnh Long) đến Thảo Cầm Viên Sài Gòn xin nhận lại con khổng tước vừa được đơn vị này bắt trước đó một ngày. Sau hồi quan sát, nhà sư khẳng định đây là một trong 3 con công mà chùa bị mất trộm. Theo nhà sư, việc mất 3 con chim xảy ra ngày 22/8, chùa có báo với Công an huyện Long Hồ (Vĩnh Long) nhưng chưa tìm được. 3 con khổng tước có giá trị khoảng 60 triệu đồng, được nuôi khá lâu trong khuôn viên chùa. Chúng được nhốt trong chuồng làm bằng lưới, có hàng rào bao bọc, đêm khóa cửa cẩn thận nhưng vẫn bị mất. Nhiều sư sãi trong chùa rất buồn vì 3 chú chim quý bầu bạn lâu nay bị lấy trộm nên ra sức tìm kiếm. \"Nghe tin nó xuất hiện ở Sài Gòn, xem hình thấy rất giống nên chùa cử tôi nên xác minh. Vừa nhìn thấy là biết nó rồi nên tôi rất mừng\", nhà sư bày tỏ. Đại diện Thảo Cầm Viên đã hướng dẫn nhà sư quay trở về địa phương xác minh một số giấy tờ rồi lên làm thủ tục nhận chim.Chiều 27/10, một nhà sư ở chùa Sơn An (huyện Long Hồ, Vĩnh Long) đến Thảo Cầm Viên Sài Gòn xin nhận lại con khổng tước vừa được đơn vị này bắt trước đó một ngày. Sau hồi quan sát, nhà sư khẳng định đây là một trong 3 con công mà chùa bị mất trộm. Theo nhà sư, việc mất 3 con chim xảy ra ngày 22/8, chùa có báo với Công an huyện Long Hồ (Vĩnh Long) nhưng chưa tìm được. 3 con khổng tước có giá trị khoảng 60 triệu đồng, được nuôi khá lâu trong khuôn viên chùa. Chúng được nhốt trong chuồng làm bằng lưới, có hàng rào bao bọc, đêm khóa cửa cẩn thận nhưng vẫn bị mất. Nhiều sư sãi trong chùa rất buồn vì 3 chú chim quý bầu bạn lâu nay bị lấy trộm nên ra sức tìm kiếm. \"Nghe tin nó xuất hiện ở Sài Gòn, xem hình thấy rất giống nên chùa cử tôi nên xác minh. Vừa nhìn thấy là biết nó rồi nên tôi rất mừng\", nhà sư bày tỏ. Đại diện Thảo Cầm Viên đã hướng dẫn nhà sư quay trở về địa phương xác minh một số giấy tờ rồi lên làm thủ tục nhận chim.Chiều 27/10, một nhà sư ở chùa Sơn An (huyện Long Hồ, Vĩnh Long) đến Thảo Cầm Viên Sài Gòn xin nhận lại con khổng tước vừa được đơn vị này bắt trước đó một ngày. Sau hồi quan sát, nhà sư khẳng định đây là một trong 3 con công mà chùa bị mất trộm. Theo nhà sư, việc mất 3 con chim xảy ra ngày 22/8, chùa có báo với Công an huyện Long Hồ (Vĩnh Long) nhưng chưa tìm được. 3 con khổng tước có giá trị khoảng 60 triệu đồng, được nuôi khá lâu trong khuôn viên chùa. Chúng được nhốt trong chuồng làm bằng lưới, có hàng rào bao bọc, đêm khóa cửa cẩn thận nhưng vẫn bị mất. Nhiều sư sãi trong chùa rất buồn vì 3 chú chim quý bầu bạn lâu nay bị lấy trộm nên ra sức tìm kiếm. \"Nghe tin nó xuất hiện ở Sài Gòn, xem hình thấy rất giống nên chùa cử tôi nên xác minh. Vừa nhìn thấy là biết nó rồi nên tôi rất mừng\", nhà sư bày tỏ. Đại diện Thảo Cầm Viên đã hướng dẫn nhà sư quay trở về địa phương xác minh một số giấy tờ rồi lên làm thủ tục nhận chim.Chiều 27/10, một nhà sư ở chùa Sơn An (huyện Long Hồ, Vĩnh Long) đến Thảo Cầm Viên Sài Gòn xin nhận lại con khổng tước vừa được đơn vị này bắt trước đó một ngày. Sau hồi quan sát, nhà sư khẳng định đây là một trong 3 con công mà chùa bị mất trộm. Theo nhà sư, việc mất 3 con chim xảy ra ngày 22/8, chùa có báo với Công an huyện Long Hồ (Vĩnh Long) nhưng chưa tìm được. 3 con khổng tước có giá trị khoảng 60 triệu đồng, được nuôi khá lâu trong khuôn viên chùa. Chúng được nhốt trong chuồng làm bằng lưới, có hàng rào bao bọc, đêm khóa cửa cẩn thận nhưng vẫn bị mất. Nhiều sư sãi trong chùa rất buồn vì 3 chú chim quý bầu bạn lâu nay bị lấy trộm nên ra sức tìm kiếm. \"Nghe tin nó xuất hiện ở Sài Gòn, xem hình thấy rất giống nên chùa cử tôi nên xác minh. Vừa nhìn thấy là biết nó rồi nên tôi rất mừng\", nhà sư bày tỏ. Đại diện Thảo Cầm Viên đã hướng dẫn nhà sư quay trở về địa phương xác minh một số giấy tờ rồi lên làm thủ tục nhận chim.Chiều 27/10, một nhà sư ở chùa Sơn An (huyện Long Hồ, Vĩnh Long) đến Thảo Cầm Viên Sài Gòn xin nhận lại con khổng tước vừa được đơn vị này bắt trước đó một ngày. Sau hồi quan sát, nhà sư khẳng định đây là một trong 3 con công mà chùa bị mất trộm. Theo nhà sư, việc mất 3 con chim xảy ra ngày 22/8, chùa có báo với Công an huyện Long Hồ (Vĩnh Long) nhưng chưa tìm được. 3 con khổng tước có giá trị khoảng 60 triệu đồng, được nuôi khá lâu trong khuôn viên chùa. Chúng được nhốt trong chuồng làm bằng lưới, có hàng rào bao bọc, đêm khóa cửa cẩn thận nhưng vẫn bị mất. Nhiều sư sãi trong chùa rất buồn vì 3 chú chim quý bầu bạn lâu nay bị lấy trộm nên ra sức tìm kiếm. \"Nghe tin nó xuất hiện ở Sài Gòn, xem hình thấy rất giống nên chùa cử tôi nên xác minh. Vừa nhìn thấy là biết nó rồi nên tôi rất mừng\", nhà sư bày tỏ. Đại diện Thảo Cầm Viên đã hướng dẫn nhà sư quay trở về địa phương xác minh một số giấy tờ rồi lên làm thủ tục nhận chim.Chiều 27/10, một nhà sư ở chùa Sơn An (huyện Long Hồ, Vĩnh Long) đến Thảo Cầm Viên Sài Gòn xin nhận lại con khổng tước vừa được đơn vị này bắt trước đó một ngày. Sau hồi quan sát, nhà sư khẳng định đây là một trong 3 con công mà chùa bị mất trộm. Theo nhà sư, việc mất 3 con chim xảy ra ngày 22/8, chùa có báo với Công an huyện Long Hồ (Vĩnh Long) nhưng chưa tìm được. 3 con khổng tước có giá trị khoảng 60 triệu đồng, được nuôi khá lâu trong khuôn viên chùa. Chúng được nhốt trong chuồng làm bằng lưới, có hàng rào bao bọc, đêm khóa cửa cẩn thận nhưng vẫn bị mất. Nhiều sư sãi trong chùa rất buồn vì 3 chú chim quý bầu bạn lâu nay bị lấy trộm nên ra sức tìm kiếm. \"Nghe tin nó xuất hiện ở Sài Gòn, xem hình thấy rất giống nên chùa cử tôi nên xác minh. Vừa nhìn thấy là biết nó rồi nên tôi rất mừng\", nhà sư bày tỏ. Đại diện Thảo Cầm Viên đã hướng dẫn nhà sư quay trở về địa phương xác minh một số giấy tờ rồi lên làm thủ tục nhận chim.Chiều 27/10, một nhà sư ở chùa Sơn An (huyện Long Hồ, Vĩnh Long) đến Thảo Cầm Viên Sài Gòn xin nhận lại con khổng tước vừa được đơn vị này bắt trước đó một ngày. Sau hồi quan sát, nhà sư khẳng định đây là một trong 3 con công mà chùa bị mất trộm. Theo nhà sư, việc mất 3 con chim xảy ra ngày 22/8, chùa có báo với Công an huyện Long Hồ (Vĩnh Long) nhưng chưa tìm được. 3 con khổng tước có giá trị khoảng 60 triệu đồng, được nuôi khá lâu trong khuôn viên chùa. Chúng được nhốt trong chuồng làm bằng lưới, có hàng rào bao bọc, đêm khóa cửa cẩn thận nhưng vẫn bị mất. Nhiều sư sãi trong chùa rất buồn vì 3 chú chim quý bầu bạn lâu nay bị lấy trộm nên ra sức tìm kiếm. \"Nghe tin nó xuất hiện ở Sài Gòn, xem hình thấy rất giống nên chùa cử tôi nên xác minh. Vừa nhìn thấy là biết nó rồi nên tôi rất mừng\", nhà sư bày tỏ. Đại diện Thảo Cầm Viên đã hướng dẫn nhà sư quay trở về địa phương xác minh một số giấy tờ rồi lên làm thủ tục nhận chim.Chiều 27/10, một nhà sư ở chùa Sơn An (huyện Long Hồ, Vĩnh Long) đến Thảo Cầm Viên Sài Gòn xin nhận lại con khổng tước vừa được đơn vị này bắt trước đó một ngày. Sau hồi quan sát, nhà sư khẳng định đây là một trong 3 con công mà chùa bị mất trộm. Theo nhà sư, việc mất 3 con chim xảy ra ngày 22/8, chùa có báo với Công an huyện Long Hồ (Vĩnh Long) nhưng chưa tìm được. 3 con khổng tước có giá trị khoảng 60 triệu đồng, được nuôi khá lâu trong khuôn viên chùa. Chúng được nhốt trong chuồng làm bằng lưới, có hàng rào bao bọc, đêm khóa cửa cẩn thận nhưng vẫn bị mất. Nhiều sư sãi trong chùa rất buồn vì 3 chú chim quý bầu bạn lâu nay bị lấy trộm nên ra sức tìm kiếm. \"Nghe tin nó xuất hiện ở Sài Gòn, xem hình thấy rất giống nên chùa cử tôi nên xác minh. Vừa nhìn thấy là biết nó rồi nên tôi rất mừng\", nhà sư bày tỏ. Đại diện Thảo Cầm Viên đã hướng dẫn nhà sư quay trở về địa phương xác minh một số giấy tờ rồi lên làm thủ tục nhận chim.Chiều 27/10, một nhà sư ở chùa Sơn An (huyện Long Hồ, Vĩnh Long) đến Thảo Cầm Viên Sài Gòn xin nhận lại con khổng tước vừa được đơn vị này bắt trước đó một ngày. Sau hồi quan sát, nhà sư khẳng định đây là một trong 3 con công mà chùa bị mất trộm. The…</p>\r\n',2,'http://vnexpress.net/',1,1,0,1,1477271820,1,1484258091,1,NULL),
(16,3,'Demo','admin\\11-2016\\','Video_demo.mp4','1:28:18',387257901,'admin\\11-2016\\','-no-','',0,'',0,'',3,1,0,1,1480407987,1,1480407987,0,NULL),
(17,4,'Abc','dev\\08-2017\\','Video_abc.mp4','1:35:36',375858471,'dev\\08-2017\\','-no-','',0,'',0,'',1,1,0,1,1503587318,25,1503587318,0,NULL),
(22,18,'OK','admin\\06-2024\\','Video_ok.mp4','1:51:02',241005741,'admin\\06-2024\\','-no-','',0,'',0,'',1,1,1,1,1717835951,1,1719727559,1,NULL),
(23,19,'Test Tl PPT','admin\\06-2024\\','-no-','',0,'admin\\06-2024\\','Document_test-tl-pdf.pdf','',2736347,'',0,'',1,1,1,1,1719747483,1,1719747483,0,NULL),
(24,22,'Điểm mới trong các văn kiện Đại hội XIII của Đảng','admin\\07-2024\\','Video_diem-moi-trong-cac-van-kien-dai-hoi-xiii-cua-dang.mp4','32:06',210130419,'admin\\07-2024\\','-no-','',0,'<p><em style=\"box-sizing: border-box; color: rgb(51, 51, 51); font-family: Roboto, sans-serif; font-size: 19.2px; font-variant-ligatures: normal; font-variant-caps: normal; font-weight: 400; letter-spacing: normal; orphans: 2; text-align: start; text-indent: 0px; text-transform: none; widows: 2; word-spacing: 0px; -webkit-text-stroke-width: 0px; white-space: normal; background-color: rgb(255, 255, 255); text-decoration-thickness: initial; text-decoration-style: initial; text-decoration-color: initial;\">Những điểm mới trong các văn kiện Đại hội XIII của Đảng</em><span style=\"color: rgb(51, 51, 51); font-family: Roboto, sans-serif; font-size: 19.2px; font-style: italic; font-variant-ligatures: normal; font-variant-caps: normal; font-weight: 400; letter-spacing: normal; orphans: 2; text-align: start; text-indent: 0px; text-transform: none; widows: 2; word-spacing: 0px; -webkit-text-stroke-width: 0px; white-space: normal; background-color: rgb(255, 255, 255); text-decoration-thickness: initial; text-decoration-style: initial; text-decoration-color: initial; display: inline !important; float: none;\"><span>&nbsp;</span>do Hội đồng Lý luận Trung ương phối hợp NXB Chính trị quốc gia Sự thật biên soạn, xuất bản. Công trình được thực hiện từ yêu cầu nghiên cứu, quán triệt, học tập nghị quyết của cán bộ đảng viên và nhân dân.</span></p>\r\n',0,'',1,1,1,1,1719828931,1,1721441865,1,'https://docs.google.com/document/d/1WWSxmqcfpTjiiqv9Oof1VbGSrg-aLxlj'),
(26,23,'Thử nghiệm lần 1','admin\\07-2024\\','-no-','',0,'admin\\07-2024\\','Document_thu-nghiem-lan-1.pptx','',623466,'<p>Đây là lần đầu cho chạy Powerpoint</p>\r\n',0,'',1,1,1,1,1719841559,1,1719841559,0,NULL),
(27,24,'Chuyên đề 2 - GDCT','admin\\07-2024\\','-no-','',0,'admin\\07-2024\\','-no-','',0,'',0,'',1,1,1,1,1720756308,1,1721056022,1,'https://drive.google.com/file/d/1a3_8KXH7ut-1yy4wTJ2ROQzH1pLPckxJ'),
(28,24,'Bài số 2','admin\\07-2024\\','-no-','',0,'admin\\07-2024\\','-no-','',0,'',0,'',2,1,1,1,1720795497,1,1721056030,1,'https://drive.google.com/file/d/1cmUgPeMy9F5csJ19PgsI8wC_HI6PolDw'),
(29,24,'Bài số 3','admin\\07-2024\\','-no-','',0,'admin\\07-2024\\','Document_343.pdf','Tài liệu tập huấn chuyên đề 2',2736347,'',0,'',3,1,1,1,1720843787,1,1720937219,1,'https://docs.google.com/document/d/1HAwPFDHjopRBMnca8TrGwlO4nme4rFsQ'),
(30,25,'Phóng sự thí điểm việc bồi dưỡng lý luận, cập nhật kiến thức cho đối tượng 5 trên Internet','admin\\07-2024\\','-no-','',0,'admin\\07-2024\\','-no-','',0,'',0,'',1,1,1,1,1721265576,1,1721265576,0,'https://drive.google.com/file/d/1dbML1PmSSJ497PvIxuF2n0w6FVoBApU6'),
(31,26,'Chuyên đề 1','admin\\07-2024\\','-no-','',0,'admin\\07-2024\\','-no-','',0,'',0,'',1,1,1,1,1721442464,1,1721442464,0,'https://docs.google.com/document/d/1JmqaYzq0r6u3XiQUbA8Qf7YSQHTKec4c'),
(32,27,'Chuyên đề 2','admin\\07-2024\\','-no-','',0,'admin\\07-2024\\','-no-','',0,'',0,'',1,1,1,1,1721442650,1,1721442650,0,'https://docs.google.com/document/d/18FKX3ATinlTBtMuX4pBvduhZHOjlgfgU'),
(33,28,'Chuyên đề 3','admin\\07-2024\\','-no-','',0,'admin\\07-2024\\','-no-','',0,'',0,'',1,1,1,1,1721442826,1,1721442826,0,'https://docs.google.com/document/d/1TxTJiV5LcUh02bMbDXX3--h63HXFYP-3'),
(34,29,'Chuyên đề 4','admin\\07-2024\\','-no-','',0,'admin\\07-2024\\','-no-','',0,'',0,'',1,1,1,1,1721443017,1,1721443017,0,'https://docs.google.com/document/d/1YhzQOs0zl2YEPuJJtYoEm8gSYfDoqy2z'),
(35,30,'Chuyên đề 5 - XÂY DỰNG NHÀ NƯỚC PHÁP QUYỀN XÃ HỘI CHỦ NGHĨA  Ở VIỆT NAM','admin\\07-2024\\','-no-','',0,'admin\\07-2024\\','-no-','',0,'',0,'',1,1,1,1,1721443220,1,1722323586,1,'https://docs.google.com/document/d/1OV9nJXyD_urPCxHCyoE-Wf0CN6oSH64_'),
(36,20,'Khái quát lịch sử Đảng Cộng sản Việt Nam','admin\\07-2024\\','-no-','',0,'admin\\07-2024\\','Document_khai-quat-lich-su-dang-cong-san-viet-nam.pptx','',9016272,'',0,'',2,1,1,1,1721447055,1,1721447055,0,'https://docs.google.com/presentation/d/1roA11mokDhp9WwPQyB2iDwUZlWnTNOgc');

/*Table structure for table `olala3w_courses_logs` */

DROP TABLE IF EXISTS `olala3w_courses_logs`;

CREATE TABLE `olala3w_courses_logs` (
  `courses_logs_id` double NOT NULL AUTO_INCREMENT,
  `courses_id` int(11) NOT NULL DEFAULT 0,
  `created_time` int(11) NOT NULL DEFAULT 0,
  `modified_time` int(11) NOT NULL DEFAULT 0,
  `user_id` int(11) NOT NULL DEFAULT 0,
  PRIMARY KEY (`courses_logs_id`)
) ENGINE=InnoDB AUTO_INCREMENT=37 DEFAULT CHARSET=utf8;

/*Data for the table `olala3w_courses_logs` */

insert  into `olala3w_courses_logs`(`courses_logs_id`,`courses_id`,`created_time`,`modified_time`,`user_id`) values 
(11,3,1477627807,1484258615,1),
(12,4,1477627830,1482255447,1),
(13,16,1480408000,1482441604,1),
(14,3,1532020282,1546502522,25),
(15,22,1717836042,1720452404,31),
(16,22,1718428896,1719793811,1),
(17,17,1718758259,1718758263,33),
(18,23,1719747503,1719747556,31),
(19,23,1719793864,1719793864,1),
(20,24,1719828985,1721443267,31),
(21,24,1719833087,1719833298,1),
(22,25,1719833435,1721447097,31),
(23,26,1719841588,1721265869,31),
(24,27,1720756324,1721231690,31),
(25,28,1720846902,1721231699,31),
(26,29,1720846910,1721231706,31),
(27,26,1721183426,1721183426,42),
(28,24,1721205460,1721205460,45),
(29,25,1721205485,1721205485,45),
(30,30,1721265598,1722261295,31),
(31,31,1721442477,1722261258,31),
(32,32,1721442665,1722006882,31),
(33,33,1721442843,1722323839,31),
(34,34,1721443033,1722261163,31),
(35,35,1721443237,1723135363,31),
(36,36,1721447070,1722299078,31);

/*Table structure for table `olala3w_direction` */

DROP TABLE IF EXISTS `olala3w_direction`;

CREATE TABLE `olala3w_direction` (
  `direction_id` int(11) NOT NULL AUTO_INCREMENT,
  `name` varchar(255) NOT NULL,
  `sort` int(11) NOT NULL DEFAULT 1,
  `is_active` int(1) NOT NULL DEFAULT 1,
  `hot` int(1) NOT NULL DEFAULT 0,
  `created_time` int(11) NOT NULL DEFAULT 0,
  `modified_time` int(11) NOT NULL DEFAULT 0,
  `user_id` int(11) NOT NULL DEFAULT 0,
  PRIMARY KEY (`direction_id`)
) ENGINE=InnoDB DEFAULT CHARSET=utf8;

/*Data for the table `olala3w_direction` */

/*Table structure for table `olala3w_discussion` */

DROP TABLE IF EXISTS `olala3w_discussion`;

CREATE TABLE `olala3w_discussion` (
  `discussion_id` double NOT NULL AUTO_INCREMENT,
  `product_id` int(11) NOT NULL DEFAULT 0,
  `courses_id` int(11) NOT NULL DEFAULT 0,
  `content` text NOT NULL,
  `parent` double NOT NULL DEFAULT 0,
  `is_active` int(1) NOT NULL DEFAULT 1,
  `created_time` int(11) NOT NULL DEFAULT 0,
  `user_id` int(11) NOT NULL DEFAULT 0,
  `modified_time` int(11) NOT NULL DEFAULT 0,
  `modified_user` int(11) NOT NULL DEFAULT 0,
  PRIMARY KEY (`discussion_id`)
) ENGINE=InnoDB AUTO_INCREMENT=31 DEFAULT CHARSET=utf8;

/*Data for the table `olala3w_discussion` */

insert  into `olala3w_discussion`(`discussion_id`,`product_id`,`courses_id`,`content`,`parent`,`is_active`,`created_time`,`user_id`,`modified_time`,`modified_user`) values 
(1,3,0,'Thử nghiệm ... 123 ...',0,1,1483381101,1,0,0),
(2,3,3,'Thử nghiệm ... 123 ...',0,1,1483381110,1,0,0),
(3,3,3,'Thử nghiệm ... 123 ...',0,1,1483381112,1,0,0),
(4,3,3,'Thử nghiệm ... 123 ...',0,1,1483381114,1,0,0),
(5,3,3,'Thử nghiệm ... (123) ...',4,1,1483381242,1,0,0),
(6,3,3,'Thử nghiệm ... (123) ...',4,1,1483381243,1,0,0),
(7,3,3,'Thử nghiệm ... (123) ...',4,1,1483381245,1,0,0),
(8,3,3,'Thử nghiệm ... (123) ...',4,1,1483381248,1,0,0),
(9,3,3,'Thử nghiệm ... (123) ...',4,1,1483381250,1,0,0),
(10,3,0,'Abc',0,1,1483556081,1,0,0),
(11,3,0,'XX',0,1,1483561165,1,0,0),
(12,3,0,'XX',11,1,1483561176,1,0,0),
(13,3,0,'Hello...',0,1,1483561338,1,0,0),
(14,3,0,'123 xin chào!...',0,1,1483561424,1,0,0),
(15,3,0,'Chào...',14,1,1483561502,1,0,0),
(16,3,0,'Hello\n',14,1,1484253802,25,0,0),
(17,3,0,'adad',14,1,1484253962,25,0,0),
(18,3,0,'adadqeq',0,1,1484253965,25,0,0),
(19,3,0,'123',18,1,1484253970,25,0,0),
(20,3,0,'axa',18,1,1484253973,25,0,0),
(21,3,0,'adad',18,1,1484253976,25,0,0),
(22,3,0,'a',0,1,1484255818,25,0,0),
(23,3,0,'a',0,1,1484257299,25,0,0),
(24,3,3,'adad',4,1,1533139194,25,0,0),
(25,3,3,'4242dad',4,1,1533139198,25,0,0),
(26,3,0,'Abc\nBAafaf',0,1,1533585236,25,0,0),
(27,3,0,'adad\nAdadad',26,1,1533585242,25,0,0),
(28,3,0,'<i*g%20csstest=javascript:alert(%27Test%20thôi%20hị%20hị%20KCRD%27)>%20&{alert(%27Test%20thôi%20hị%20hị%20KCRD%27)};',0,1,1546541076,25,0,0),
(29,18,0,'a',0,1,1718541783,1,0,0),
(30,19,0,'adada',0,1,1719796611,1,0,0);

/*Table structure for table `olala3w_document` */

DROP TABLE IF EXISTS `olala3w_document`;

CREATE TABLE `olala3w_document` (
  `document_id` int(11) NOT NULL AUTO_INCREMENT,
  `document_menu_id` int(11) NOT NULL,
  `name` varchar(255) NOT NULL,
  `title` text NOT NULL,
  `description` varchar(255) NOT NULL,
  `keywords` varchar(255) NOT NULL,
  `model` varchar(255) NOT NULL,
  `release_date` int(11) NOT NULL DEFAULT 0,
  `effective_date` int(11) NOT NULL DEFAULT 0,
  `file` varchar(255) NOT NULL DEFAULT 'no',
  `type` varchar(5) NOT NULL DEFAULT 'unk',
  `size` int(11) NOT NULL DEFAULT 0,
  `comment` text NOT NULL,
  `content` text NOT NULL,
  `is_active` int(1) NOT NULL DEFAULT 1,
  `hot` int(1) NOT NULL DEFAULT 0,
  `views` bigint(20) NOT NULL DEFAULT 1,
  `created_time` int(11) NOT NULL DEFAULT 0,
  `modified_time` int(11) NOT NULL DEFAULT 0,
  `user_id` int(11) NOT NULL DEFAULT 0,
  PRIMARY KEY (`document_id`)
) ENGINE=MyISAM AUTO_INCREMENT=36 DEFAULT CHARSET=utf8;

/*Data for the table `olala3w_document` */

/*Table structure for table `olala3w_document_menu` */

DROP TABLE IF EXISTS `olala3w_document_menu`;

CREATE TABLE `olala3w_document_menu` (
  `document_menu_id` int(11) NOT NULL AUTO_INCREMENT,
  `category_id` int(11) NOT NULL,
  `name` varchar(255) NOT NULL,
  `slug` varchar(255) NOT NULL DEFAULT 'not-found',
  `title` varchar(255) NOT NULL,
  `description` varchar(255) NOT NULL,
  `keywords` text NOT NULL,
  `parent` int(11) NOT NULL,
  `sort` int(11) NOT NULL,
  `comment` text NOT NULL,
  `is_active` int(1) NOT NULL DEFAULT 1,
  `hot` int(1) NOT NULL DEFAULT 0,
  `img` varchar(255) NOT NULL DEFAULT 'no',
  `created_time` int(11) NOT NULL DEFAULT 0,
  `modified_time` int(11) NOT NULL DEFAULT 0,
  `user_id` int(11) NOT NULL DEFAULT 0,
  PRIMARY KEY (`document_menu_id`)
) ENGINE=MyISAM AUTO_INCREMENT=6 DEFAULT CHARSET=utf8;

/*Data for the table `olala3w_document_menu` */

/*Table structure for table `olala3w_examination` */

DROP TABLE IF EXISTS `olala3w_examination`;

CREATE TABLE `olala3w_examination` (
  `examination_id` int(11) NOT NULL AUTO_INCREMENT,
  `product_menu_id` int(11) NOT NULL DEFAULT 0,
  `product_id` int(11) NOT NULL DEFAULT 0,
  `title` varchar(255) NOT NULL,
  `count` int(11) NOT NULL DEFAULT 0,
  `time` int(11) NOT NULL DEFAULT 0,
  `start` int(11) NOT NULL DEFAULT 0,
  `to_role` text NOT NULL,
  `to_product` text NOT NULL,
  `to_personal` text NOT NULL,
  `to_all` text NOT NULL,
  `is_active` int(1) NOT NULL DEFAULT 1,
  `created_time` int(11) NOT NULL DEFAULT 0,
  `user_id` int(11) NOT NULL DEFAULT 0,
  `modified_time` int(11) NOT NULL DEFAULT 0,
  `modified_user` int(11) NOT NULL DEFAULT 0,
  `solanthi` int(11) NOT NULL DEFAULT 1,
  PRIMARY KEY (`examination_id`)
) ENGINE=InnoDB AUTO_INCREMENT=30 DEFAULT CHARSET=utf8;

/*Data for the table `olala3w_examination` */

insert  into `olala3w_examination`(`examination_id`,`product_menu_id`,`product_id`,`title`,`count`,`time`,`start`,`to_role`,`to_product`,`to_personal`,`to_all`,`is_active`,`created_time`,`user_id`,`modified_time`,`modified_user`,`solanthi`) values 
(1,249,5,'Kiểm tra thử 01',10,20,1505149200,'[1]','[]','[]','[25,1]',1,1505151940,1,1520785712,25,1),
(2,230,0,'Bài kiểm tra thử...',0,0,1520791500,'[]','[]','[]','[]',1,1520792136,25,1520792390,25,1),
(3,230,0,'Kiểm tra mới nhất',10,20,1546536960,'[1,2,9,13]','[]','[]','[1,25,27,28,29,30,31,32,33]',1,1546536995,31,1719543588,1,1),
(4,230,0,'ok con dê',0,0,1717861620,'[]','[4]','[]','[1]',1,1717861676,1,1717861676,0,1),
(5,230,0,'Thi thử 2024',10,10,1718860980,'[13]','[]','[]','[27,28,29,30,32,33]',1,1718861034,31,1719663408,1,1),
(6,230,0,'Test Thi 29-6',20,30,1719663480,'[1]','[]','[]','[1]',1,1719663584,1,1719663584,0,1),
(7,230,0,'Test Thi 29-6 for Student',9,9,1719663780,'[13]','[]','[]','[27,28,29,30,31,32,33]',1,1719663847,1,1719663847,0,1),
(8,230,0,'Test 3-7',2,9,1719831240,'[13]','[]','[]','[27,28,29,30,31,32,33]',1,1719831376,1,1719933818,1,1),
(9,230,0,'Test 4-7',2,3,1719933840,'[13]','[]','[]','[27,28,29,30,31,32,33]',1,1719933863,1,1719933887,1,1),
(10,230,0,'Test 5-7',9,2,1720023780,'[13]','[]','[]','[27,28,29,30,31,32,33]',1,1720023829,1,1720023829,0,1),
(11,271,0,'Test 6-7',10,5,1720283460,'[13]','[]','[]','[27,28,29,30,31,32,33]',1,1720283550,1,1720283550,0,1),
(12,271,0,'Test 6-7 (lần 2)',10,2,1720283880,'13','[]','[]','[27,28,29,30,31,32,33]',1,1720283911,1,1720283911,0,1),
(13,230,0,'Test 11-7',10,5,1720707000,'[13]','[]','[]','[27,28,29,30,31,32,33]',1,1720707029,1,1720707029,0,1),
(14,230,0,'Test-Kiemtra-sang-17-7',10,2,1721178900,'[13]','[]','[]','[42,41,40,39,31,32,33,35,36,37,38,43]',1,1721179006,1,1721185303,1,1),
(15,230,0,'Test18-7',0,0,1721230080,'[1,2,13]','[]','[]','[1,25,42,41,40,39,31,32,33,35,36,37,38,43,44,45,46,47]',1,1721230106,1,1721230106,0,1),
(16,272,26,'Kiểm tra Chuyên đề 1',10,5,1721446500,'[13]','[]','[]','[42,41,40,39,31,32,33,35,36,37,38,43,44,45,46,47]',1,1721446558,1,1721446558,0,1),
(17,272,27,'Kiểm tra Chuyên đề 2',10,5,1721446560,'[13]','[]','[]','[42,41,40,39,31,32,33,35,36,37,38,43,44,45,46,47]',1,1721446590,1,1721446590,0,1),
(18,272,28,'Kiểm tra Chuyên đề 3',10,5,1721446560,'[13]','[]','[]','[42,41,40,39,31,32,33,35,36,37,38,43,44,45,46,47]',1,1721446623,1,1721446623,0,1),
(19,272,29,'Kiểm tra Chuyên đề 4',10,5,1721446620,'[13]','[]','[]','[42,41,40,39,31,32,33,35,36,37,38,43,44,45,46,47]',1,1721446651,1,1721446651,0,6),
(20,272,30,'Kiểm tra Chuyên đề 5',10,5,1721446620,'[13]','[]','[]','[42,41,40,39,31,32,33,35,36,37,38,43,44,45,46,47]',1,1721446675,1,1722049421,1,1),
(21,272,0,'Test 8 - 8',30,30,1723083480,'[13]','[]','[]','[42,41,40,39,31,32,33,35,36,37,38,43,44,45,46,47,48]',1,1723084145,1,1723084994,1,1),
(22,272,0,'Test 9 - 8',10,21,1723164300,'[13]','[]','[]','[42,41,40,39,31,32,33,35,36,37,38,43,44,45,46,47,48]',1,1723164337,1,1723164337,0,5),
(23,272,0,'Test 11-8',10,30,1723366440,'[13]','[]','[]','[42,41,40,39,31,32,33,35,36,37,38,43,44,45,46,47,48]',1,1723366511,1,1723366511,0,1),
(24,272,0,'Test Tối 11-8',10,30,1723389120,'[13]','[]','[]','[42,41,40,39,31,32,33,35,36,37,38,43,44,45,46,47,48]',1,1723389165,1,1723389764,1,6),
(25,272,0,'Test 12-8',10,30,1723435560,'[13]','[]','[]','[42,41,40,39,31,32,33,35,36,37,38,43,44,45,46,47,48]',1,1723435630,1,1723435630,0,10),
(26,272,0,'Test 13-8',20,31,1723561380,'[13]','[]','[]','[42,41,40,39,31,32,33,35,36,37,38,43,44,45,46,47,48,49]',1,1723561455,1,1723565831,1,10),
(27,272,0,'Test 13-8 Tối',10,31,1723563480,'13','[]','[]','[42,41,40,39,31,32,33,35,36,37,38,43,44,45,46,47,48,49]',1,1723563516,1,1723563781,1,10),
(28,272,0,'okk1111',22,121,1723567320,'13','','','',1,1723567352,1,1723569026,1,12),
(29,272,0,'Test phát nữa',10,1,1723569120,'13','','','',1,1723569168,1,1723605860,1,12);

/*Table structure for table `olala3w_examination_answer` */

DROP TABLE IF EXISTS `olala3w_examination_answer`;

CREATE TABLE `olala3w_examination_answer` (
  `examination_answer_id` double NOT NULL AUTO_INCREMENT,
  `examination_id` int(11) NOT NULL DEFAULT 0,
  `examination_logs_id` int(11) DEFAULT NULL,
  `user_id` int(11) NOT NULL DEFAULT 0,
  `library_id` bigint(20) NOT NULL DEFAULT 0,
  `type` int(1) NOT NULL DEFAULT 0 COMMENT '0: Trắc nghiệm; 1: Tự luận',
  `answer` text NOT NULL,
  `test` int(1) NOT NULL DEFAULT 0 COMMENT '0: Sai; 1: Đúng',
  `modified_time` int(11) NOT NULL DEFAULT 0,
  PRIMARY KEY (`examination_answer_id`)
) ENGINE=InnoDB AUTO_INCREMENT=734 DEFAULT CHARSET=utf8;

/*Data for the table `olala3w_examination_answer` */

insert  into `olala3w_examination_answer`(`examination_answer_id`,`examination_id`,`examination_logs_id`,`user_id`,`library_id`,`type`,`answer`,`test`,`modified_time`) values 
(1,1,NULL,25,1,0,'[15]',1,1505152080),
(2,1,NULL,25,2,0,'[10]',1,1505152080),
(3,1,NULL,1,2,0,'[]',0,1514790480),
(4,1,NULL,1,10,0,'[47]',0,1514790480),
(5,1,NULL,1,1,0,'[14]',0,1514790480),
(6,1,NULL,1,11,0,'[48]',0,1514790480),
(7,5,NULL,31,18,0,'[103]',1,1718886180),
(8,5,NULL,31,17,0,'[106]',1,1718886180),
(18,6,NULL,1,18,0,'[131]',1,1719663660),
(19,6,NULL,1,20,0,'[143]',0,1719663660),
(20,6,NULL,1,21,0,'[148]',0,1719663660),
(21,6,NULL,1,22,0,'[153]',0,1719663660),
(22,6,NULL,1,1,0,'[164]',1,1719663660),
(23,6,NULL,1,19,0,'[138]',0,1719663660),
(24,6,NULL,1,10,0,'[156]',1,1719663660),
(25,6,NULL,1,2,0,'[159]',1,1719663660),
(26,6,NULL,1,17,0,'[126]',1,1719663660),
(27,7,NULL,31,19,0,'[138]',0,1719663840),
(28,7,NULL,31,20,0,'[142]',0,1719663840),
(29,7,NULL,31,10,0,'[156]',1,1719663840),
(30,7,NULL,31,2,0,'[159]',1,1719663840),
(31,7,NULL,31,21,0,'[147]',0,1719663840),
(32,7,NULL,31,17,0,'[126]',1,1719663840),
(33,7,NULL,31,22,0,'[150]',1,1719663840),
(34,7,NULL,31,1,0,'[164]',1,1719663840),
(35,7,NULL,31,18,0,'[131]',1,1719663840),
(36,3,NULL,31,2,0,'[159]',1,1719664560),
(37,3,NULL,31,21,0,'[148]',0,1719664560),
(38,3,NULL,31,10,0,'[156]',1,1719664560),
(39,3,NULL,31,18,0,'[131]',1,1719664560),
(40,3,NULL,31,1,0,'[164]',1,1719664560),
(41,3,NULL,31,22,0,'[150]',1,1719664560),
(42,3,NULL,31,19,0,'[139]',1,1719664560),
(43,3,NULL,31,20,0,'[144]',1,1719664560),
(44,3,NULL,31,17,0,'[126]',1,1719664560),
(47,8,NULL,31,10,0,'[156]',1,1719933780),
(48,8,NULL,31,18,0,'[167]',1,1719933780),
(49,9,NULL,31,23,0,'[186]',1,1719933900),
(50,9,NULL,31,20,0,'[143]',0,1719933900),
(51,10,NULL,31,21,0,'[]',0,1720069800),
(52,10,NULL,31,2,0,'[]',0,1720069800),
(53,10,NULL,31,17,0,'[]',0,1720069800),
(54,10,NULL,31,20,0,'[]',0,1720069800),
(55,10,NULL,31,1,0,'[]',0,1720069800),
(56,10,NULL,31,22,0,'[]',0,1720069800),
(57,10,NULL,31,18,0,'[]',0,1720069800),
(58,10,NULL,31,10,0,'[]',0,1720069800),
(59,10,NULL,31,23,0,'[]',0,1720069800),
(60,11,NULL,31,46,0,'[271]',1,1720283640),
(61,11,NULL,31,40,0,'[248]',1,1720283640),
(62,11,NULL,31,47,0,'[273]',1,1720283640),
(63,11,NULL,31,39,0,'[243]',1,1720283640),
(64,11,NULL,31,49,0,'[278]',0,1720283640),
(65,11,NULL,31,43,0,'[261]',1,1720283640),
(66,11,NULL,31,42,0,'[256]',1,1720283640),
(67,11,NULL,31,52,0,'[285]',1,1720283640),
(68,11,NULL,31,41,0,'[250]',1,1720283640),
(69,11,NULL,31,50,0,'[281]',1,1720283640),
(70,12,NULL,31,46,0,'[271]',1,1720283940),
(71,12,NULL,31,51,0,'[283]',1,1720283940),
(72,12,NULL,31,43,0,'[294]',1,1720283940),
(73,12,NULL,31,42,0,'[256]',1,1720283940),
(74,12,NULL,31,45,0,'[267]',1,1720283940),
(75,12,NULL,31,40,0,'[248]',1,1720283940),
(76,12,NULL,31,44,0,'[265]',1,1720283940),
(77,12,NULL,31,52,0,'[285]',1,1720283940),
(78,12,NULL,31,48,0,'[275]',0,1720283940),
(79,12,NULL,31,39,0,'[296]',1,1720283940),
(80,13,NULL,31,294,0,'[973]',1,1720707060),
(81,13,NULL,31,284,0,'[940]',1,1720707060),
(82,13,NULL,31,292,0,'[969]',0,1720707060),
(83,13,NULL,31,287,0,'[955]',1,1720707060),
(84,13,NULL,31,285,0,'[946]',1,1720707060),
(85,13,NULL,31,283,0,'[938]',1,1720707060),
(86,13,NULL,31,289,0,'[961]',1,1720707060),
(87,13,NULL,31,296,0,'[977]',1,1720707060),
(88,13,NULL,31,290,0,'[963]',1,1720707060),
(89,13,NULL,31,288,0,'[957]',1,1720707060),
(100,14,NULL,39,296,0,'[977]',1,1721199840),
(101,14,NULL,39,292,0,'[969]',0,1721199840),
(102,14,NULL,39,282,0,'[934]',0,1721199840),
(103,14,NULL,39,294,0,'[973]',1,1721199840),
(104,14,NULL,39,288,0,'[957]',1,1721199840),
(105,14,NULL,39,283,0,'[938]',1,1721199840),
(106,14,NULL,39,285,0,'[946]',1,1721199840),
(107,14,NULL,39,284,0,'[941]',0,1721199840),
(108,14,NULL,39,289,0,'[961]',1,1721199840),
(109,14,NULL,39,291,0,'[965]',0,1721199840),
(110,19,NULL,45,365,0,'[1237]',1,1721463420),
(111,19,NULL,45,366,0,'[1241]',1,1721463420),
(112,19,NULL,45,362,0,'[1227]',1,1721463420),
(113,19,NULL,45,373,0,'[1261]',1,1721463420),
(114,19,NULL,45,371,0,'[1257]',1,1721463420),
(115,19,NULL,45,363,0,'[1231]',1,1721463420),
(116,19,NULL,45,374,0,'[1264]',1,1721463420),
(117,19,NULL,45,372,0,'[1259]',1,1721463420),
(118,19,NULL,45,360,0,'[1221]',1,1721463420),
(119,19,NULL,45,375,0,'[1269]',1,1721463420),
(120,16,NULL,31,415,0,'[1421]',0,1721469840),
(121,16,NULL,31,412,0,'[1413]',1,1721469840),
(122,16,NULL,31,413,0,'[1415]',1,1721469840),
(123,16,NULL,31,410,0,'[1407]',1,1721469840),
(124,16,NULL,31,405,0,'[1385]',1,1721469840),
(125,16,NULL,31,414,0,'[1418]',1,1721469840),
(126,16,NULL,31,416,0,'[1423]',1,1721469840),
(127,16,NULL,31,409,0,'[1403]',1,1721469840),
(128,16,NULL,31,418,0,'[1427]',1,1721469840),
(129,16,NULL,31,417,0,'[1425]',1,1721469840),
(130,19,NULL,31,364,0,'[1235]',0,1721914440),
(131,19,NULL,31,360,0,'[1222]',0,1721914440),
(132,19,NULL,31,369,0,'[1250]',1,1721914440),
(133,19,NULL,31,363,0,'[1232]',0,1721914440),
(134,19,NULL,31,367,0,'[1244]',0,1721914440),
(135,19,NULL,31,374,0,'[1264]',1,1721914440),
(136,19,NULL,31,362,0,'[1228]',0,1721914440),
(137,19,NULL,31,366,0,'[1241]',1,1721914440),
(138,19,NULL,31,375,0,'[1269]',1,1721914440),
(139,19,NULL,31,376,0,'[1272]',1,1721914440),
(170,21,NULL,48,601,0,'[2069]',1,1723085040),
(171,21,NULL,48,543,0,'[1873]',1,1723085040),
(172,21,NULL,48,600,0,'[2065]',1,1723085040),
(173,21,NULL,48,523,0,'[1795]',0,1723085040),
(174,21,NULL,48,570,0,'[1970]',0,1723085040),
(175,21,NULL,48,588,0,'[2026]',1,1723085040),
(176,21,NULL,48,584,0,'[2014]',1,1723085040),
(177,21,NULL,48,530,0,'[1820]',1,1723085040),
(178,21,NULL,48,537,0,'[1849]',0,1723085040),
(179,21,NULL,48,583,0,'[2010]',1,1723085040),
(180,21,NULL,48,638,0,'[2207]',1,1723085040),
(181,21,NULL,48,641,0,'[2218]',1,1723085040),
(182,21,NULL,48,527,0,'[1810]',0,1723085040),
(183,21,NULL,48,535,0,'[1839]',0,1723085040),
(184,21,NULL,48,564,0,'[1952]',0,1723085040),
(185,21,NULL,48,631,0,'[2260]',0,1723085040),
(186,21,NULL,48,541,0,'[1865]',1,1723085040),
(187,21,NULL,48,501,0,'[1718]',1,1723085040),
(188,21,NULL,48,643,0,'[2226]',1,1723085040),
(189,21,NULL,48,650,0,'[2250]',1,1723085040),
(190,21,NULL,48,590,0,'[2034]',0,1723085040),
(191,21,NULL,48,616,0,'[2115]',0,1723085040),
(192,21,NULL,48,561,0,'[1943]',1,1723085040),
(193,21,NULL,48,507,0,'[1734]',1,1723085040),
(194,21,NULL,48,635,0,'[2194]',0,1723085040),
(195,21,NULL,48,605,0,'[2081]',1,1723085040),
(196,21,NULL,48,587,0,'[2023]',0,1723085040),
(197,21,NULL,48,646,0,'[2237]',1,1723085040),
(198,21,NULL,48,637,0,'[2200]',0,1723085040),
(199,21,NULL,48,519,0,'[1779]',0,1723085040),
(200,21,NULL,31,617,0,'[2117]',1,1723089660),
(201,21,NULL,31,652,0,'[2253]',1,1723089660),
(202,21,NULL,31,649,0,'[2246]',1,1723089660),
(203,21,NULL,31,646,0,'[2237]',1,1723089660),
(204,21,NULL,31,582,0,'[2006]',1,1723089660),
(205,21,NULL,31,612,0,'[2104]',1,1723089660),
(206,21,NULL,31,597,0,'[2056]',0,1723089660),
(207,21,NULL,31,557,0,'[1927]',1,1723089660),
(208,21,NULL,31,609,0,'[2093]',0,1723089660),
(209,21,NULL,31,614,0,'[2110]',1,1723089660),
(210,21,NULL,31,529,0,'[1818]',0,1723089660),
(211,21,NULL,31,548,0,'[1893]',1,1723089660),
(212,21,NULL,31,571,0,'[1974]',0,1723089660),
(213,21,NULL,31,524,0,'[1799]',0,1723089660),
(214,21,NULL,31,566,0,'[1958]',1,1723089660),
(215,21,NULL,31,640,0,'[2213]',1,1723089660),
(216,21,NULL,31,501,0,'[1718]',1,1723089660),
(217,21,NULL,31,639,0,'[2211]',1,1723089660),
(218,21,NULL,31,531,0,'[1825]',1,1723089660),
(219,21,NULL,31,637,0,'[2200]',0,1723089660),
(220,21,NULL,31,574,0,'[]',0,1723089660),
(221,21,NULL,31,648,0,'[2243]',1,1723089660),
(222,21,NULL,31,586,0,'[2020]',1,1723089660),
(223,21,NULL,31,506,0,'[1732]',1,1723089660),
(224,21,NULL,31,526,0,'[1804]',0,1723089660),
(225,21,NULL,31,570,0,'[1969]',0,1723089660),
(226,21,NULL,31,651,0,'[2251]',1,1723089660),
(227,21,NULL,31,508,0,'[1736]',1,1723089660),
(228,21,NULL,31,641,0,'[2218]',1,1723089660),
(229,21,NULL,31,634,0,'[2192]',1,1723089660),
(230,22,NULL,31,644,0,'[2231]',1,1723164360),
(231,22,NULL,31,605,0,'[2081]',1,1723164360),
(232,22,NULL,31,519,0,'[1779]',0,1723164360),
(233,22,NULL,31,536,0,'[1842]',0,1723164360),
(234,22,NULL,31,535,0,'[1838]',1,1723164360),
(235,22,NULL,31,499,0,'[1712]',1,1723164360),
(236,22,NULL,31,534,0,'[1835]',1,1723164360),
(237,22,NULL,31,537,0,'[1849]',0,1723164360),
(238,22,NULL,31,608,0,'[2091]',0,1723164360),
(239,22,NULL,31,574,0,'[1980]',0,1723164360),
(240,22,NULL,31,548,0,'[1893]',1,1723367520),
(241,22,NULL,31,562,0,'[1946]',0,1723367520),
(242,22,NULL,31,643,0,'[2226]',1,1723367520),
(243,22,NULL,31,507,0,'[1734]',1,1723367520),
(244,22,NULL,31,580,0,'[1998]',1,1723367520),
(245,22,NULL,31,553,0,'[1911]',1,1723367520),
(246,22,NULL,31,577,0,'[1989]',0,1723367520),
(247,22,NULL,31,635,0,'[2194]',0,1723367520),
(248,22,NULL,31,572,0,'[1977]',1,1723367520),
(249,22,NULL,31,542,0,'[1869]',1,1723367520),
(250,22,NULL,31,534,0,'[1835]',1,1723367520),
(251,22,NULL,31,599,0,'[2063]',0,1723367520),
(252,22,NULL,31,531,0,'[]',0,1723367520),
(253,22,NULL,31,561,0,'[1943]',1,1723367520),
(254,22,NULL,31,525,0,'[1802]',0,1723367520),
(255,22,NULL,31,544,0,'[1877]',1,1723367520),
(256,22,NULL,31,514,0,'[1759]',0,1723367520),
(257,22,NULL,31,600,0,'[2067]',0,1723367520),
(258,22,NULL,31,628,0,'[2159]',1,1723367520),
(259,22,NULL,31,581,0,'[2002]',1,1723367520),
(260,22,NULL,31,641,0,'[2218]',1,1723369200),
(261,22,NULL,31,556,0,'[1923]',1,1723369200),
(262,22,NULL,31,594,0,'[2048]',1,1723369200),
(263,22,NULL,31,595,0,'[2050]',0,1723369200),
(264,22,NULL,31,550,0,'[1901]',1,1723369200),
(265,22,NULL,31,629,0,'[2164]',1,1723369200),
(266,22,NULL,31,503,0,'[1724]',1,1723369200),
(267,22,NULL,31,501,0,'[1718]',1,1723369200),
(268,22,NULL,31,650,0,'[2249]',0,1723369200),
(269,22,NULL,31,538,0,'[1851]',0,1723369200),
(270,22,NULL,31,577,0,'[1989]',0,1723369260),
(271,22,NULL,31,529,0,'[1818]',0,1723369260),
(272,22,NULL,31,553,0,'[1911]',1,1723369260),
(273,22,NULL,31,555,0,'[1919]',1,1723369260),
(274,22,NULL,31,648,0,'[2243]',1,1723369260),
(275,22,NULL,31,620,0,'[2130]',1,1723369260),
(276,22,NULL,31,541,0,'[1865]',1,1723369260),
(277,22,NULL,31,594,0,'[2048]',1,1723369260),
(278,22,NULL,31,642,0,'[2220]',1,1723369260),
(279,22,NULL,31,617,0,'[2117]',1,1723369260),
(280,22,NULL,31,635,0,'[2195]',0,1723374060),
(281,22,NULL,31,526,0,'[1806]',1,1723374060),
(282,22,NULL,31,502,0,'[1722]',1,1723374060),
(283,22,NULL,31,519,0,'[1779]',0,1723374060),
(284,22,NULL,31,571,0,'[1973]',0,1723374060),
(285,22,NULL,31,637,0,'[2200]',0,1723374060),
(286,22,NULL,31,572,0,'[1977]',1,1723374060),
(287,22,NULL,31,620,0,'[2130]',1,1723374060),
(288,22,NULL,31,522,0,'[1791]',0,1723374060),
(289,22,NULL,31,628,0,'[2159]',1,1723374060),
(290,22,NULL,31,563,0,'[1949]',0,1723382880),
(291,22,NULL,31,547,0,'[]',0,1723382880),
(292,22,NULL,31,570,0,'[]',0,1723382880),
(293,22,NULL,31,546,0,'[1885]',1,1723382880),
(294,22,NULL,31,535,0,'[]',0,1723382880),
(295,22,NULL,31,644,0,'[2231]',1,1723382880),
(296,22,NULL,31,633,0,'[2189]',0,1723382880),
(297,22,NULL,31,533,0,'[1833]',0,1723382880),
(298,22,NULL,31,543,0,'[1873]',1,1723382880),
(299,22,NULL,31,651,0,'[]',0,1723382880),
(300,22,NULL,31,574,0,'[1981]',1,1723383000),
(301,22,NULL,31,512,0,'[1751]',1,1723383000),
(302,22,NULL,31,622,0,'[]',0,1723383000),
(303,22,NULL,31,623,0,'[]',0,1723383000),
(304,22,NULL,31,535,0,'[]',0,1723383000),
(305,22,NULL,31,587,0,'[]',0,1723383000),
(306,22,NULL,31,624,0,'[]',0,1723383000),
(307,22,NULL,31,550,0,'[]',0,1723383000),
(308,22,NULL,31,607,0,'[]',0,1723383000),
(309,22,NULL,31,545,0,'[1881]',1,1723383000),
(310,21,NULL,48,520,0,'[1783]',0,1723383540),
(311,21,NULL,48,556,0,'[1923]',1,1723383540),
(312,21,NULL,48,639,0,'[2211]',1,1723383540),
(313,21,NULL,48,575,0,'[1983]',1,1723383540),
(314,21,NULL,48,506,0,'[1732]',1,1723383540),
(315,21,NULL,48,610,0,'[2097]',1,1723383540),
(316,21,NULL,48,632,0,'[2185]',0,1723383540),
(317,21,NULL,48,650,0,'[2250]',1,1723383540),
(318,21,NULL,48,584,0,'[2014]',1,1723383540),
(319,21,NULL,48,652,0,'[2253]',1,1723383540),
(320,21,NULL,48,517,0,'[1772]',1,1723383540),
(321,21,NULL,48,543,0,'[1873]',1,1723383540),
(322,21,NULL,48,540,0,'[1861]',0,1723383540),
(323,21,NULL,48,533,0,'[1832]',0,1723383540),
(324,21,NULL,48,630,0,'[2167,2168]',1,1723383540),
(325,21,NULL,48,521,0,'[1786]',1,1723383540),
(326,21,NULL,48,547,0,'[1889]',1,1723383540),
(327,21,NULL,48,633,0,'[2188]',0,1723383540),
(328,21,NULL,48,593,0,'[2044]',1,1723383540),
(329,21,NULL,48,501,0,'[1718]',1,1723383540),
(330,21,NULL,48,549,0,'[1897]',1,1723383540),
(331,21,NULL,48,582,0,'[2006]',1,1723383540),
(332,21,NULL,48,557,0,'[1927]',1,1723383540),
(333,21,NULL,48,587,0,'[2023]',0,1723383540),
(334,21,NULL,48,499,0,'[1712]',1,1723383540),
(335,21,NULL,48,597,0,'[2057]',0,1723383540),
(336,21,NULL,48,604,0,'[2078]',1,1723383540),
(337,21,NULL,48,647,0,'[2241]',1,1723383540),
(338,21,NULL,48,553,0,'[1911]',1,1723383540),
(339,21,NULL,48,586,0,'[2020]',1,1723383540),
(340,22,NULL,31,511,0,'[1747]',0,1723385280),
(341,22,NULL,31,550,0,'[1901]',1,1723385280),
(342,22,NULL,31,526,0,'[1805]',0,1723385280),
(343,22,NULL,31,578,0,'[1993]',1,1723385280),
(344,22,NULL,31,652,0,'[2253]',1,1723385280),
(345,22,NULL,31,554,0,'[1915]',1,1723385280),
(346,22,NULL,31,607,0,'[2087]',1,1723385280),
(347,22,NULL,31,626,0,'[2152]',0,1723385280),
(348,22,NULL,31,525,0,'[1802]',0,1723385280),
(349,22,NULL,31,575,0,'[1983]',1,1723385280),
(350,22,NULL,31,641,0,'[2218]',1,1723385340),
(351,22,NULL,31,505,0,'[1731]',1,1723385340),
(352,22,NULL,31,558,0,'[1931]',1,1723385340),
(353,22,NULL,31,576,0,'[1987]',1,1723385340),
(354,22,NULL,31,640,0,'[2213]',1,1723385340),
(355,22,NULL,31,552,0,'[1906]',1,1723385340),
(356,22,NULL,31,533,0,'[1833]',0,1723385340),
(357,22,NULL,31,635,0,'[2195]',0,1723385340),
(358,22,NULL,31,590,0,'[2033]',1,1723385340),
(359,22,NULL,31,551,0,'[2267]',1,1723385340),
(360,22,NULL,31,654,0,'[2257]',1,1723385520),
(361,22,NULL,31,506,0,'[1732]',1,1723385520),
(362,22,NULL,31,635,0,'[2194]',0,1723385520),
(363,22,NULL,31,560,0,'[1941]',1,1723385520),
(364,22,NULL,31,546,0,'[1885]',1,1723385520),
(365,22,NULL,31,538,0,'[1853]',0,1723385520),
(366,22,NULL,31,596,0,'[2053]',0,1723385520),
(367,22,NULL,31,590,0,'[2034]',0,1723385520),
(368,22,NULL,31,569,0,'[1967]',0,1723385520),
(369,22,NULL,31,587,0,'[2023]',0,1723385520),
(370,22,NULL,31,509,0,'[1738]',1,1723385580),
(371,22,NULL,31,521,0,'[1787]',0,1723385580),
(372,22,NULL,31,563,0,'[1949]',0,1723385580),
(373,22,NULL,31,575,0,'[1983]',1,1723385580),
(374,22,NULL,31,644,0,'[2231]',1,1723385580),
(375,22,NULL,31,608,0,'[2091]',0,1723385580),
(376,22,NULL,31,583,0,'[2010]',1,1723385580),
(377,22,NULL,31,630,0,'[2264]',1,1723385580),
(378,22,NULL,31,633,0,'[2188]',0,1723385580),
(379,22,NULL,31,529,0,'[1818]',0,1723385580),
(380,22,NULL,31,510,0,'[1743]',0,1723385760),
(381,22,NULL,31,529,0,'[1818]',0,1723385760),
(382,22,NULL,31,600,0,'[2067]',0,1723385760),
(383,22,NULL,31,498,0,'[1707]',1,1723385760),
(384,22,NULL,31,616,0,'[2115]',0,1723385760),
(385,22,NULL,31,598,0,'[2061]',0,1723385760),
(386,22,NULL,31,608,0,'[2091]',0,1723385760),
(387,22,NULL,31,545,0,'[1881]',1,1723385760),
(388,22,NULL,31,613,0,'[2108]',1,1723385760),
(389,22,NULL,31,628,0,'[2159]',1,1723385760),
(390,22,NULL,31,504,0,'[1728]',0,1723385940),
(391,22,NULL,31,607,0,'[2088]',0,1723385940),
(392,22,NULL,31,592,0,'[2040]',1,1723385940),
(393,22,NULL,31,588,0,'[2025]',0,1723385940),
(394,22,NULL,31,569,0,'[1968]',1,1723385940),
(395,22,NULL,31,563,0,'[1949]',0,1723385940),
(396,22,NULL,31,553,0,'[1911]',1,1723385940),
(397,22,NULL,31,532,0,'[1829]',0,1723385940),
(398,22,NULL,31,577,0,'[1989]',0,1723385940),
(399,22,NULL,31,615,0,'[2112]',1,1723385940),
(400,22,NULL,31,620,0,'[2130]',1,1723386000),
(401,22,NULL,31,642,0,'[2220]',1,1723386000),
(402,22,NULL,31,633,0,'[2188]',0,1723386000),
(403,22,NULL,31,608,0,'[2091]',0,1723386000),
(404,22,NULL,31,589,0,'[2029]',1,1723386000),
(405,22,NULL,31,501,0,'[1718]',1,1723386000),
(406,22,NULL,31,567,0,'[1961]',1,1723386000),
(407,22,NULL,31,617,0,'[2119]',0,1723386000),
(408,22,NULL,31,597,0,'[2058]',0,1723386000),
(409,22,NULL,31,559,0,'[1935]',1,1723386000),
(410,22,NULL,31,638,0,'[2207]',1,1723386060),
(411,22,NULL,31,596,0,'[2054]',1,1723386060),
(412,22,NULL,31,526,0,'[1805]',0,1723386060),
(413,22,NULL,31,528,0,'[1814]',0,1723386060),
(414,22,NULL,31,580,0,'[1998]',1,1723386060),
(415,22,NULL,31,524,0,'[1799]',0,1723386060),
(416,22,NULL,31,588,0,'[2026]',1,1723386060),
(417,22,NULL,31,583,0,'[2010]',1,1723386060),
(418,22,NULL,31,522,0,'[1790]',0,1723386060),
(419,22,NULL,31,551,0,'[2267]',1,1723386060),
(420,21,NULL,48,614,0,'[2110]',1,1723386180),
(421,21,NULL,48,562,0,'[1947]',1,1723386180),
(422,21,NULL,48,556,0,'[1923]',1,1723386180),
(423,21,NULL,48,554,0,'[1915]',1,1723386180),
(424,21,NULL,48,631,0,'[2261]',0,1723386180),
(425,21,NULL,48,560,0,'[1941]',1,1723386180),
(426,21,NULL,48,552,0,'[1907]',0,1723386180),
(427,21,NULL,48,645,0,'[2235]',1,1723386180),
(428,21,NULL,48,496,0,'[1699]',1,1723386180),
(429,21,NULL,48,510,0,'[1743]',0,1723386180),
(430,21,NULL,48,593,0,'[2044]',1,1723386180),
(431,21,NULL,48,570,0,'[1971]',1,1723386180),
(432,21,NULL,48,549,0,'[1897]',1,1723386180),
(433,21,NULL,48,531,0,'[1825]',1,1723386180),
(434,21,NULL,48,636,0,'[2197]',0,1723386180),
(435,21,NULL,48,578,0,'[1993]',1,1723386180),
(436,21,NULL,48,642,0,'[2220]',1,1723386180),
(437,21,NULL,48,574,0,'[1981]',1,1723386180),
(438,21,NULL,48,546,0,'[1885]',1,1723386180),
(439,21,NULL,48,583,0,'[2010]',1,1723386180),
(440,21,NULL,48,509,0,'[1738]',1,1723386180),
(441,21,NULL,48,612,0,'[2104]',1,1723386180),
(442,21,NULL,48,611,0,'[2100]',1,1723386180),
(443,21,NULL,48,615,0,'[2112]',1,1723386180),
(444,21,NULL,48,548,0,'[1893]',1,1723386180),
(445,21,NULL,48,558,0,'[1930]',1,1723386180),
(446,21,NULL,48,542,0,'[1869]',1,1723386180),
(447,21,NULL,48,532,0,'[1829]',0,1723386180),
(448,21,NULL,48,526,0,'[1806]',1,1723386180),
(449,21,NULL,48,540,0,'[1861]',0,1723386180),
(450,22,NULL,31,639,0,'[2211]',1,1723386300),
(451,22,NULL,31,504,0,'[1728]',0,1723386300),
(452,22,NULL,31,518,0,'[1775]',1,1723386300),
(453,22,NULL,31,649,0,'[2247]',0,1723386300),
(454,22,NULL,31,526,0,'[1806]',1,1723386300),
(455,22,NULL,31,645,0,'[2235]',1,1723386300),
(456,22,NULL,31,618,0,'[2122]',0,1723386300),
(457,22,NULL,31,523,0,'[1795]',0,1723386300),
(458,22,NULL,31,538,0,'[1853]',0,1723386300),
(459,22,NULL,31,516,0,'[1767]',0,1723386300),
(460,22,NULL,31,598,0,'[2061]',0,1723386600),
(461,22,NULL,31,630,0,'[2264]',1,1723386600),
(462,22,NULL,31,628,0,'[2159]',1,1723386600),
(463,22,NULL,31,572,0,'[1977]',1,1723386600),
(464,22,NULL,31,653,0,'[2255]',1,1723386600),
(465,22,NULL,31,649,0,'[2246]',1,1723386600),
(466,22,NULL,31,534,0,'[1835]',1,1723386600),
(467,22,NULL,31,522,0,'[1791]',0,1723386600),
(468,22,NULL,31,518,0,'[1775]',1,1723386600),
(469,22,NULL,31,587,0,'[2023]',0,1723386600),
(470,22,NULL,31,593,0,'[2044]',1,1723392120),
(471,22,NULL,31,501,0,'[1718]',1,1723392120),
(472,22,NULL,31,574,0,'[1981]',1,1723392120),
(473,22,NULL,31,509,0,'[1738]',1,1723392120),
(474,22,NULL,31,586,0,'[2020]',1,1723392120),
(475,22,NULL,31,497,0,'[1701]',1,1723392120),
(476,22,NULL,31,545,0,'[1881]',1,1723392120),
(477,22,NULL,31,615,0,'[2112]',1,1723392120),
(478,22,NULL,31,614,0,'[2110]',1,1723392120),
(479,22,NULL,31,605,0,'[2081]',1,1723392120),
(480,22,NULL,31,631,0,'[2260]',0,1723392780),
(481,22,NULL,31,576,0,'[1987]',1,1723392780),
(482,22,NULL,31,606,0,'[2085]',1,1723392780),
(483,22,NULL,31,595,0,'[2050]',0,1723392780),
(484,22,NULL,31,524,0,'[1799]',0,1723392780),
(485,22,NULL,31,653,0,'[2255]',1,1723392780),
(486,22,NULL,31,562,0,'[1946]',0,1723392780),
(487,22,NULL,31,533,0,'[1832]',0,1723392780),
(488,22,NULL,31,652,0,'[2253]',1,1723392780),
(489,22,NULL,31,641,0,'[2218]',1,1723392780),
(490,22,NULL,31,644,0,'[2231]',1,1723393080),
(491,22,NULL,31,563,0,'[1949]',0,1723393080),
(492,22,NULL,31,530,0,'[1821]',0,1723393080),
(493,22,NULL,31,568,0,'[1965]',1,1723393080),
(494,22,NULL,31,512,0,'[1751]',1,1723393080),
(495,22,NULL,31,653,0,'[2255]',1,1723393080),
(496,22,NULL,31,627,0,'[2155]',0,1723393080),
(497,22,NULL,31,495,0,'[1694]',1,1723393080),
(498,22,NULL,31,514,0,'[1759]',0,1723393080),
(499,22,NULL,31,558,0,'[2270]',1,1723393080),
(500,19,NULL,31,604,0,'[2078]',1,1723425120),
(501,19,NULL,31,607,0,'[2088]',0,1723425120),
(502,19,NULL,31,611,0,'[2100]',1,1723425120),
(503,19,NULL,31,609,0,'[2093]',0,1723425120),
(504,19,NULL,31,602,0,'[2072]',0,1723425120),
(505,19,NULL,31,601,0,'[2069]',1,1723425120),
(506,19,NULL,31,595,0,'[2050]',0,1723425120),
(507,19,NULL,31,598,0,'[2060]',0,1723425120),
(508,19,NULL,31,594,0,'[2048]',1,1723425120),
(509,19,NULL,31,606,0,'[2085]',1,1723425120),
(510,19,NULL,31,596,0,'[2054]',1,1723426320),
(511,19,NULL,31,597,0,'[]',0,1723426320),
(512,19,NULL,31,603,0,'[2076]',0,1723426320),
(513,19,NULL,31,601,0,'[2069]',1,1723426320),
(514,19,NULL,31,608,0,'[2091]',0,1723426320),
(515,19,NULL,31,607,0,'[2087]',1,1723426320),
(516,19,NULL,31,594,0,'[2048]',1,1723426320),
(517,19,NULL,31,602,0,'[2072]',0,1723426320),
(518,19,NULL,31,610,0,'[2097]',1,1723426320),
(519,19,NULL,31,605,0,'[2081]',1,1723426320),
(520,25,NULL,31,635,0,'[2195]',0,1723435620),
(521,25,NULL,31,528,0,'[1814]',0,1723435620),
(522,25,NULL,31,602,0,'[2072]',0,1723435620),
(523,25,NULL,31,598,0,'[2060]',0,1723435620),
(524,25,NULL,31,577,0,'[1989]',0,1723435620),
(525,25,NULL,31,509,0,'[1738]',1,1723435620),
(526,25,NULL,31,574,0,'[1981]',1,1723435620),
(527,25,NULL,31,506,0,'[1732]',1,1723435620),
(528,25,NULL,31,544,0,'[1877]',1,1723435620),
(529,25,NULL,31,647,0,'[2241]',1,1723435620),
(530,25,NULL,31,569,0,'[1967]',0,1723473540),
(531,25,NULL,31,608,0,'[2091]',0,1723473540),
(532,25,NULL,31,650,0,'[2250]',1,1723473540),
(533,25,NULL,31,551,0,'[2267]',1,1723473540),
(534,25,NULL,31,511,0,'[1746]',1,1723473540),
(535,25,NULL,31,620,0,'[2130]',1,1723473540),
(536,25,NULL,31,580,0,'[1998]',1,1723473540),
(537,25,NULL,31,603,0,'[2076]',0,1723473540),
(538,25,NULL,31,566,0,'[1958]',1,1723473540),
(539,25,NULL,31,630,0,'[2264]',1,1723473540),
(540,25,NULL,31,570,0,'[1970]',0,1723475700),
(541,25,NULL,31,565,0,'[1955]',0,1723475700),
(542,25,NULL,31,501,0,'[1719]',0,1723475700),
(543,25,NULL,31,631,0,'[2260]',0,1723475700),
(544,25,NULL,31,543,0,'[1873]',1,1723475700),
(545,25,NULL,31,531,0,'[1825]',1,1723475700),
(546,25,NULL,31,633,0,'[2188]',0,1723475700),
(547,25,NULL,31,623,0,'[2140]',0,1723475700),
(548,25,NULL,31,564,0,'[1952]',0,1723475700),
(549,25,NULL,31,575,0,'[1983]',1,1723475700),
(550,25,NULL,31,619,0,'[2126]',1,1723475820),
(551,25,NULL,31,625,0,'[2148]',1,1723475820),
(552,25,NULL,31,647,0,'[2241]',1,1723475820),
(553,25,NULL,31,571,0,'[1972]',1,1723475820),
(554,25,NULL,31,624,0,'[2145]',1,1723475820),
(555,25,NULL,31,565,0,'[1955]',0,1723475820),
(556,25,NULL,31,623,0,'[2141]',1,1723475820),
(557,25,NULL,31,613,0,'[2108]',1,1723475820),
(558,25,NULL,31,574,0,'[1981]',1,1723475820),
(559,25,NULL,31,622,0,'[2137]',1,1723475820),
(560,25,NULL,31,645,0,'[2235]',1,1723476120),
(561,25,NULL,31,633,0,'[2188]',0,1723476120),
(562,25,NULL,31,628,0,'[2159]',1,1723476120),
(563,25,NULL,31,582,0,'[2006]',1,1723476120),
(564,25,NULL,31,507,0,'[1734]',1,1723476120),
(565,25,NULL,31,511,0,'[1744]',0,1723476120),
(566,25,NULL,31,587,0,'[2023]',0,1723476120),
(567,25,NULL,31,544,0,'[1877]',1,1723476120),
(568,25,NULL,31,606,0,'[2084]',0,1723476120),
(569,25,NULL,31,594,0,'[2048]',1,1723476120),
(570,25,NULL,31,634,0,'[2192]',1,1723520640),
(571,25,NULL,31,541,0,'[1865]',1,1723520640),
(572,25,NULL,31,527,0,'[1809]',0,1723520640),
(573,25,NULL,31,635,0,'[2193]',1,1723520640),
(574,25,NULL,31,585,0,'[2015]',1,1723520640),
(575,25,NULL,31,623,0,'[2139]',0,1723520640),
(576,25,NULL,31,626,0,'[2151]',0,1723520640),
(577,25,NULL,31,545,0,'[1879]',0,1723520640),
(578,25,NULL,31,636,0,'[2197]',0,1723520640),
(579,25,NULL,31,649,0,'[2246]',1,1723520640),
(650,28,468,50,580,0,'[]',0,1723598220),
(651,28,468,50,584,0,'[]',0,1723598220),
(652,28,468,50,615,0,'[]',0,1723598220),
(653,28,468,50,520,0,'[]',0,1723598220),
(654,28,468,50,516,0,'[]',0,1723598220),
(655,28,468,50,603,0,'[]',0,1723598220),
(656,28,468,50,561,0,'[]',0,1723598220),
(657,28,468,50,624,0,'[]',0,1723598220),
(658,28,468,50,524,0,'[]',0,1723598220),
(659,28,468,50,556,0,'[]',0,1723598220),
(660,28,468,50,632,0,'[]',0,1723598220),
(661,28,468,50,643,0,'[]',0,1723598220),
(662,28,468,50,548,0,'[]',0,1723598220),
(663,28,468,50,562,0,'[]',0,1723598220),
(664,28,468,50,642,0,'[]',0,1723598220),
(665,28,468,50,644,0,'[]',0,1723598220),
(666,28,468,50,608,0,'[]',0,1723598220),
(667,28,468,50,504,0,'[]',0,1723598220),
(668,28,468,50,544,0,'[]',0,1723598220),
(669,28,468,50,641,0,'[]',0,1723598220),
(670,28,468,50,622,0,'[]',0,1723598220),
(671,28,468,50,531,0,'[]',0,1723598220),
(672,28,469,50,587,0,'[2023]',0,1723599840),
(673,28,469,50,649,0,'[2246]',1,1723599840),
(674,28,469,50,620,0,'[2130]',1,1723599840),
(675,28,469,50,508,0,'[1736]',1,1723599840),
(676,28,469,50,648,0,'[2243]',1,1723599840),
(677,28,469,50,521,0,'[1786]',1,1723599840),
(678,28,469,50,606,0,'[2085]',1,1723599840),
(679,28,469,50,511,0,'[1746]',1,1723599840),
(680,28,469,50,647,0,'[2241]',1,1723599840),
(681,28,469,50,632,0,'[2184]',1,1723599840),
(682,28,469,50,579,0,'[1995]',1,1723599840),
(683,28,469,50,635,0,'[2195]',0,1723599840),
(684,28,469,50,551,0,'[2267]',1,1723599840),
(685,28,469,50,564,0,'[1952]',0,1723599840),
(686,28,469,50,607,0,'[2087]',1,1723599840),
(687,28,469,50,532,0,'[1828]',1,1723599840),
(688,28,469,50,546,0,'[1885]',1,1723599840),
(689,28,469,50,569,0,'[1967]',0,1723599840),
(690,28,469,50,514,0,'[1759]',0,1723599840),
(691,28,469,50,561,0,'[1943]',1,1723599840),
(692,28,469,50,529,0,'[1817]',0,1723599840),
(693,28,469,50,653,0,'[2255]',1,1723599840),
(694,27,470,50,616,0,'[2114]',1,1723605240),
(695,27,470,50,530,0,'[1820]',1,1723605240),
(696,27,470,50,614,0,'[2109]',1,1723605240),
(697,27,470,50,596,0,'[2052]',0,1723605240),
(698,27,470,50,584,0,'[2014]',1,1723605240),
(699,27,470,50,612,0,'[2104]',1,1723605240),
(700,27,470,50,602,0,'[2072]',0,1723605240),
(701,27,470,50,511,0,'[1746]',1,1723605240),
(702,27,470,50,527,0,'[1810]',0,1723605240),
(703,27,470,50,551,0,'[2267]',1,1723605240),
(714,29,472,50,614,0,'[2110]',1,1723605960),
(715,29,472,50,589,0,'[2030]',0,1723605960),
(716,29,472,50,615,0,'[2112]',1,1723605960),
(717,29,472,50,644,0,'[2231]',1,1723605960),
(718,29,472,50,640,0,'[2213]',1,1723605960),
(719,29,472,50,520,0,'[2288]',0,1723605960),
(720,29,472,50,595,0,'[2050]',0,1723605960),
(721,29,472,50,540,0,'[1861]',0,1723605960),
(722,29,472,50,624,0,'[2145]',1,1723605960),
(723,29,472,50,541,0,'[1865]',1,1723605960),
(724,29,473,50,568,0,'[1965]',1,1723606080),
(725,29,473,50,524,0,'[1799]',0,1723606080),
(726,29,473,50,579,0,'[1995]',1,1723606080),
(727,29,473,50,608,0,'[2091]',0,1723606080),
(728,29,473,50,599,0,'[2064]',0,1723606080),
(729,29,473,50,613,0,'[2108]',1,1723606080),
(730,29,473,50,593,0,'[2044]',1,1723606080),
(731,29,473,50,559,0,'[1935]',1,1723606080),
(732,29,473,50,497,0,'[1701]',1,1723606080),
(733,29,473,50,511,0,'[1746]',1,1723606080);

/*Table structure for table `olala3w_examination_logs` */

DROP TABLE IF EXISTS `olala3w_examination_logs`;

CREATE TABLE `olala3w_examination_logs` (
  `examination_logs_id` double NOT NULL AUTO_INCREMENT,
  `examination_id` int(11) NOT NULL DEFAULT 0,
  `user_id` int(11) NOT NULL DEFAULT 0,
  `status` int(1) NOT NULL DEFAULT 0,
  `start` int(11) NOT NULL DEFAULT 0,
  `end` int(11) NOT NULL DEFAULT 0,
  `exam_order` int(11) DEFAULT 0,
  `score` float DEFAULT 0,
  PRIMARY KEY (`examination_logs_id`)
) ENGINE=InnoDB AUTO_INCREMENT=474 DEFAULT CHARSET=utf8;

/*Data for the table `olala3w_examination_logs` */

insert  into `olala3w_examination_logs`(`examination_logs_id`,`examination_id`,`user_id`,`status`,`start`,`end`,`exam_order`,`score`) values 
(1,1,25,1,1505152080,1505152080,0,0),
(2,1,1,1,1514790480,1514790480,0,0),
(9,4,1,1,1718638380,1718638380,0,0),
(10,5,27,0,0,0,0,0),
(11,5,28,0,0,0,0,0),
(12,5,29,0,0,0,0,0),
(13,5,30,0,0,0,0,0),
(14,5,32,0,0,0,0,0),
(15,5,31,1,1718886120,1718886180,0,0),
(16,3,1,0,0,0,0,0),
(17,3,25,0,0,0,0,0),
(18,3,27,0,0,0,0,0),
(19,3,28,0,0,0,0,0),
(20,3,29,0,0,0,0,0),
(21,3,30,0,0,0,0,0),
(22,3,31,1,1719664500,1719664560,1,0),
(23,3,32,0,0,0,0,0),
(24,3,33,0,0,0,0,0),
(25,6,1,1,1719663600,1719663660,0,0),
(26,7,27,0,0,0,0,0),
(27,7,28,0,0,0,0,0),
(28,7,29,0,0,0,0,0),
(29,7,30,0,0,0,0,0),
(30,7,31,1,1719663840,1719663840,0,0),
(31,7,32,0,0,0,0,0),
(32,7,33,0,0,0,0,0),
(47,8,27,0,0,0,0,0),
(48,8,28,0,0,0,0,0),
(49,8,29,0,0,0,0,0),
(50,8,30,0,0,0,0,0),
(51,8,31,1,1719933780,1719933780,0,0),
(52,8,32,0,0,0,0,0),
(53,8,33,0,0,0,0,0),
(54,9,27,0,0,0,0,0),
(55,9,28,0,0,0,0,0),
(56,9,29,0,0,0,0,0),
(57,9,30,0,0,0,0,0),
(58,9,31,1,1719933840,1719933900,0,0),
(59,9,32,0,0,0,0,0),
(60,9,33,0,0,0,0,0),
(61,10,27,0,0,0,0,0),
(62,10,28,0,0,0,0,0),
(63,10,29,0,0,0,0,0),
(64,10,30,0,0,0,0,0),
(65,10,31,1,1720069680,1720069800,0,0),
(66,10,32,0,0,0,0,0),
(67,10,33,0,0,0,0,0),
(68,11,27,0,0,0,0,0),
(69,11,28,0,0,0,0,0),
(70,11,29,0,0,0,0,0),
(71,11,30,0,0,0,0,0),
(72,11,31,1,1720283580,1720283640,0,0),
(73,11,32,0,0,0,0,0),
(74,11,33,0,0,0,0,0),
(75,12,27,0,0,0,0,0),
(76,12,28,0,0,0,0,0),
(77,12,29,0,0,0,0,0),
(78,12,30,0,0,0,0,0),
(79,12,31,1,1720283880,1720283940,0,0),
(80,12,32,0,0,0,0,0),
(81,12,33,0,0,0,0,0),
(82,13,27,0,0,0,0,0),
(83,13,28,0,0,0,0,0),
(84,13,29,0,0,0,0,0),
(85,13,30,0,0,0,0,0),
(86,13,31,1,1720707000,1720707060,0,0),
(87,13,32,0,0,0,0,0),
(88,13,33,0,0,0,0,0),
(97,14,42,0,0,0,0,0),
(98,14,41,0,0,0,0,0),
(99,14,40,0,0,0,0,0),
(100,14,39,1,1721199840,1721199840,0,0),
(101,14,31,0,0,0,0,0),
(102,14,32,0,0,0,0,0),
(103,14,33,0,0,0,0,0),
(104,14,35,0,0,0,0,0),
(105,14,36,0,0,0,0,0),
(106,14,37,0,0,0,0,0),
(107,14,38,0,0,0,0,0),
(108,14,43,0,0,0,0,0),
(109,15,1,0,0,0,0,0),
(110,15,25,0,0,0,0,0),
(111,15,42,0,0,0,0,0),
(112,15,41,0,0,0,0,0),
(113,15,40,0,0,0,0,0),
(114,15,39,0,0,0,0,0),
(115,15,31,0,0,0,0,0),
(116,15,32,0,0,0,0,0),
(117,15,33,0,0,0,0,0),
(118,15,35,0,0,0,0,0),
(119,15,36,0,0,0,0,0),
(120,15,37,0,0,0,0,0),
(121,15,38,0,0,0,0,0),
(122,15,43,0,0,0,0,0),
(123,15,44,0,0,0,0,0),
(124,15,45,0,0,0,0,0),
(125,15,46,0,0,0,0,0),
(126,15,47,0,0,0,0,0),
(127,16,42,0,0,0,0,0),
(128,16,41,0,0,0,0,0),
(129,16,40,0,0,0,0,0),
(130,16,39,0,0,0,0,0),
(131,16,31,1,1721469840,1721469840,0,0),
(132,16,32,0,0,0,0,0),
(133,16,33,0,0,0,0,0),
(134,16,35,0,0,0,0,0),
(135,16,36,0,0,0,0,0),
(136,16,37,0,0,0,0,0),
(137,16,38,0,0,0,0,0),
(138,16,43,0,0,0,0,0),
(139,16,44,0,0,0,0,0),
(140,16,45,0,0,0,0,0),
(141,16,46,0,0,0,0,0),
(142,16,47,0,0,0,0,0),
(143,17,42,0,0,0,0,0),
(144,17,41,0,0,0,0,0),
(145,17,40,0,0,0,0,0),
(146,17,39,0,0,0,0,0),
(147,17,31,0,0,0,0,0),
(148,17,32,0,0,0,0,0),
(149,17,33,0,0,0,0,0),
(150,17,35,0,0,0,0,0),
(151,17,36,0,0,0,0,0),
(152,17,37,0,0,0,0,0),
(153,17,38,0,0,0,0,0),
(154,17,43,0,0,0,0,0),
(155,17,44,0,0,0,0,0),
(156,17,45,0,0,0,0,0),
(157,17,46,0,0,0,0,0),
(158,17,47,0,0,0,0,0),
(159,18,42,0,0,0,0,0),
(160,18,41,0,0,0,0,0),
(161,18,40,0,0,0,0,0),
(162,18,39,0,0,0,0,0),
(163,18,31,1,1722329280,1722329280,0,0),
(164,18,32,0,0,0,0,0),
(165,18,33,0,0,0,0,0),
(166,18,35,0,0,0,0,0),
(167,18,36,0,0,0,0,0),
(168,18,37,0,0,0,0,0),
(169,18,38,0,0,0,0,0),
(170,18,43,0,0,0,0,0),
(171,18,44,0,0,0,0,0),
(172,18,45,0,0,0,0,0),
(173,18,46,0,0,0,0,0),
(174,18,47,0,0,0,0,0),
(175,19,42,0,0,0,0,0),
(176,19,41,0,0,0,0,0),
(177,19,40,0,0,0,0,0),
(178,19,39,0,0,0,0,0),
(179,19,31,1,1721914440,1721914440,0,0),
(180,19,32,0,0,0,0,0),
(181,19,33,0,0,0,0,0),
(182,19,35,0,0,0,0,0),
(183,19,36,0,0,0,0,0),
(184,19,37,0,0,0,0,0),
(185,19,38,0,0,0,0,0),
(186,19,43,0,0,0,0,0),
(187,19,44,0,0,0,0,0),
(188,19,45,1,1721463360,1721463420,0,0),
(189,19,46,0,0,0,0,0),
(190,19,47,0,0,0,0,0),
(239,20,42,0,0,0,0,0),
(240,20,41,0,0,0,0,0),
(241,20,40,0,0,0,0,0),
(242,20,39,0,0,0,0,0),
(243,20,31,1,1722244920,1722244920,0,0),
(244,20,32,0,0,0,0,0),
(245,20,33,0,0,0,0,0),
(246,20,35,0,0,0,0,0),
(247,20,36,0,0,0,0,0),
(248,20,37,0,0,0,0,0),
(249,20,38,0,0,0,0,0),
(250,20,43,0,0,0,0,0),
(251,20,44,0,0,0,0,0),
(252,20,45,0,0,0,0,0),
(253,20,46,0,0,0,0,0),
(254,20,47,0,0,0,0,0),
(271,21,42,0,0,0,0,0),
(272,21,41,0,0,0,0,0),
(273,21,40,0,0,0,0,0),
(274,21,39,0,0,0,0,0),
(275,21,31,1,1723089540,1723089660,0,0),
(276,21,32,0,0,0,0,0),
(277,21,33,0,0,0,0,0),
(278,21,35,0,0,0,0,0),
(279,21,36,0,0,0,0,0),
(280,21,37,0,0,0,0,0),
(281,21,38,0,0,0,0,0),
(282,21,43,0,0,0,0,0),
(283,21,44,0,0,0,0,0),
(284,21,45,0,0,0,0,0),
(285,21,46,0,0,0,0,0),
(286,21,47,0,0,0,0,0),
(287,21,48,1,1723084980,1723383540,0,0),
(288,22,42,0,0,0,0,0),
(289,22,41,0,0,0,0,0),
(290,22,40,0,0,0,0,0),
(291,22,39,0,0,0,0,0),
(293,22,32,0,0,0,0,0),
(294,22,33,0,0,0,0,0),
(295,22,35,0,0,0,0,0),
(296,22,36,0,0,0,0,0),
(297,22,37,0,0,0,0,0),
(298,22,38,0,0,0,0,0),
(299,22,43,0,0,0,0,0),
(300,22,44,0,0,0,0,0),
(301,22,45,0,0,0,0,0),
(302,22,46,0,0,0,0,0),
(303,22,47,0,0,0,0,0),
(304,22,48,0,0,0,0,0),
(305,23,42,0,0,0,0,0),
(306,23,41,0,0,0,0,0),
(307,23,40,0,0,0,0,0),
(308,23,39,0,0,0,0,0),
(309,23,31,0,0,0,0,0),
(310,23,32,0,0,0,0,0),
(311,23,33,0,0,0,0,0),
(312,23,35,0,0,0,0,0),
(313,23,36,0,0,0,0,0),
(314,23,37,0,0,0,0,0),
(315,23,38,0,0,0,0,0),
(316,23,43,0,0,0,0,0),
(317,23,44,0,0,0,0,0),
(318,23,45,0,0,0,0,0),
(319,23,46,0,0,0,0,0),
(320,23,47,0,0,0,0,0),
(321,23,48,0,0,0,0,0),
(361,24,42,0,0,0,0,0),
(362,24,41,0,0,0,0,0),
(363,24,40,0,0,0,0,0),
(364,24,39,0,0,0,0,0),
(365,24,31,0,0,0,0,0),
(366,24,32,0,0,0,0,0),
(367,24,33,0,0,0,0,0),
(368,24,35,0,0,0,0,0),
(369,24,36,0,0,0,0,0),
(370,24,37,0,0,0,0,0),
(371,24,38,0,0,0,0,0),
(372,24,43,0,0,0,0,0),
(373,24,44,0,0,0,0,0),
(374,24,45,0,0,0,0,0),
(375,24,46,0,0,0,0,0),
(376,24,47,0,0,0,0,0),
(377,24,48,0,0,0,0,0),
(378,22,31,1,1723392060,1723392120,1,100),
(379,22,31,1,1723392780,1723392780,1,50),
(380,22,31,1,1723393080,1723393080,1,60),
(381,19,31,1,1723425120,1723425120,1,50),
(382,19,31,1,1723426320,1723426320,1,60),
(383,25,42,0,0,0,0,0),
(384,25,41,0,0,0,0,0),
(385,25,40,0,0,0,0,0),
(386,25,39,0,0,0,0,0),
(388,25,32,0,0,0,0,0),
(389,25,33,0,0,0,0,0),
(390,25,35,0,0,0,0,0),
(391,25,36,0,0,0,0,0),
(392,25,37,0,0,0,0,0),
(393,25,38,0,0,0,0,0),
(394,25,43,0,0,0,0,0),
(395,25,44,0,0,0,0,0),
(396,25,45,0,0,0,0,0),
(397,25,46,0,0,0,0,0),
(398,25,47,0,0,0,0,0),
(399,25,48,0,0,0,0,0),
(400,25,31,1,1723435620,1723435620,1,50),
(401,25,31,1,1723473480,1723473540,1,70),
(402,25,31,1,1723475640,1723475700,1,30),
(403,25,31,1,1723475820,1723475820,1,90),
(404,25,31,1,1723476120,1723476120,1,60),
(405,25,31,1,1723520640,1723520640,1,50),
(462,12,49,1,1723569420,1723569420,2,0),
(463,12,50,1,1723570020,1723570020,1,0),
(468,28,50,1,1723594200,1723598220,1,0),
(469,28,50,1,1723599780,1723599840,2,73),
(470,27,50,1,1723605180,1723605240,1,70),
(472,29,50,1,1723605960,1723605960,1,60),
(473,29,50,1,1723606020,1723606080,2,70);

/*Table structure for table `olala3w_forum` */

DROP TABLE IF EXISTS `olala3w_forum`;

CREATE TABLE `olala3w_forum` (
  `forum_id` int(11) NOT NULL AUTO_INCREMENT,
  `forum_menu_id` int(11) NOT NULL,
  `name` varchar(255) NOT NULL,
  `title` varchar(255) NOT NULL,
  `description` varchar(255) NOT NULL,
  `keywords` text NOT NULL,
  `content` longtext NOT NULL,
  `is_active` int(1) NOT NULL DEFAULT 1,
  `hot` int(1) NOT NULL DEFAULT 0,
  `views` bigint(20) NOT NULL DEFAULT 1,
  `c_like` bigint(20) NOT NULL DEFAULT 0,
  `c_comment` bigint(20) NOT NULL,
  `created_time` int(11) NOT NULL DEFAULT 0,
  `user_id` int(11) NOT NULL DEFAULT 0,
  `modified_time` int(11) NOT NULL DEFAULT 0,
  `modified_user` int(11) NOT NULL DEFAULT 0,
  PRIMARY KEY (`forum_id`)
) ENGINE=MyISAM AUTO_INCREMENT=216 DEFAULT CHARSET=utf8;

/*Data for the table `olala3w_forum` */

insert  into `olala3w_forum`(`forum_id`,`forum_menu_id`,`name`,`title`,`description`,`keywords`,`content`,`is_active`,`hot`,`views`,`c_like`,`c_comment`,`created_time`,`user_id`,`modified_time`,`modified_user`) values 
(211,217,'Kiểm thử kết quả mới nhất 102 ...','','','','',1,0,9,0,1,1481171789,1,1482093709,1),
(212,217,'Kiểm thử kết quả mới nhất 103 ...','','','','',1,0,3,0,3,1481072037,1,0,0),
(214,217,'Trump nói Trung Quốc cứ giữ lấy thiết bị lặn của Mỹ EDIT 123','','','','<p>\"Chúng ta nên nói với Trung Quốc rằng ta không cần thiết bị lặn không người lái mà họ lấy nữa. Cứ để họ giữ chúng\", NBC News dẫn lời tổng thống đắc cử Mỹ Donald Trump viết.</p>\n\n<p style=\"text-align: center; \"><img src=\"/uploads/forum/admin/12-2016/104466114-Donald-Trump-OPINION-6287-7287-1482064261_1482090516.jpg\" style=\"\" /></p>\n\n<p style=\"text-align: center; \"><i>Tổng thống đắc cử Mỹ Donald Trump. Ảnh: AP</i></p>\n\n<p>\"Chúng ta nên nói với Trung Quốc rằng ta không cần thiết bị lặn không người lái mà họ lấy nữa. Cứ để họ giữ chúng\", NBC News dẫn lời tổng thống đắc cử Mỹ Donald Trump viết.</p>\n\n<p>Nhà tài phiệt New York đưa ra bình luận trên sau khi Bộ Quốc phòng Trung Quốc hôm qua ngỏ ý muốn trả lại thiết bị lặn của Mỹ mà họ thu giữ trên Biển Đông cách đây ba ngày, đồng thời Lầu Năm Góc cũng cho biết đã đạt được thỏa thuận với phía Trung Quốc.</p>\n\n<p>Trước đó, ông Trump cáo buộc Trung Quốc \"đánh cắp\" thiết bị nghiên cứu của hải quân Mỹ trên vùng biển quốc tế và gọi đây là hành động \"chưa từng có tiền lệ\".</p>\n\n<p>Thiết bị lặn Seaglide chuyên nghiên cứu hải dương thuộc biên chế hải quân Mỹ bị một tàu chiến Trung Quốc thu giữ ở vùng biển cách vịnh Subic, Philippines, khoảng 92 km về phía tây bắc, theo thông báo từ Lầu Năm Góc.</p>\n\n<p>Nhiều chuyên gia phân tích nhận định động thái trên như một tín hiệu thách thức mà Bắc Kinh muốn gửi tới ông Trump, đặc biệt trong bối cảnh tổng thống đắc cử Mỹ vừa có cuộc điện đàm phá vỡ các nguyên tắc ngoại giao với nhà lãnh đạo Đài Loan Thái Anh Văn.</p>\n',1,0,21369,2,16,1482090650,1,1483561794,1);

/*Table structure for table `olala3w_forum_comment` */

DROP TABLE IF EXISTS `olala3w_forum_comment`;

CREATE TABLE `olala3w_forum_comment` (
  `forum_comment_id` bigint(20) NOT NULL AUTO_INCREMENT,
  `forum_id` int(11) NOT NULL DEFAULT 0,
  `content` text NOT NULL,
  `c_like` bigint(20) NOT NULL DEFAULT 0,
  `created_time` int(11) NOT NULL DEFAULT 0,
  `user_id` int(11) NOT NULL DEFAULT 0,
  `modified_time` int(11) NOT NULL DEFAULT 0,
  `modified_user` int(11) NOT NULL DEFAULT 0,
  PRIMARY KEY (`forum_comment_id`)
) ENGINE=InnoDB AUTO_INCREMENT=66 DEFAULT CHARSET=utf8;

/*Data for the table `olala3w_forum_comment` */

insert  into `olala3w_forum_comment`(`forum_comment_id`,`forum_id`,`content`,`c_like`,`created_time`,`user_id`,`modified_time`,`modified_user`) values 
(1,214,'Chỉnh sửa mới...',0,1482427436,1,1483375864,1),
(2,214,'<p style=\"color: rgb(30, 31, 31); text-align: justify;\">Thiết bị lặn Seaglide chuyên nghiên cứu hải dương thuộc biên chế hải quân Mỹ bị một tàu chiến Trung Quốc thu giữ ở vùng biển cách vịnh Subic, Philippines, khoảng 92 km về phía tây bắc, theo thông báo từ Lầu Năm Góc.</p><p style=\"color: rgb(30, 31, 31); text-align: justify;\">Nhiều chuyên gia phân tích nhận định động thái trên như một tín hiệu thách thức mà Bắc Kinh muốn gửi tới ông Trump, đặc biệt trong bối cảnh tổng thống đắc cử Mỹ vừa có cuộc điện đàm phá vỡ các nguyên tắc ngoại giao với nhà lãnh đạo Đài Loan Thái Anh Văn.</p>',0,1482427755,1,0,0),
(21,214,'<pre class=\"default prettyprint prettyprinted\" style=\"margin-bottom: 1em; padding: 5px; border-width: 0px; border-style: initial; border-color: initial; width: auto; max-height: 600px; font-family: Consolas, Menlo, Monaco, &quot;Lucida Console&quot;, &quot;Liberation Mono&quot;, &quot;DejaVu Sans Mono&quot;, &quot;Bitstream Vera Sans Mono&quot;, &quot;Courier New&quot;, monospace, sans-serif; background-color: rgb(239, 240, 241); color: rgb(57, 51, 24); word-wrap: normal;\"><code style=\"margin-right: 0px; margin-left: 0px; border: 0px; font-size: 13px; font-family: Consolas, Menlo, Monaco, &quot;Lucida Console&quot;, &quot;Liberation Mono&quot;, &quot;DejaVu Sans Mono&quot;, &quot;Bitstream Vera Sans Mono&quot;, &quot;Courier New&quot;, monospace, sans-serif; background-color: rgb(239, 240, 241); white-space: inherit;\"><span class=\"kwd\" style=\"margin-right: 0px; margin-left: 0px; border: 0px; color: rgb(16, 16, 148);\">function</span><span class=\"pln\" style=\"margin-right: 0px; margin-left: 0px; border: 0px; color: rgb(48, 51, 54);\"> removeElementsByClass</span><span class=\"pun\" style=\"margin-right: 0px; margin-left: 0px; border: 0px; color: rgb(48, 51, 54);\">(</span><span class=\"pln\" style=\"margin-right: 0px; margin-left: 0px; border: 0px; color: rgb(48, 51, 54);\">className</span><span class=\"pun\" style=\"margin-right: 0px; margin-left: 0px; border: 0px; color: rgb(48, 51, 54);\">){</span><span class=\"pln\" style=\"margin-right: 0px; margin-left: 0px; border: 0px; color: rgb(48, 51, 54);\">\n    </span><span class=\"kwd\" style=\"margin-right: 0px; margin-left: 0px; border: 0px; color: rgb(16, 16, 148);\">var</span><span class=\"pln\" style=\"margin-right: 0px; margin-left: 0px; border: 0px; color: rgb(48, 51, 54);\"> elements </span><span class=\"pun\" style=\"margin-right: 0px; margin-left: 0px; border: 0px; color: rgb(48, 51, 54);\">=</span><span class=\"pln\" style=\"margin-right: 0px; margin-left: 0px; border: 0px; color: rgb(48, 51, 54);\"> document</span><span class=\"pun\" style=\"margin-right: 0px; margin-left: 0px; border: 0px; color: rgb(48, 51, 54);\">.</span><span class=\"pln\" style=\"margin-right: 0px; margin-left: 0px; border: 0px; color: rgb(48, 51, 54);\">getElementsByClassName</span><span class=\"pun\" style=\"margin-right: 0px; margin-left: 0px; border: 0px; color: rgb(48, 51, 54);\">(</span><span class=\"pln\" style=\"margin-right: 0px; margin-left: 0px; border: 0px; color: rgb(48, 51, 54);\">className</span><span class=\"pun\" style=\"margin-right: 0px; margin-left: 0px; border: 0px; color: rgb(48, 51, 54);\">);</span><span class=\"pln\" style=\"margin-right: 0px; margin-left: 0px; border: 0px; color: rgb(48, 51, 54);\">\n    </span><span class=\"kwd\" style=\"margin-right: 0px; margin-left: 0px; border: 0px; color: rgb(16, 16, 148);\">while</span><span class=\"pun\" style=\"margin-right: 0px; margin-left: 0px; border: 0px; color: rgb(48, 51, 54);\">(</span><span class=\"pln\" style=\"margin-right: 0px; margin-left: 0px; border: 0px; color: rgb(48, 51, 54);\">elements</span><span class=\"pun\" style=\"margin-right: 0px; margin-left: 0px; border: 0px; color: rgb(48, 51, 54);\">.</span><span class=\"pln\" style=\"margin-right: 0px; margin-left: 0px; border: 0px; color: rgb(48, 51, 54);\">length </span><span class=\"pun\" style=\"margin-right: 0px; margin-left: 0px; border: 0px; color: rgb(48, 51, 54);\">&gt;</span><span class=\"pln\" style=\"margin-right: 0px; margin-left: 0px; border: 0px; color: rgb(48, 51, 54);\"> </span><span class=\"lit\" style=\"margin-right: 0px; margin-left: 0px; border: 0px; color: rgb(125, 39, 39);\">0</span><span class=\"pun\" style=\"margin-right: 0px; margin-left: 0px; border: 0px; color: rgb(48, 51, 54);\">){</span><span class=\"pln\" style=\"margin-right: 0px; margin-left: 0px; border: 0px; color: rgb(48, 51, 54);\">\n        elements</span><span class=\"pun\" style=\"margin-right: 0px; margin-left: 0px; border: 0px; color: rgb(48, 51, 54);\">[</span><span class=\"lit\" style=\"margin-right: 0px; margin-left: 0px; border: 0px; color: rgb(125, 39, 39);\">0</span><span class=\"pun\" style=\"margin-right: 0px; margin-left: 0px; border: 0px; color: rgb(48, 51, 54);\">].</span><span class=\"pln\" style=\"margin-right: 0px; margin-left: 0px; border: 0px; color: rgb(48, 51, 54);\">parentNode</span><span class=\"pun\" style=\"margin-right: 0px; margin-left: 0px; border: 0px; color: rgb(48, 51, 54);\">.</span><span class=\"pln\" style=\"margin-right: 0px; margin-left: 0px; border: 0px; color: rgb(48, 51, 54);\">removeChild</span><span class=\"pun\" style=\"margin-right: 0px; margin-left: 0px; border: 0px; color: rgb(48, 51, 54);\">(</span><span class=\"pln\" style=\"margin-right: 0px; margin-left: 0px; border: 0px; color: rgb(48, 51, 54);\">elements</span><span class=\"pun\" style=\"margin-right: 0px; margin-left: 0px; border: 0px; color: rgb(48, 51, 54);\">[</span><span class=\"lit\" style=\"margin-right: 0px; margin-left: 0px; border: 0px; color: rgb(125, 39, 39);\">0</span><span class=\"pun\" style=\"margin-right: 0px; margin-left: 0px; border: 0px; color: rgb(48, 51, 54);\">]);</span><span class=\"pln\" style=\"margin-right: 0px; margin-left: 0px; border: 0px; color: rgb(48, 51, 54);\">\n    </span><span class=\"pun\" style=\"margin-right: 0px; margin-left: 0px; border: 0px; color: rgb(48, 51, 54);\">}</span><span class=\"pln\" style=\"margin-right: 0px; margin-left: 0px; border: 0px; color: rgb(48, 51, 54);\">\n</span><span class=\"pun\" style=\"margin-right: 0px; margin-left: 0px; border: 0px; color: rgb(48, 51, 54);\">}</span></code></pre>',0,1483376640,1,0,0),
(23,214,'<pre class=\"default prettyprint prettyprinted\" style=\"margin-bottom: 1em; padding: 5px; border-width: 0px; border-style: initial; border-color: initial; width: auto; max-height: 600px; font-family: Consolas, Menlo, Monaco, &quot;Lucida Console&quot;, &quot;Liberation Mono&quot;, &quot;DejaVu Sans Mono&quot;, &quot;Bitstream Vera Sans Mono&quot;, &quot;Courier New&quot;, monospace, sans-serif; background-color: rgb(239, 240, 241); color: rgb(57, 51, 24); word-wrap: normal;\"><code style=\"margin-right: 0px; margin-left: 0px; border: 0px; font-size: 13px; font-family: Consolas, Menlo, Monaco, &quot;Lucida Console&quot;, &quot;Liberation Mono&quot;, &quot;DejaVu Sans Mono&quot;, &quot;Bitstream Vera Sans Mono&quot;, &quot;Courier New&quot;, monospace, sans-serif; background-color: rgb(239, 240, 241); white-space: inherit;\"><span class=\"kwd\" style=\"margin-right: 0px; margin-left: 0px; border: 0px; color: rgb(16, 16, 148);\">var</span><span class=\"pln\" style=\"margin-right: 0px; margin-left: 0px; border: 0px; color: rgb(48, 51, 54);\"> col_wrapper </span><span class=\"pun\" style=\"margin-right: 0px; margin-left: 0px; border: 0px; color: rgb(48, 51, 54);\">=</span><span class=\"pln\" style=\"margin-right: 0px; margin-left: 0px; border: 0px; color: rgb(48, 51, 54);\"> document</span><span class=\"pun\" style=\"margin-right: 0px; margin-left: 0px; border: 0px; color: rgb(48, 51, 54);\">.</span><span class=\"pln\" style=\"margin-right: 0px; margin-left: 0px; border: 0px; color: rgb(48, 51, 54);\">getElementById</span><span class=\"pun\" style=\"margin-right: 0px; margin-left: 0px; border: 0px; color: rgb(48, 51, 54);\">(</span><span class=\"str\" style=\"margin-right: 0px; margin-left: 0px; border: 0px; color: rgb(125, 39, 39);\">\"columns\"</span><span class=\"pun\" style=\"margin-right: 0px; margin-left: 0px; border: 0px; color: rgb(48, 51, 54);\">).</span><span class=\"pln\" style=\"margin-right: 0px; margin-left: 0px; border: 0px; color: rgb(48, 51, 54);\">getElementsByTagName</span><span class=\"pun\" style=\"margin-right: 0px; margin-left: 0px; border: 0px; color: rgb(48, 51, 54);\">(</span><span class=\"str\" style=\"margin-right: 0px; margin-left: 0px; border: 0px; color: rgb(125, 39, 39);\">\"div\"</span><span class=\"pun\" style=\"margin-right: 0px; margin-left: 0px; border: 0px; color: rgb(48, 51, 54);\">);</span><span class=\"pln\" style=\"margin-right: 0px; margin-left: 0px; border: 0px; color: rgb(48, 51, 54);\">\n\n</span><span class=\"kwd\" style=\"margin-right: 0px; margin-left: 0px; border: 0px; color: rgb(16, 16, 148);\">var</span><span class=\"pln\" style=\"margin-right: 0px; margin-left: 0px; border: 0px; color: rgb(48, 51, 54);\"> elementsToRemove </span><span class=\"pun\" style=\"margin-right: 0px; margin-left: 0px; border: 0px; color: rgb(48, 51, 54);\">=</span><span class=\"pln\" style=\"margin-right: 0px; margin-left: 0px; border: 0px; color: rgb(48, 51, 54);\"> </span><span class=\"pun\" style=\"margin-right: 0px; margin-left: 0px; border: 0px; color: rgb(48, 51, 54);\">[];</span><span class=\"pln\" style=\"margin-right: 0px; margin-left: 0px; border: 0px; color: rgb(48, 51, 54);\">\n</span><span class=\"kwd\" style=\"margin-right: 0px; margin-left: 0px; border: 0px; color: rgb(16, 16, 148);\">for</span><span class=\"pln\" style=\"margin-right: 0px; margin-left: 0px; border: 0px; color: rgb(48, 51, 54);\"> </span><span class=\"pun\" style=\"margin-right: 0px; margin-left: 0px; border: 0px; color: rgb(48, 51, 54);\">(</span><span class=\"kwd\" style=\"margin-right: 0px; margin-left: 0px; border: 0px; color: rgb(16, 16, 148);\">var</span><span class=\"pln\" style=\"margin-right: 0px; margin-left: 0px; border: 0px; color: rgb(48, 51, 54);\"> i </span><span class=\"pun\" style=\"margin-right: 0px; margin-left: 0px; border: 0px; color: rgb(48, 51, 54);\">=</span><span class=\"pln\" style=\"margin-right: 0px; margin-left: 0px; border: 0px; color: rgb(48, 51, 54);\"> </span><span class=\"lit\" style=\"margin-right: 0px; margin-left: 0px; border: 0px; color: rgb(125, 39, 39);\">0</span><span class=\"pun\" style=\"margin-right: 0px; margin-left: 0px; border: 0px; color: rgb(48, 51, 54);\">;</span><span class=\"pln\" style=\"margin-right: 0px; margin-left: 0px; border: 0px; color: rgb(48, 51, 54);\"> i </span><span class=\"pun\" style=\"margin-right: 0px; margin-left: 0px; border: 0px; color: rgb(48, 51, 54);\">&lt;</span><span class=\"pln\" style=\"margin-right: 0px; margin-left: 0px; border: 0px; color: rgb(48, 51, 54);\"> col_wrapper</span><span class=\"pun\" style=\"margin-right: 0px; margin-left: 0px; border: 0px; color: rgb(48, 51, 54);\">.</span><span class=\"pln\" style=\"margin-right: 0px; margin-left: 0px; border: 0px; color: rgb(48, 51, 54);\">length</span><span class=\"pun\" style=\"margin-right: 0px; margin-left: 0px; border: 0px; color: rgb(48, 51, 54);\">;</span><span class=\"pln\" style=\"margin-right: 0px; margin-left: 0px; border: 0px; color: rgb(48, 51, 54);\"> i</span><span class=\"pun\" style=\"margin-right: 0px; margin-left: 0px; border: 0px; color: rgb(48, 51, 54);\">++)</span><span class=\"pln\" style=\"margin-right: 0px; margin-left: 0px; border: 0px; color: rgb(48, 51, 54);\"> </span><span class=\"pun\" style=\"margin-right: 0px; margin-left: 0px; border: 0px; color: rgb(48, 51, 54);\">{</span><span class=\"pln\" style=\"margin-right: 0px; margin-left: 0px; border: 0px; color: rgb(48, 51, 54);\">\n    </span><span class=\"kwd\" style=\"margin-right: 0px; margin-left: 0px; border: 0px; color: rgb(16, 16, 148);\">if</span><span class=\"pln\" style=\"margin-right: 0px; margin-left: 0px; border: 0px; color: rgb(48, 51, 54);\"> </span><span class=\"pun\" style=\"margin-right: 0px; margin-left: 0px; border: 0px; color: rgb(48, 51, 54);\">(</span><span class=\"pln\" style=\"margin-right: 0px; margin-left: 0px; border: 0px; color: rgb(48, 51, 54);\">col_wrapper</span><span class=\"pun\" style=\"margin-right: 0px; margin-left: 0px; border: 0px; color: rgb(48, 51, 54);\">[</span><span class=\"pln\" style=\"margin-right: 0px; margin-left: 0px; border: 0px; color: rgb(48, 51, 54);\">i</span><span class=\"pun\" style=\"margin-right: 0px; margin-left: 0px; border: 0px; color: rgb(48, 51, 54);\">].</span><span class=\"pln\" style=\"margin-right: 0px; margin-left: 0px; border: 0px; color: rgb(48, 51, 54);\">className</span><span class=\"pun\" style=\"margin-right: 0px; margin-left: 0px; border: 0px; color: rgb(48, 51, 54);\">.</span><span class=\"pln\" style=\"margin-right: 0px; margin-left: 0px; border: 0px; color: rgb(48, 51, 54);\">toLowerCase</span><span class=\"pun\" style=\"margin-right: 0px; margin-left: 0px; border: 0px; color: rgb(48, 51, 54);\">()</span><span class=\"pln\" style=\"margin-right: 0px; margin-left: 0px; border: 0px; color: rgb(48, 51, 54);\"> </span><span class=\"pun\" style=\"margin-right: 0px; margin-left: 0px; border: 0px; color: rgb(48, 51, 54);\">==</span><span class=\"pln\" style=\"margin-right: 0px; margin-left: 0px; border: 0px; color: rgb(48, 51, 54);\"> </span><span class=\"str\" style=\"margin-right: 0px; margin-left: 0px; border: 0px; color: rgb(125, 39, 39);\">\"column\"</span><span class=\"pun\" style=\"margin-right: 0px; margin-left: 0px; border: 0px; color: rgb(48, 51, 54);\">)</span><span class=\"pln\" style=\"margin-right: 0px; margin-left: 0px; border: 0px; color: rgb(48, 51, 54);\"> </span><span class=\"pun\" style=\"margin-right: 0px; margin-left: 0px; border: 0px; color: rgb(48, 51, 54);\">{</span><span class=\"pln\" style=\"margin-right: 0px; margin-left: 0px; border: 0px; color: rgb(48, 51, 54);\">\n        elementsToRemove</span><span class=\"pun\" style=\"margin-right: 0px; margin-left: 0px; border: 0px; color: rgb(48, 51, 54);\">.</span><span class=\"pln\" style=\"margin-right: 0px; margin-left: 0px; border: 0px; color: rgb(48, 51, 54);\">push</span><span class=\"pun\" style=\"margin-right: 0px; margin-left: 0px; border: 0px; color: rgb(48, 51, 54);\">(</span><span class=\"pln\" style=\"margin-right: 0px; margin-left: 0px; border: 0px; color: rgb(48, 51, 54);\">col_wrapper</span><span class=\"pun\" style=\"margin-right: 0px; margin-left: 0px; border: 0px; color: rgb(48, 51, 54);\">[</span><span class=\"pln\" style=\"margin-right: 0px; margin-left: 0px; border: 0px; color: rgb(48, 51, 54);\">i</span><span class=\"pun\" style=\"margin-right: 0px; margin-left: 0px; border: 0px; color: rgb(48, 51, 54);\">]);</span><span class=\"pln\" style=\"margin-right: 0px; margin-left: 0px; border: 0px; color: rgb(48, 51, 54);\">\n    </span><span class=\"pun\" style=\"margin-right: 0px; margin-left: 0px; border: 0px; color: rgb(48, 51, 54);\">}</span><span class=\"pln\" style=\"margin-right: 0px; margin-left: 0px; border: 0px; color: rgb(48, 51, 54);\">\n</span><span class=\"pun\" style=\"margin-right: 0px; margin-left: 0px; border: 0px; color: rgb(48, 51, 54);\">}</span><span class=\"pln\" style=\"margin-right: 0px; margin-left: 0px; border: 0px; color: rgb(48, 51, 54);\">\n</span><span class=\"kwd\" style=\"margin-right: 0px; margin-left: 0px; border: 0px; color: rgb(16, 16, 148);\">for</span><span class=\"pun\" style=\"margin-right: 0px; margin-left: 0px; border: 0px; color: rgb(48, 51, 54);\">(</span><span class=\"kwd\" style=\"margin-right: 0px; margin-left: 0px; border: 0px; color: rgb(16, 16, 148);\">var</span><span class=\"pln\" style=\"margin-right: 0px; margin-left: 0px; border: 0px; color: rgb(48, 51, 54);\"> i </span><span class=\"pun\" style=\"margin-right: 0px; margin-left: 0px; border: 0px; color: rgb(48, 51, 54);\">=</span><span class=\"pln\" style=\"margin-right: 0px; margin-left: 0px; border: 0px; color: rgb(48, 51, 54);\"> </span><span class=\"lit\" style=\"margin-right: 0px; margin-left: 0px; border: 0px; color: rgb(125, 39, 39);\">0</span><span class=\"pun\" style=\"margin-right: 0px; margin-left: 0px; border: 0px; color: rgb(48, 51, 54);\">;</span><span class=\"pln\" style=\"margin-right: 0px; margin-left: 0px; border: 0px; color: rgb(48, 51, 54);\"> i </span><span class=\"pun\" style=\"margin-right: 0px; margin-left: 0px; border: 0px; color: rgb(48, 51, 54);\">&lt;</span><span class=\"pln\" style=\"margin-right: 0px; margin-left: 0px; border: 0px; color: rgb(48, 51, 54);\"> elementsToRemove</span><span class=\"pun\" style=\"margin-right: 0px; margin-left: 0px; border: 0px; color: rgb(48, 51, 54);\">.</span><span class=\"pln\" style=\"margin-right: 0px; margin-left: 0px; border: 0px; color: rgb(48, 51, 54);\">length</span><span class=\"pun\" style=\"margin-right: 0px; margin-left: 0px; border: 0px; color: rgb(48, 51, 54);\">;</span><span class=\"pln\" style=\"margin-right: 0px; margin-left: 0px; border: 0px; color: rgb(48, 51, 54);\"> i</span><span class=\"pun\" style=\"margin-right: 0px; margin-left: 0px; border: 0px; color: rgb(48, 51, 54);\">++)</span><span class=\"pln\" style=\"margin-right: 0px; margin-left: 0px; border: 0px; color: rgb(48, 51, 54);\"> </span><span class=\"pun\" style=\"margin-right: 0px; margin-left: 0px; border: 0px; color: rgb(48, 51, 54);\">{</span><span class=\"pln\" style=\"margin-right: 0px; margin-left: 0px; border: 0px; color: rgb(48, 51, 54);\">\n    elementsToRemove</span><span class=\"pun\" style=\"margin-right: 0px; margin-left: 0px; border: 0px; color: rgb(48, 51, 54);\">[</span><span class=\"pln\" style=\"margin-right: 0px; margin-left: 0px; border: 0px; color: rgb(48, 51, 54);\">i</span><span class=\"pun\" style=\"margin-right: 0px; margin-left: 0px; border: 0px; color: rgb(48, 51, 54);\">].</span><span class=\"pln\" style=\"margin-right: 0px; margin-left: 0px; border: 0px; color: rgb(48, 51, 54);\">parentNode</span><span class=\"pun\" style=\"margin-right: 0px; margin-left: 0px; border: 0px; color: rgb(48, 51, 54);\">.</span><span class=\"pln\" style=\"margin-right: 0px; margin-left: 0px; border: 0px; color: rgb(48, 51, 54);\">removeChild</span><span class=\"pun\" style=\"margin-right: 0px; margin-left: 0px; border: 0px; color: rgb(48, 51, 54);\">(</span><span class=\"pln\" style=\"margin-right: 0px; margin-left: 0px; border: 0px; color: rgb(48, 51, 54);\">elementsToRemove</span><span class=\"pun\" style=\"margin-right: 0px; margin-left: 0px; border: 0px; color: rgb(48, 51, 54);\">[</span><span class=\"pln\" style=\"margin-right: 0px; margin-left: 0px; border: 0px; color: rgb(48, 51, 54);\">i</span><span class=\"pun\" style=\"margin-right: 0px; margin-left: 0px; border: 0px; color: rgb(48, 51, 54);\">]);</span><span class=\"pln\" style=\"margin-right: 0px; margin-left: 0px; border: 0px; color: rgb(48, 51, 54);\">\n</span><span class=\"pun\" style=\"margin-right: 0px; margin-left: 0px; border: 0px; color: rgb(48, 51, 54);\">}</span></code></pre>',0,1483376658,1,0,0),
(24,214,'<p style=\"margin-bottom: 1em; border: 0px; font-size: 15px; clear: both; color: rgb(36, 39, 41); font-family: Arial, &quot;Helvetica Neue&quot;, Helvetica, sans-serif;\">If you prefer not to use JQuery:</p><pre class=\"default prettyprint prettyprinted\" style=\"margin-bottom: 1em; padding: 5px; border-width: 0px; border-style: initial; border-color: initial; width: auto; max-height: 600px; font-family: Consolas, Menlo, Monaco, &quot;Lucida Console&quot;, &quot;Liberation Mono&quot;, &quot;DejaVu Sans Mono&quot;, &quot;Bitstream Vera Sans Mono&quot;, &quot;Courier New&quot;, monospace, sans-serif; background-color: rgb(239, 240, 241); color: rgb(57, 51, 24); word-wrap: normal;\"><code style=\"margin-right: 0px; margin-left: 0px; border: 0px; font-size: 13px; font-family: Consolas, Menlo, Monaco, &quot;Lucida Console&quot;, &quot;Liberation Mono&quot;, &quot;DejaVu Sans Mono&quot;, &quot;Bitstream Vera Sans Mono&quot;, &quot;Courier New&quot;, monospace, sans-serif; background-color: rgb(239, 240, 241); white-space: inherit;\"><span class=\"kwd\" style=\"margin-right: 0px; margin-left: 0px; border: 0px; color: rgb(16, 16, 148);\">function</span><span class=\"pln\" style=\"margin-right: 0px; margin-left: 0px; border: 0px; color: rgb(48, 51, 54);\"> removeElementsByClass</span><span class=\"pun\" style=\"margin-right: 0px; margin-left: 0px; border: 0px; color: rgb(48, 51, 54);\">(</span><span class=\"pln\" style=\"margin-right: 0px; margin-left: 0px; border: 0px; color: rgb(48, 51, 54);\">className</span><span class=\"pun\" style=\"margin-right: 0px; margin-left: 0px; border: 0px; color: rgb(48, 51, 54);\">){</span><span class=\"pln\" style=\"margin-right: 0px; margin-left: 0px; border: 0px; color: rgb(48, 51, 54);\">\n    </span><span class=\"kwd\" style=\"margin-right: 0px; margin-left: 0px; border: 0px; color: rgb(16, 16, 148);\">var</span><span class=\"pln\" style=\"margin-right: 0px; margin-left: 0px; border: 0px; color: rgb(48, 51, 54);\"> elements </span><span class=\"pun\" style=\"margin-right: 0px; margin-left: 0px; border: 0px; color: rgb(48, 51, 54);\">=</span><span class=\"pln\" style=\"margin-right: 0px; margin-left: 0px; border: 0px; color: rgb(48, 51, 54);\"> document</span><span class=\"pun\" style=\"margin-right: 0px; margin-left: 0px; border: 0px; color: rgb(48, 51, 54);\">.</span><span class=\"pln\" style=\"margin-right: 0px; margin-left: 0px; border: 0px; color: rgb(48, 51, 54);\">getElementsByClassName</span><span class=\"pun\" style=\"margin-right: 0px; margin-left: 0px; border: 0px; color: rgb(48, 51, 54);\">(</span><span class=\"pln\" style=\"margin-right: 0px; margin-left: 0px; border: 0px; color: rgb(48, 51, 54);\">className</span><span class=\"pun\" style=\"margin-right: 0px; margin-left: 0px; border: 0px; color: rgb(48, 51, 54);\">);</span><span class=\"pln\" style=\"margin-right: 0px; margin-left: 0px; border: 0px; color: rgb(48, 51, 54);\">\n    </span><span class=\"kwd\" style=\"margin-right: 0px; margin-left: 0px; border: 0px; color: rgb(16, 16, 148);\">while</span><span class=\"pun\" style=\"margin-right: 0px; margin-left: 0px; border: 0px; color: rgb(48, 51, 54);\">(</span><span class=\"pln\" style=\"margin-right: 0px; margin-left: 0px; border: 0px; color: rgb(48, 51, 54);\">elements</span><span class=\"pun\" style=\"margin-right: 0px; margin-left: 0px; border: 0px; color: rgb(48, 51, 54);\">.</span><span class=\"pln\" style=\"margin-right: 0px; margin-left: 0px; border: 0px; color: rgb(48, 51, 54);\">length </span><span class=\"pun\" style=\"margin-right: 0px; margin-left: 0px; border: 0px; color: rgb(48, 51, 54);\">&gt;</span><span class=\"pln\" style=\"margin-right: 0px; margin-left: 0px; border: 0px; color: rgb(48, 51, 54);\"> </span><span class=\"lit\" style=\"margin-right: 0px; margin-left: 0px; border: 0px; color: rgb(125, 39, 39);\">0</span><span class=\"pun\" style=\"margin-right: 0px; margin-left: 0px; border: 0px; color: rgb(48, 51, 54);\">){</span><span class=\"pln\" style=\"margin-right: 0px; margin-left: 0px; border: 0px; color: rgb(48, 51, 54);\">\n        elements</span><span class=\"pun\" style=\"margin-right: 0px; margin-left: 0px; border: 0px; color: rgb(48, 51, 54);\">[</span><span class=\"lit\" style=\"margin-right: 0px; margin-left: 0px; border: 0px; color: rgb(125, 39, 39);\">0</span><span class=\"pun\" style=\"margin-right: 0px; margin-left: 0px; border: 0px; color: rgb(48, 51, 54);\">].</span><span class=\"pln\" style=\"margin-right: 0px; margin-left: 0px; border: 0px; color: rgb(48, 51, 54);\">parentNode</span><span class=\"pun\" style=\"margin-right: 0px; margin-left: 0px; border: 0px; color: rgb(48, 51, 54);\">.</span><span class=\"pln\" style=\"margin-right: 0px; margin-left: 0px; border: 0px; color: rgb(48, 51, 54);\">removeChild</span><span class=\"pun\" style=\"margin-right: 0px; margin-left: 0px; border: 0px; color: rgb(48, 51, 54);\">(</span><span class=\"pln\" style=\"margin-right: 0px; margin-left: 0px; border: 0px; color: rgb(48, 51, 54);\">elements</span><span class=\"pun\" style=\"margin-right: 0px; margin-left: 0px; border: 0px; color: rgb(48, 51, 54);\">[</span><span class=\"lit\" style=\"margin-right: 0px; margin-left: 0px; border: 0px; color: rgb(125, 39, 39);\">0</span><span class=\"pun\" style=\"margin-right: 0px; margin-left: 0px; border: 0px; color: rgb(48, 51, 54);\">]);</span><span class=\"pln\" style=\"margin-right: 0px; margin-left: 0px; border: 0px; color: rgb(48, 51, 54);\">\n    </span><span class=\"pun\" style=\"margin-right: 0px; margin-left: 0px; border: 0px; color: rgb(48, 51, 54);\">}</span><span class=\"pln\" style=\"margin-right: 0px; margin-left: 0px; border: 0px; color: rgb(48, 51, 54);\">\n</span><span class=\"pun\" style=\"margin-right: 0px; margin-left: 0px; border: 0px; color: rgb(48, 51, 54);\">}</span></code></pre>',0,1483377250,1,0,0),
(26,214,'<p style=\"margin-bottom: 1em; border: 0px; font-size: 15px; clear: both; color: rgb(36, 39, 41); font-family: Arial, &quot;Helvetica Neue&quot;, Helvetica, sans-serif;\">Using&nbsp;<strong style=\"margin-right: 0px; margin-left: 0px; border: 0px;\">ES6</strong>&nbsp;you could do like:</p><p style=\"margin-bottom: 1em; border: 0px; font-size: 15px; clear: both; color: rgb(36, 39, 41); font-family: Arial, &quot;Helvetica Neue&quot;, Helvetica, sans-serif;\"></p><div class=\"snippet\" data-lang=\"js\" data-hide=\"false\" data-console=\"true\" data-babel=\"false\" style=\"margin-right: 0px; margin-left: 0px; border: 0px; font-size: 15px; color: rgb(36, 39, 41); font-family: Arial, &quot;Helvetica Neue&quot;, Helvetica, sans-serif;\"><div class=\"snippet-code\" style=\"margin-right: 0px; margin-left: 0px; padding: 10px; border: 1px solid rgb(228, 230, 232);\"><pre class=\"snippet-code-js lang-js prettyprint prettyprinted\" style=\"margin-bottom: 1em; padding: 5px; border-width: 0px; border-style: initial; border-color: initial; width: auto; max-height: 600px; font-family: Consolas, Menlo, Monaco, &quot;Lucida Console&quot;, &quot;Liberation Mono&quot;, &quot;DejaVu Sans Mono&quot;, &quot;Bitstream Vera Sans Mono&quot;, &quot;Courier New&quot;, monospace, sans-serif; background-color: rgb(239, 240, 241); color: rgb(57, 51, 24); word-wrap: normal;\"><code style=\"margin-right: 0px; margin-left: 0px; border: 0px; font-size: 13px; font-family: Consolas, Menlo, Monaco, &quot;Lucida Console&quot;, &quot;Liberation Mono&quot;, &quot;DejaVu Sans Mono&quot;, &quot;Bitstream Vera Sans Mono&quot;, &quot;Courier New&quot;, monospace, sans-serif; background-color: rgb(239, 240, 241); white-space: inherit;\"><span class=\"kwd\" style=\"margin-right: 0px; margin-left: 0px; border: 0px; color: rgb(16, 16, 148);\">let</span><span class=\"pln\" style=\"margin-right: 0px; margin-left: 0px; border: 0px; color: rgb(48, 51, 54);\"> removeElements </span><span class=\"pun\" style=\"margin-right: 0px; margin-left: 0px; border: 0px; color: rgb(48, 51, 54);\">=</span><span class=\"pln\" style=\"margin-right: 0px; margin-left: 0px; border: 0px; color: rgb(48, 51, 54);\"> elms </span><span class=\"pun\" style=\"margin-right: 0px; margin-left: 0px; border: 0px; color: rgb(48, 51, 54);\">=&gt;</span><span class=\"pln\" style=\"margin-right: 0px; margin-left: 0px; border: 0px; color: rgb(48, 51, 54);\"> </span><span class=\"typ\" style=\"margin-right: 0px; margin-left: 0px; border: 0px; color: rgb(43, 145, 175);\">Array</span><span class=\"pun\" style=\"margin-right: 0px; margin-left: 0px; border: 0px; color: rgb(48, 51, 54);\">.</span><span class=\"pln\" style=\"margin-right: 0px; margin-left: 0px; border: 0px; color: rgb(48, 51, 54);\">from</span><span class=\"pun\" style=\"margin-right: 0px; margin-left: 0px; border: 0px; color: rgb(48, 51, 54);\">(</span><span class=\"pln\" style=\"margin-right: 0px; margin-left: 0px; border: 0px; color: rgb(48, 51, 54);\">elms</span><span class=\"pun\" style=\"margin-right: 0px; margin-left: 0px; border: 0px; color: rgb(48, 51, 54);\">).</span><span class=\"pln\" style=\"margin-right: 0px; margin-left: 0px; border: 0px; color: rgb(48, 51, 54);\">forEach</span><span class=\"pun\" style=\"margin-right: 0px; margin-left: 0px; border: 0px; color: rgb(48, 51, 54);\">(</span><span class=\"pln\" style=\"margin-right: 0px; margin-left: 0px; border: 0px; color: rgb(48, 51, 54);\">el </span><span class=\"pun\" style=\"margin-right: 0px; margin-left: 0px; border: 0px; color: rgb(48, 51, 54);\">=&gt;</span><span class=\"pln\" style=\"margin-right: 0px; margin-left: 0px; border: 0px; color: rgb(48, 51, 54);\"> el</span><span class=\"pun\" style=\"margin-right: 0px; margin-left: 0px; border: 0px; color: rgb(48, 51, 54);\">.</span><span class=\"pln\" style=\"margin-right: 0px; margin-left: 0px; border: 0px; color: rgb(48, 51, 54);\">remove</span><span class=\"pun\" style=\"margin-right: 0px; margin-left: 0px; border: 0px; color: rgb(48, 51, 54);\">());</span><span class=\"pln\" style=\"margin-right: 0px; margin-left: 0px; border: 0px; color: rgb(48, 51, 54);\">\n\n</span><span class=\"com\" style=\"margin-right: 0px; margin-left: 0px; border: 0px; color: rgb(133, 140, 147);\">// Use like:</span><span class=\"pln\" style=\"margin-right: 0px; margin-left: 0px; border: 0px; color: rgb(48, 51, 54);\">\nremoveElements</span><span class=\"pun\" style=\"margin-right: 0px; margin-left: 0px; border: 0px; color: rgb(48, 51, 54);\">(</span><span class=\"pln\" style=\"margin-right: 0px; margin-left: 0px; border: 0px; color: rgb(48, 51, 54);\"> document</span><span class=\"pun\" style=\"margin-right: 0px; margin-left: 0px; border: 0px; color: rgb(48, 51, 54);\">.</span><span class=\"pln\" style=\"margin-right: 0px; margin-left: 0px; border: 0px; color: rgb(48, 51, 54);\">querySelectorAll</span><span class=\"pun\" style=\"margin-right: 0px; margin-left: 0px; border: 0px; color: rgb(48, 51, 54);\">(</span><span class=\"str\" style=\"margin-right: 0px; margin-left: 0px; border: 0px; color: rgb(125, 39, 39);\">\"#parent .p1\"</span><span class=\"pun\" style=\"margin-right: 0px; margin-left: 0px; border: 0px; color: rgb(48, 51, 54);\">)</span><span class=\"pln\" style=\"margin-right: 0px; margin-left: 0px; border: 0px; color: rgb(48, 51, 54);\"> </span><span class=\"pun\" style=\"margin-right: 0px; margin-left: 0px; border: 0px; color: rgb(48, 51, 54);\">);</span></code></pre><pre class=\"snippet-code-html lang-html prettyprint prettyprinted\" style=\"margin-bottom: 1em; padding: 5px; border-width: 0px; border-style: initial; border-color: initial; width: auto; max-height: 600px; font-family: Consolas, Menlo, Monaco, &quot;Lucida Console&quot;, &quot;Liberation Mono&quot;, &quot;DejaVu Sans Mono&quot;, &quot;Bitstream Vera Sans Mono&quot;, &quot;Courier New&quot;, monospace, sans-serif; background-color: rgb(239, 240, 241); color: rgb(57, 51, 24); word-wrap: normal;\"><code style=\"margin-right: 0px; margin-left: 0px; border: 0px; font-size: 13px; font-family: Consolas, Menlo, Monaco, &quot;Lucida Console&quot;, &quot;Liberation Mono&quot;, &quot;DejaVu Sans Mono&quot;, &quot;Bitstream Vera Sans Mono&quot;, &quot;Courier New&quot;, monospace, sans-serif; background-color: rgb(239, 240, 241); white-space: inherit;\"><span class=\"tag\" style=\"margin-right: 0px; margin-left: 0px; border: 0px; color: rgb(125, 39, 39);\">&lt;div</span><span class=\"pln\" style=\"margin-right: 0px; margin-left: 0px; border: 0px; color: rgb(48, 51, 54);\"> </span><span class=\"atn\" style=\"margin-right: 0px; margin-left: 0px; border: 0px; color: rgb(230, 67, 32);\">id</span><span class=\"pun\" style=\"margin-right: 0px; margin-left: 0px; border: 0px; color: rgb(48, 51, 54);\">=</span><span class=\"atv\" style=\"margin-right: 0px; margin-left: 0px; border: 0px; color: rgb(15, 116, 189);\">parent</span><span class=\"tag\" style=\"margin-right: 0px; margin-left: 0px; border: 0px; color: rgb(125, 39, 39);\">&gt;</span><span class=\"pln\" style=\"margin-right: 0px; margin-left: 0px; border: 0px; color: rgb(48, 51, 54);\">\n  </span><span class=\"tag\" style=\"margin-right: 0px; margin-left: 0px; border: 0px; color: rgb(125, 39, 39);\">&lt;p</span><span class=\"pln\" style=\"margin-right: 0px; margin-left: 0px; border: 0px; color: rgb(48, 51, 54);\"> </span><span class=\"atn\" style=\"margin-right: 0px; margin-left: 0px; border: 0px; color: rgb(230, 67, 32);\">class</span><span class=\"pun\" style=\"margin-right: 0px; margin-left: 0px; border: 0px; color: rgb(48, 51, 54);\">=</span><span class=\"atv\" style=\"margin-right: 0px; margin-left: 0px; border: 0px; color: rgb(15, 116, 189);\">\"p1\"</span><span class=\"tag\" style=\"margin-right: 0px; margin-left: 0px; border: 0px; color: rgb(125, 39, 39);\">&gt;</span><span class=\"pln\" style=\"margin-right: 0px; margin-left: 0px; border: 0px; color: rgb(48, 51, 54);\">P 1</span><span class=\"tag\" style=\"margin-right: 0px; margin-left: 0px; border: 0px; color: rgb(125, 39, 39);\">&lt;/p&gt;</span><span class=\"pln\" style=\"margin-right: 0px; margin-left: 0px; border: 0px; color: rgb(48, 51, 54);\">\n  </span><span class=\"tag\" style=\"margin-right: 0px; margin-left: 0px; border: 0px; color: rgb(125, 39, 39);\">&lt;p</span><span class=\"pln\" style=\"margin-right: 0px; margin-left: 0px; border: 0px; color: rgb(48, 51, 54);\"> </span><span class=\"atn\" style=\"margin-right: 0px; margin-left: 0px; border: 0px; color: rgb(230, 67, 32);\">class</span><span class=\"pun\" style=\"margin-right: 0px; margin-left: 0px; border: 0px; color: rgb(48, 51, 54);\">=</span><span class=\"atv\" style=\"margin-right: 0px; margin-left: 0px; border: 0px; color: rgb(15, 116, 189);\">\"p2\"</span><span class=\"tag\" style=\"margin-right: 0px; margin-left: 0px; border: 0px; color: rgb(125, 39, 39);\">&gt;</span><span class=\"pln\" style=\"margin-right: 0px; margin-left: 0px; border: 0px; color: rgb(48, 51, 54);\">P 2</span><span class=\"tag\" style=\"margin-right: 0px; margin-left: 0px; border: 0px; color: rgb(125, 39, 39);\">&lt;/p&gt;</span><span class=\"pln\" style=\"margin-right: 0px; margin-left: 0px; border: 0px; color: rgb(48, 51, 54);\">\n  </span><span class=\"tag\" style=\"margin-right: 0px; margin-left: 0px; border: 0px; color: rgb(125, 39, 39);\">&lt;p</span><span class=\"pln\" style=\"margin-right: 0px; margin-left: 0px; border: 0px; color: rgb(48, 51, 54);\"> </span><span class=\"atn\" style=\"margin-right: 0px; margin-left: 0px; border: 0px; color: rgb(230, 67, 32);\">class</span><span class=\"pun\" style=\"margin-right: 0px; margin-left: 0px; border: 0px; color: rgb(48, 51, 54);\">=</span><span class=\"atv\" style=\"margin-right: 0px; margin-left: 0px; border: 0px; color: rgb(15, 116, 189);\">\"p1\"</span><span class=\"tag\" style=\"margin-right: 0px; margin-left: 0px; border: 0px; color: rgb(125, 39, 39);\">&gt;</span><span class=\"pln\" style=\"margin-right: 0px; margin-left: 0px; border: 0px; color: rgb(48, 51, 54);\">P 1</span><span class=\"tag\" style=\"margin-right: 0px; margin-left: 0px; border: 0px; color: rgb(125, 39, 39);\">&lt;/p&gt;</span><span class=\"pln\" style=\"margin-right: 0px; margin-left: 0px; border: 0px; color: rgb(48, 51, 54);\">\n</span><span class=\"tag\" style=\"margin-right: 0px; margin-left: 0px; border: 0px; color: rgb(125, 39, 39);\">&lt;/div&gt;</span></code></pre></div></div>',0,1483377269,1,0,0),
(27,214,'<div><br></div><div><table style=\"margin-right: 0px; margin-left: 0px; border: 0px; font-size: 13px; color: rgb(36, 39, 41); font-family: Arial, &quot;Helvetica Neue&quot;, Helvetica, sans-serif; background-color: rgb(255, 255, 255);\"><tbody style=\"margin-right: 0px; margin-left: 0px; border: 0px;\"><tr style=\"margin-right: 0px; margin-left: 0px; border: 0px;\"><td class=\"votecell\" style=\"margin-right: 0px; margin-left: 0px; padding-right: 15px; border: 0px; vertical-align: top;\"><div class=\"vote\" style=\"margin-right: 0px; margin-left: 0px; border: 0px; text-align: center; min-width: 46px;\"><span itemprop=\"upvoteCount\" class=\"vote-count-post \" style=\"margin: 8px 0px; border: 0px; font-size: 20px; display: block; color: rgb(106, 115, 124);\">1</span><a class=\"vote-down-off\" title=\"This answer is not useful\" style=\"margin-bottom: 10px; border: 0px; font-size: 1px; color: rgb(0, 119, 204); cursor: pointer; background-image: url(&quot;img/sprites.svg?v=8c1c8cba242e&quot;), none; background-size: initial; background-repeat: no-repeat; overflow: hidden; display: block; text-indent: -9999em; width: 40px; height: 30px; background-position: 0px -220px;\">down vote</a></div></td><td class=\"answercell\" style=\"margin-right: 0px; margin-left: 0px; border: 0px; vertical-align: top;\"><div class=\"post-text\" itemprop=\"text\" style=\"margin-right: 0px; margin-bottom: 5px; margin-left: 0px; border: 0px; font-size: 15px; width: 660px; word-wrap: break-word; line-height: 1.3;\"><p style=\"margin-bottom: 1em; border: 0px; clear: both;\">Yes, you have to remove from the parent:</p><pre class=\"default prettyprint prettyprinted\" style=\"margin-bottom: 1em; padding: 5px; border-width: 0px; border-style: initial; border-color: initial; width: auto; max-height: 600px; font-family: Consolas, Menlo, Monaco, &quot;Lucida Console&quot;, &quot;Liberation Mono&quot;, &quot;DejaVu Sans Mono&quot;, &quot;Bitstream Vera Sans Mono&quot;, &quot;Courier New&quot;, monospace, sans-serif; background-color: rgb(239, 240, 241); color: rgb(57, 51, 24); word-wrap: normal;\"><code style=\"margin-right: 0px; margin-left: 0px; border: 0px; font-size: 13px; font-family: Consolas, Menlo, Monaco, &quot;Lucida Console&quot;, &quot;Liberation Mono&quot;, &quot;DejaVu Sans Mono&quot;, &quot;Bitstream Vera Sans Mono&quot;, &quot;Courier New&quot;, monospace, sans-serif; background-color: rgb(239, 240, 241); white-space: inherit;\"><span class=\"pln\" style=\"margin-right: 0px; margin-left: 0px; border: 0px; color: rgb(48, 51, 54);\">cur_columns</span><span class=\"pun\" style=\"margin-right: 0px; margin-left: 0px; border: 0px; color: rgb(48, 51, 54);\">[</span><span class=\"pln\" style=\"margin-right: 0px; margin-left: 0px; border: 0px; color: rgb(48, 51, 54);\">i</span><span class=\"pun\" style=\"margin-right: 0px; margin-left: 0px; border: 0px; color: rgb(48, 51, 54);\">].</span><span class=\"pln\" style=\"margin-right: 0px; margin-left: 0px; border: 0px; color: rgb(48, 51, 54);\">parentNode</span><span class=\"pun\" style=\"margin-right: 0px; margin-left: 0px; border: 0px; color: rgb(48, 51, 54);\">.</span><span class=\"pln\" style=\"margin-right: 0px; margin-left: 0px; border: 0px; color: rgb(48, 51, 54);\">removeChild</span><span class=\"pun\" style=\"margin-right: 0px; margin-left: 0px; border: 0px; color: rgb(48, 51, 54);\">(</span><span class=\"pln\" style=\"margin-right: 0px; margin-left: 0px; border: 0px; color: rgb(48, 51, 54);\">cur_columns</span><span class=\"pun\" style=\"margin-right: 0px; margin-left: 0px; border: 0px; color: rgb(48, 51, 54);\">[</span><span class=\"pln\" style=\"margin-right: 0px; margin-left: 0px; border: 0px; color: rgb(48, 51, 54);\">i</span><span class=\"pun\" style=\"margin-right: 0px; margin-left: 0px; border: 0px; color: rgb(48, 51, 54);\">]);</span></code></pre></div><table class=\"fw\" style=\"margin-right: 0px; margin-bottom: 4px; margin-left: 0px; border: 0px; font-size: 13px; width: 660px;\"><tbody style=\"margin-right: 0px; margin-left: 0px; border: 0px;\"><tr style=\"margin-right: 0px; margin-left: 0px; border: 0px;\"><td class=\"vt\" style=\"margin-right: 0px; margin-left: 0px; border: 0px; vertical-align: top;\"><div class=\"post-menu\" style=\"margin-right: 0px; margin-left: 0px; padding-top: 2px; border: 0px;\"><a href=\"http://stackoverflow.com/a/4777101\" title=\"short permalink to this answer\" class=\"short-link\" id=\"link-post-4777101\" style=\"margin-right: 0px; margin-left: 0px; padding-right: 3px; padding-bottom: 2px; padding-left: 3px; border: 0px; color: rgb(132, 141, 149); cursor: pointer; display: inline-block;\">share</a><span class=\"lsep\" style=\"margin-right: 0px; margin-left: 0px; border: 0px; font-size: 1px; color: rgb(27, 64, 114); visibility: hidden; display: inline-block;\"></span><a href=\"http://stackoverflow.com/posts/4777101/edit\" class=\"suggest-edit-post\" title=\"\" style=\"margin-right: 0px; margin-left: 0px; padding-right: 3px; padding-bottom: 2px; padding-left: 3px; border: 0px; color: rgb(132, 141, 149); cursor: pointer; display: inline-block;\">improve this answer</a></div></td></tr></tbody></table></td></tr></tbody></table></div>',0,1483377281,1,0,0),
(38,214,'<p style=\"margin-bottom: 1em; border: 0px; font-size: 15px; clear: both; color: rgb(36, 39, 41); font-family: Arial, &quot;Helvetica Neue&quot;, Helvetica, sans-serif;\">The simplest solution would be, in my opinion:</p><pre class=\"default prettyprint prettyprinted\" style=\"margin-bottom: 1em; padding: 5px; border-width: 0px; border-style: initial; border-color: initial; width: auto; max-height: 600px; font-family: Consolas, Menlo, Monaco, &quot;Lucida Console&quot;, &quot;Liberation Mono&quot;, &quot;DejaVu Sans Mono&quot;, &quot;Bitstream Vera Sans Mono&quot;, &quot;Courier New&quot;, monospace, sans-serif; background-color: rgb(239, 240, 241); color: rgb(57, 51, 24); word-wrap: normal;\"><code style=\"margin-right: 0px; margin-left: 0px; border: 0px; font-size: 13px; font-family: Consolas, Menlo, Monaco, &quot;Lucida Console&quot;, &quot;Liberation Mono&quot;, &quot;DejaVu Sans Mono&quot;, &quot;Bitstream Vera Sans Mono&quot;, &quot;Courier New&quot;, monospace, sans-serif; background-color: rgb(239, 240, 241); white-space: inherit;\"><span class=\"kwd\" style=\"margin-right: 0px; margin-left: 0px; border: 0px; color: rgb(16, 16, 148);\">const</span><span class=\"pln\" style=\"margin-right: 0px; margin-left: 0px; border: 0px; color: rgb(48, 51, 54);\"> elements </span><span class=\"pun\" style=\"margin-right: 0px; margin-left: 0px; border: 0px; color: rgb(48, 51, 54);\">=</span><span class=\"pln\" style=\"margin-right: 0px; margin-left: 0px; border: 0px; color: rgb(48, 51, 54);\"> document</span><span class=\"pun\" style=\"margin-right: 0px; margin-left: 0px; border: 0px; color: rgb(48, 51, 54);\">.</span><span class=\"pln\" style=\"margin-right: 0px; margin-left: 0px; border: 0px; color: rgb(48, 51, 54);\">getElementsByClassName</span><span class=\"pun\" style=\"margin-right: 0px; margin-left: 0px; border: 0px; color: rgb(48, 51, 54);\">(</span><span class=\"str\" style=\"margin-right: 0px; margin-left: 0px; border: 0px; color: rgb(125, 39, 39);\">\"my-class\"</span><span class=\"pun\" style=\"margin-right: 0px; margin-left: 0px; border: 0px; color: rgb(48, 51, 54);\">);</span><span class=\"pln\" style=\"margin-right: 0px; margin-left: 0px; border: 0px; color: rgb(48, 51, 54);\">\n\n</span><span class=\"kwd\" style=\"margin-right: 0px; margin-left: 0px; border: 0px; color: rgb(16, 16, 148);\">while</span><span class=\"pln\" style=\"margin-right: 0px; margin-left: 0px; border: 0px; color: rgb(48, 51, 54);\"> </span><span class=\"pun\" style=\"margin-right: 0px; margin-left: 0px; border: 0px; color: rgb(48, 51, 54);\">(</span><span class=\"pln\" style=\"margin-right: 0px; margin-left: 0px; border: 0px; color: rgb(48, 51, 54);\">elements</span><span class=\"pun\" style=\"margin-right: 0px; margin-left: 0px; border: 0px; color: rgb(48, 51, 54);\">.</span><span class=\"pln\" style=\"margin-right: 0px; margin-left: 0px; border: 0px; color: rgb(48, 51, 54);\">length </span><span class=\"pun\" style=\"margin-right: 0px; margin-left: 0px; border: 0px; color: rgb(48, 51, 54);\">&gt;</span><span class=\"pln\" style=\"margin-right: 0px; margin-left: 0px; border: 0px; color: rgb(48, 51, 54);\"> </span><span class=\"lit\" style=\"margin-right: 0px; margin-left: 0px; border: 0px; color: rgb(125, 39, 39);\">0</span><span class=\"pun\" style=\"margin-right: 0px; margin-left: 0px; border: 0px; color: rgb(48, 51, 54);\">)</span><span class=\"pln\" style=\"margin-right: 0px; margin-left: 0px; border: 0px; color: rgb(48, 51, 54);\"> </span><span class=\"pun\" style=\"margin-right: 0px; margin-left: 0px; border: 0px; color: rgb(48, 51, 54);\">{</span><span class=\"pln\" style=\"margin-right: 0px; margin-left: 0px; border: 0px; color: rgb(48, 51, 54);\">\n    elements</span><span class=\"pun\" style=\"margin-right: 0px; margin-left: 0px; border: 0px; color: rgb(48, 51, 54);\">[</span><span class=\"lit\" style=\"margin-right: 0px; margin-left: 0px; border: 0px; color: rgb(125, 39, 39);\">0</span><span class=\"pun\" style=\"margin-right: 0px; margin-left: 0px; border: 0px; color: rgb(48, 51, 54);\">].</span><span class=\"pln\" style=\"margin-right: 0px; margin-left: 0px; border: 0px; color: rgb(48, 51, 54);\">remove</span><span class=\"pun\" style=\"margin-right: 0px; margin-left: 0px; border: 0px; color: rgb(48, 51, 54);\">();</span><span class=\"pln\" style=\"margin-right: 0px; margin-left: 0px; border: 0px; color: rgb(48, 51, 54);\">\n</span><span class=\"pun\" style=\"margin-right: 0px; margin-left: 0px; border: 0px; color: rgb(48, 51, 54);\">}</span></code></pre>',0,1483377729,1,0,0),
(39,214,'<p style=\"margin-bottom: 1em; border: 0px; font-size: 15px; clear: both; color: rgb(36, 39, 41); font-family: Arial, &quot;Helvetica Neue&quot;, Helvetica, sans-serif;\">You can you use a simple solution, just change the class, the HTML Collection filter is updated:</p><pre class=\"default prettyprint prettyprinted\" style=\"margin-bottom: 1em; padding: 5px; border-width: 0px; border-style: initial; border-color: initial; width: auto; max-height: 600px; font-family: Consolas, Menlo, Monaco, &quot;Lucida Console&quot;, &quot;Liberation Mono&quot;, &quot;DejaVu Sans Mono&quot;, &quot;Bitstream Vera Sans Mono&quot;, &quot;Courier New&quot;, monospace, sans-serif; background-color: rgb(239, 240, 241); color: rgb(57, 51, 24); word-wrap: normal;\"><code style=\"margin-right: 0px; margin-left: 0px; border: 0px; font-size: 13px; font-family: Consolas, Menlo, Monaco, &quot;Lucida Console&quot;, &quot;Liberation Mono&quot;, &quot;DejaVu Sans Mono&quot;, &quot;Bitstream Vera Sans Mono&quot;, &quot;Courier New&quot;, monospace, sans-serif; background-color: rgb(239, 240, 241); white-space: inherit;\"><span class=\"kwd\" style=\"margin-right: 0px; margin-left: 0px; border: 0px; color: rgb(16, 16, 148);\">var</span><span class=\"pln\" style=\"margin-right: 0px; margin-left: 0px; border: 0px; color: rgb(48, 51, 54);\"> cur_columns </span><span class=\"pun\" style=\"margin-right: 0px; margin-left: 0px; border: 0px; color: rgb(48, 51, 54);\">=</span><span class=\"pln\" style=\"margin-right: 0px; margin-left: 0px; border: 0px; color: rgb(48, 51, 54);\"> document</span><span class=\"pun\" style=\"margin-right: 0px; margin-left: 0px; border: 0px; color: rgb(48, 51, 54);\">.</span><span class=\"pln\" style=\"margin-right: 0px; margin-left: 0px; border: 0px; color: rgb(48, 51, 54);\">getElementsByClassName</span><span class=\"pun\" style=\"margin-right: 0px; margin-left: 0px; border: 0px; color: rgb(48, 51, 54);\">(</span><span class=\"str\" style=\"margin-right: 0px; margin-left: 0px; border: 0px; color: rgb(125, 39, 39);\">\'column\'</span><span class=\"pun\" style=\"margin-right: 0px; margin-left: 0px; border: 0px; color: rgb(48, 51, 54);\">);</span><span class=\"pln\" style=\"margin-right: 0px; margin-left: 0px; border: 0px; color: rgb(48, 51, 54);\">\n\n</span><span class=\"kwd\" style=\"margin-right: 0px; margin-left: 0px; border: 0px; color: rgb(16, 16, 148);\">for</span><span class=\"pln\" style=\"margin-right: 0px; margin-left: 0px; border: 0px; color: rgb(48, 51, 54);\"> </span><span class=\"pun\" style=\"margin-right: 0px; margin-left: 0px; border: 0px; color: rgb(48, 51, 54);\">(</span><span class=\"pln\" style=\"margin-right: 0px; margin-left: 0px; border: 0px; color: rgb(48, 51, 54);\">i </span><span class=\"kwd\" style=\"margin-right: 0px; margin-left: 0px; border: 0px; color: rgb(16, 16, 148);\">in</span><span class=\"pln\" style=\"margin-right: 0px; margin-left: 0px; border: 0px; color: rgb(48, 51, 54);\"> cur_columns</span><span class=\"pun\" style=\"margin-right: 0px; margin-left: 0px; border: 0px; color: rgb(48, 51, 54);\">)</span><span class=\"pln\" style=\"margin-right: 0px; margin-left: 0px; border: 0px; color: rgb(48, 51, 54);\"> </span><span class=\"pun\" style=\"margin-right: 0px; margin-left: 0px; border: 0px; color: rgb(48, 51, 54);\">{</span><span class=\"pln\" style=\"margin-right: 0px; margin-left: 0px; border: 0px; color: rgb(48, 51, 54);\">\n   cur_columns</span><span class=\"pun\" style=\"margin-right: 0px; margin-left: 0px; border: 0px; color: rgb(48, 51, 54);\">[</span><span class=\"pln\" style=\"margin-right: 0px; margin-left: 0px; border: 0px; color: rgb(48, 51, 54);\">i</span><span class=\"pun\" style=\"margin-right: 0px; margin-left: 0px; border: 0px; color: rgb(48, 51, 54);\">].</span><span class=\"pln\" style=\"margin-right: 0px; margin-left: 0px; border: 0px; color: rgb(48, 51, 54);\">className </span><span class=\"pun\" style=\"margin-right: 0px; margin-left: 0px; border: 0px; color: rgb(48, 51, 54);\">=</span><span class=\"pln\" style=\"margin-right: 0px; margin-left: 0px; border: 0px; color: rgb(48, 51, 54);\"> </span><span class=\"str\" style=\"margin-right: 0px; margin-left: 0px; border: 0px; color: rgb(125, 39, 39);\">\'\'</span><span class=\"pun\" style=\"margin-right: 0px; margin-left: 0px; border: 0px; color: rgb(48, 51, 54);\">;</span><span class=\"pln\" style=\"margin-right: 0px; margin-left: 0px; border: 0px; color: rgb(48, 51, 54);\">\n</span><span class=\"pun\" style=\"margin-right: 0px; margin-left: 0px; border: 0px; color: rgb(48, 51, 54);\">}</span></code></pre>',0,1483377736,1,0,0),
(40,214,'<p style=\"margin-bottom: 1em; border: 0px; font-size: 15px; clear: both; color: rgb(36, 39, 41); font-family: Arial, &quot;Helvetica Neue&quot;, Helvetica, sans-serif;\">ou can use this syntax:&nbsp;<code style=\"margin-right: 0px; margin-left: 0px; padding: 1px 5px; border: 0px; font-size: 13px; font-family: Consolas, Menlo, Monaco, &quot;Lucida Console&quot;, &quot;Liberation Mono&quot;, &quot;DejaVu Sans Mono&quot;, &quot;Bitstream Vera Sans Mono&quot;, &quot;Courier New&quot;, monospace, sans-serif; background-color: rgb(239, 240, 241); white-space: pre-wrap;\">node.parentNode</code></p><p style=\"margin-bottom: 1em; border: 0px; font-size: 15px; clear: both; color: rgb(36, 39, 41); font-family: Arial, &quot;Helvetica Neue&quot;, Helvetica, sans-serif;\">For example:</p><pre class=\"default prettyprint prettyprinted\" style=\"margin-bottom: 1em; padding: 5px; border-width: 0px; border-style: initial; border-color: initial; width: auto; max-height: 600px; font-family: Consolas, Menlo, Monaco, &quot;Lucida Console&quot;, &quot;Liberation Mono&quot;, &quot;DejaVu Sans Mono&quot;, &quot;Bitstream Vera Sans Mono&quot;, &quot;Courier New&quot;, monospace, sans-serif; background-color: rgb(239, 240, 241); color: rgb(57, 51, 24); word-wrap: normal;\"><code style=\"margin-right: 0px; margin-left: 0px; border: 0px; font-size: 13px; font-family: Consolas, Menlo, Monaco, &quot;Lucida Console&quot;, &quot;Liberation Mono&quot;, &quot;DejaVu Sans Mono&quot;, &quot;Bitstream Vera Sans Mono&quot;, &quot;Courier New&quot;, monospace, sans-serif; background-color: rgb(239, 240, 241); white-space: inherit;\"><span class=\"pln\" style=\"margin-right: 0px; margin-left: 0px; border: 0px; color: rgb(48, 51, 54);\">someNode </span><span class=\"pun\" style=\"margin-right: 0px; margin-left: 0px; border: 0px; color: rgb(48, 51, 54);\">=</span><span class=\"pln\" style=\"margin-right: 0px; margin-left: 0px; border: 0px; color: rgb(48, 51, 54);\"> document</span><span class=\"pun\" style=\"margin-right: 0px; margin-left: 0px; border: 0px; color: rgb(48, 51, 54);\">.</span><span class=\"pln\" style=\"margin-right: 0px; margin-left: 0px; border: 0px; color: rgb(48, 51, 54);\">getElementById</span><span class=\"pun\" style=\"margin-right: 0px; margin-left: 0px; border: 0px; color: rgb(48, 51, 54);\">(</span><span class=\"str\" style=\"margin-right: 0px; margin-left: 0px; border: 0px; color: rgb(125, 39, 39);\">\"someId\"</span><span class=\"pun\" style=\"margin-right: 0px; margin-left: 0px; border: 0px; color: rgb(48, 51, 54);\">);</span><span class=\"pln\" style=\"margin-right: 0px; margin-left: 0px; border: 0px; color: rgb(48, 51, 54);\">\nsomeNode</span><span class=\"pun\" style=\"margin-right: 0px; margin-left: 0px; border: 0px; color: rgb(48, 51, 54);\">.</span><span class=\"pln\" style=\"margin-right: 0px; margin-left: 0px; border: 0px; color: rgb(48, 51, 54);\">parentNode</span><span class=\"pun\" style=\"margin-right: 0px; margin-left: 0px; border: 0px; color: rgb(48, 51, 54);\">.</span><span class=\"pln\" style=\"margin-right: 0px; margin-left: 0px; border: 0px; color: rgb(48, 51, 54);\">removeChild</span><span class=\"pun\" style=\"margin-right: 0px; margin-left: 0px; border: 0px; color: rgb(48, 51, 54);\">(</span><span class=\"pln\" style=\"margin-right: 0px; margin-left: 0px; border: 0px; color: rgb(48, 51, 54);\">someNode</span><span class=\"pun\" style=\"margin-right: 0px; margin-left: 0px; border: 0px; color: rgb(48, 51, 54);\">);</span></code></pre>',0,1483377750,1,0,0),
(42,214,'ada<span style=\"color: rgb(36, 39, 41); font-family: Arial, &quot;Helvetica Neue&quot;, Helvetica, sans-serif; font-size: 15px;\">ou can use this syntax:</span><span style=\"color: rgb(36, 39, 41); font-family: Arial, &quot;Helvetica Neue&quot;, Helvetica, sans-serif; font-size: 15px;\">&nbsp;</span><code style=\"margin-right: 0px; margin-left: 0px; padding: 1px 5px; border: 0px; font-size: 13px; font-family: Consolas, Menlo, Monaco, &quot;Lucida Console&quot;, &quot;Liberation Mono&quot;, &quot;DejaVu Sans Mono&quot;, &quot;Bitstream Vera Sans Mono&quot;, &quot;Courier New&quot;, monospace, sans-serif; background-color: rgb(239, 240, 241); white-space: pre-wrap;\">node.parentNode</code><p style=\"margin-bottom: 1em; border: 0px; font-size: 15px; clear: both; color: rgb(36, 39, 41); font-family: Arial, &quot;Helvetica Neue&quot;, Helvetica, sans-serif;\">For example:</p><pre class=\"default prettyprint prettyprinted\" style=\"margin-bottom: 1em; padding: 5px; border-width: 0px; border-style: initial; border-color: initial; width: auto; max-height: 600px; font-family: Consolas, Menlo, Monaco, &quot;Lucida Console&quot;, &quot;Liberation Mono&quot;, &quot;DejaVu Sans Mono&quot;, &quot;Bitstream Vera Sans Mono&quot;, &quot;Courier New&quot;, monospace, sans-serif; background-color: rgb(239, 240, 241); color: rgb(57, 51, 24); word-wrap: normal;\"><code style=\"margin-right: 0px; margin-left: 0px; border: 0px; font-size: 13px; font-family: Consolas, Menlo, Monaco, &quot;Lucida Console&quot;, &quot;Liberation Mono&quot;, &quot;DejaVu Sans Mono&quot;, &quot;Bitstream Vera Sans Mono&quot;, &quot;Courier New&quot;, monospace, sans-serif; background-color: rgb(239, 240, 241); white-space: inherit;\"><span class=\"pln\" style=\"margin-right: 0px; margin-left: 0px; border: 0px; color: rgb(48, 51, 54);\">someNode </span><span class=\"pun\" style=\"margin-right: 0px; margin-left: 0px; border: 0px; color: rgb(48, 51, 54);\">=</span><span class=\"pln\" style=\"margin-right: 0px; margin-left: 0px; border: 0px; color: rgb(48, 51, 54);\"> document</span><span class=\"pun\" style=\"margin-right: 0px; margin-left: 0px; border: 0px; color: rgb(48, 51, 54);\">.</span><span class=\"pln\" style=\"margin-right: 0px; margin-left: 0px; border: 0px; color: rgb(48, 51, 54);\">getElementById</span><span class=\"pun\" style=\"margin-right: 0px; margin-left: 0px; border: 0px; color: rgb(48, 51, 54);\">(</span><span class=\"str\" style=\"margin-right: 0px; margin-left: 0px; border: 0px; color: rgb(125, 39, 39);\">\"someId\"</span><span class=\"pun\" style=\"margin-right: 0px; margin-left: 0px; border: 0px; color: rgb(48, 51, 54);\">);</span><span class=\"pln\" style=\"margin-right: 0px; margin-left: 0px; border: 0px; color: rgb(48, 51, 54);\">\nsomeNode</span><span class=\"pun\" style=\"margin-right: 0px; margin-left: 0px; border: 0px; color: rgb(48, 51, 54);\">.</span><span class=\"pln\" style=\"margin-right: 0px; margin-left: 0px; border: 0px; color: rgb(48, 51, 54);\">parentNode</span><span class=\"pun\" style=\"margin-right: 0px; margin-left: 0px; border: 0px; color: rgb(48, 51, 54);\">.</span><span class=\"pln\" style=\"margin-right: 0px; margin-left: 0px; border: 0px; color: rgb(48, 51, 54);\">removeChild</span><span class=\"pun\" style=\"margin-right: 0px; margin-left: 0px; border: 0px; color: rgb(48, 51, 54);\">(</span><span class=\"pln\" style=\"margin-right: 0px; margin-left: 0px; border: 0px; color: rgb(48, 51, 54);\">someNode</span><span class=\"pun\" style=\"margin-right: 0px; margin-left: 0px; border: 0px; color: rgb(48, 51, 54);\">);</span></code></pre>',0,1483377754,1,0,0),
(43,214,'aq4q4<span style=\"color: rgb(36, 39, 41); font-family: Arial, &quot;Helvetica Neue&quot;, Helvetica, sans-serif; font-size: 15px;\">ou can use this syntax:</span><span style=\"color: rgb(36, 39, 41); font-family: Arial, &quot;Helvetica Neue&quot;, Helvetica, sans-serif; font-size: 15px;\">&nbsp;</span><code style=\"margin-right: 0px; margin-left: 0px; padding: 1px 5px; border: 0px; font-size: 13px; font-family: Consolas, Menlo, Monaco, &quot;Lucida Console&quot;, &quot;Liberation Mono&quot;, &quot;DejaVu Sans Mono&quot;, &quot;Bitstream Vera Sans Mono&quot;, &quot;Courier New&quot;, monospace, sans-serif; background-color: rgb(239, 240, 241); white-space: pre-wrap;\">node.parentNode</code><p style=\"margin-bottom: 1em; border: 0px; font-size: 15px; clear: both; color: rgb(36, 39, 41); font-family: Arial, &quot;Helvetica Neue&quot;, Helvetica, sans-serif;\">For example:</p><pre class=\"default prettyprint prettyprinted\" style=\"margin-bottom: 1em; padding: 5px; border-width: 0px; border-style: initial; border-color: initial; width: auto; max-height: 600px; font-family: Consolas, Menlo, Monaco, &quot;Lucida Console&quot;, &quot;Liberation Mono&quot;, &quot;DejaVu Sans Mono&quot;, &quot;Bitstream Vera Sans Mono&quot;, &quot;Courier New&quot;, monospace, sans-serif; background-color: rgb(239, 240, 241); color: rgb(57, 51, 24); word-wrap: normal;\"><code style=\"margin-right: 0px; margin-left: 0px; border: 0px; font-size: 13px; font-family: Consolas, Menlo, Monaco, &quot;Lucida Console&quot;, &quot;Liberation Mono&quot;, &quot;DejaVu Sans Mono&quot;, &quot;Bitstream Vera Sans Mono&quot;, &quot;Courier New&quot;, monospace, sans-serif; background-color: rgb(239, 240, 241); white-space: inherit;\"><span class=\"pln\" style=\"margin-right: 0px; margin-left: 0px; border: 0px; color: rgb(48, 51, 54);\">someNode </span><span class=\"pun\" style=\"margin-right: 0px; margin-left: 0px; border: 0px; color: rgb(48, 51, 54);\">=</span><span class=\"pln\" style=\"margin-right: 0px; margin-left: 0px; border: 0px; color: rgb(48, 51, 54);\"> document</span><span class=\"pun\" style=\"margin-right: 0px; margin-left: 0px; border: 0px; color: rgb(48, 51, 54);\">.</span><span class=\"pln\" style=\"margin-right: 0px; margin-left: 0px; border: 0px; color: rgb(48, 51, 54);\">getElementById</span><span class=\"pun\" style=\"margin-right: 0px; margin-left: 0px; border: 0px; color: rgb(48, 51, 54);\">(</span><span class=\"str\" style=\"margin-right: 0px; margin-left: 0px; border: 0px; color: rgb(125, 39, 39);\">\"someId\"</span><span class=\"pun\" style=\"margin-right: 0px; margin-left: 0px; border: 0px; color: rgb(48, 51, 54);\">);</span><span class=\"pln\" style=\"margin-right: 0px; margin-left: 0px; border: 0px; color: rgb(48, 51, 54);\">\nsomeNode</span><span class=\"pun\" style=\"margin-right: 0px; margin-left: 0px; border: 0px; color: rgb(48, 51, 54);\">.</span><span class=\"pln\" style=\"margin-right: 0px; margin-left: 0px; border: 0px; color: rgb(48, 51, 54);\">parentNode</span><span class=\"pun\" style=\"margin-right: 0px; margin-left: 0px; border: 0px; color: rgb(48, 51, 54);\">.</span><span class=\"pln\" style=\"margin-right: 0px; margin-left: 0px; border: 0px; color: rgb(48, 51, 54);\">removeChild</span><span class=\"pun\" style=\"margin-right: 0px; margin-left: 0px; border: 0px; color: rgb(48, 51, 54);\">(</span><span class=\"pln\" style=\"margin-right: 0px; margin-left: 0px; border: 0px; color: rgb(48, 51, 54);\">someNode</span><span class=\"pun\" style=\"margin-right: 0px; margin-left: 0px; border: 0px; color: rgb(48, 51, 54);\">);</span></code></pre>',0,1483377757,1,0,0),
(44,214,'<p>dE&nbsp; &nbsp; E<span style=\"color: rgb(36, 39, 41); font-family: Arial, &quot;Helvetica Neue&quot;, Helvetica, sans-serif; font-size: 15px;\">ou can use this syntax:</span><span style=\"color: rgb(36, 39, 41); font-family: Arial, &quot;Helvetica Neue&quot;, Helvetica, sans-serif; font-size: 15px;\">&nbsp;</span><code style=\"margin-right: 0px; margin-left: 0px; padding: 1px 5px; border: 0px; font-size: 13px; font-family: Consolas, Menlo, Monaco, &quot;Lucida Console&quot;, &quot;Liberation Mono&quot;, &quot;DejaVu Sans Mono&quot;, &quot;Bitstream Vera Sans Mono&quot;, &quot;Courier New&quot;, monospace, sans-serif; background-color: rgb(239, 240, 241); white-space: pre-wrap;\">node.parentNode</code></p><p style=\"margin-bottom: 1em; border: 0px; font-size: 15px; clear: both; color: rgb(36, 39, 41); font-family: Arial, &quot;Helvetica Neue&quot;, Helvetica, sans-serif;\">For example:</p><pre class=\"default prettyprint prettyprinted\" style=\"margin-bottom: 1em; padding: 5px; border-width: 0px; border-style: initial; border-color: initial; width: auto; max-height: 600px; font-family: Consolas, Menlo, Monaco, &quot;Lucida Console&quot;, &quot;Liberation Mono&quot;, &quot;DejaVu Sans Mono&quot;, &quot;Bitstream Vera Sans Mono&quot;, &quot;Courier New&quot;, monospace, sans-serif; background-color: rgb(239, 240, 241); color: rgb(57, 51, 24); word-wrap: normal;\"><code style=\"margin-right: 0px; margin-left: 0px; border: 0px; font-size: 13px; font-family: Consolas, Menlo, Monaco, &quot;Lucida Console&quot;, &quot;Liberation Mono&quot;, &quot;DejaVu Sans Mono&quot;, &quot;Bitstream Vera Sans Mono&quot;, &quot;Courier New&quot;, monospace, sans-serif; background-color: rgb(239, 240, 241); white-space: inherit;\"><span class=\"pln\" style=\"margin-right: 0px; margin-left: 0px; border: 0px; color: rgb(48, 51, 54);\">someNode </span><span class=\"pun\" style=\"margin-right: 0px; margin-left: 0px; border: 0px; color: rgb(48, 51, 54);\">=</span><span class=\"pln\" style=\"margin-right: 0px; margin-left: 0px; border: 0px; color: rgb(48, 51, 54);\"> document</span><span class=\"pun\" style=\"margin-right: 0px; margin-left: 0px; border: 0px; color: rgb(48, 51, 54);\">.</span><span class=\"pln\" style=\"margin-right: 0px; margin-left: 0px; border: 0px; color: rgb(48, 51, 54);\">getElementById</span><span class=\"pun\" style=\"margin-right: 0px; margin-left: 0px; border: 0px; color: rgb(48, 51, 54);\">(</span><span class=\"str\" style=\"margin-right: 0px; margin-left: 0px; border: 0px; color: rgb(125, 39, 39);\">\"someId\"</span><span class=\"pun\" style=\"margin-right: 0px; margin-left: 0px; border: 0px; color: rgb(48, 51, 54);\">);</span><span class=\"pln\" style=\"margin-right: 0px; margin-left: 0px; border: 0px; color: rgb(48, 51, 54);\">\nsomeNode</span><span class=\"pun\" style=\"margin-right: 0px; margin-left: 0px; border: 0px; color: rgb(48, 51, 54);\">.</span><span class=\"pln\" style=\"margin-right: 0px; margin-left: 0px; border: 0px; color: rgb(48, 51, 54);\">parentNode</span><span class=\"pun\" style=\"margin-right: 0px; margin-left: 0px; border: 0px; color: rgb(48, 51, 54);\">.</span><span class=\"pln\" style=\"margin-right: 0px; margin-left: 0px; border: 0px; color: rgb(48, 51, 54);\">removeChild</span><span class=\"pun\" style=\"margin-right: 0px; margin-left: 0px; border: 0px; color: rgb(48, 51, 54);\">(</span><span class=\"pln\" style=\"margin-right: 0px; margin-left: 0px; border: 0px; color: rgb(48, 51, 54);\">someNode</span><span class=\"pun\" style=\"margin-right: 0px; margin-left: 0px; border: 0px; color: rgb(48, 51, 54);\">);</span></code></pre>',0,1483377761,1,0,0),
(48,214,'<h2 class=\"hd\" style=\"position: absolute; width: 1px; height: 1px; top: -1000em; overflow: hidden; color: rgb(34, 34, 34); font-family: arial, sans-serif;\">Kết quả tìm kiếm</h2><div data-async-context=\"query:js%20add%20html%20to%20last%20element\" id=\"ires\" style=\"margin-top: 6px; color: rgb(34, 34, 34); font-family: arial, sans-serif; font-size: medium;\"><div eid=\"tYxqWOvTPMeMvQSjtaGYAQ\" id=\"rso\"><div class=\"_NId\"><div class=\"srg\"><div class=\"g\" style=\"line-height: 1.2; font-size: small; margin-bottom: 26px;\"><div class=\"rc\" data-hveid=\"22\" data-ved=\"0ahUKEwirgtCM_aPRAhVHRo8KHaNaCBMQFQgWKAAwAA\" style=\"position: relative;\"><h3 class=\"r\" style=\"font-size: 18px; margin: 0px; overflow: hidden; text-overflow: ellipsis; white-space: nowrap;\"><a href=\"http://www.w3schools.com/jsref/prop_node_lastchild.asp\" style=\"color: rgb(102, 0, 153); cursor: pointer;\">HTML DOM Node lastChild Property - W3Schools</a></h3><div class=\"s\" style=\"max-width: 48em; color: rgb(84, 84, 84); line-height: 18px;\"><div class=\"f kv _SWb\" style=\"color: rgb(128, 128, 128); height: 18px; line-height: 16px; white-space: nowrap;\"><cite class=\"_Rm\" style=\"color: rgb(0, 102, 33); font-style: normal; font-size: 14px;\">www.w3schools.com/jsref/prop_node_<b>last</b>child.asp</cite><div class=\"action-menu ab_ctl\" style=\"display: inline; position: relative; margin-top: 1px; margin-right: 3px; margin-left: 3px; user-select: none; vertical-align: middle;\"><a class=\"_Fmb ab_button\" href=\"https://www.google.com.vn/?gws_rd=ssl#\" id=\"am-b0\" aria-label=\"Chi tiết về kết quả tìm kiếm\" aria-expanded=\"false\" aria-haspopup=\"true\" role=\"button\" jsaction=\"m.tdd;keydown:m.hbke;keypress:m.mskpe\" data-ved=\"0ahUKEwirgtCM_aPRAhVHRo8KHaNaCBMQ7B0IGDAA\" style=\"border-radius: 0px; cursor: default; font-size: 11px; font-weight: bold; height: 12px; line-height: 27px; margin: 1px 0px 2px; min-width: 0px; text-align: center; transition: none; user-select: none; background-color: white; background-image: none; border: 0px; color: rgb(128, 128, 128); box-shadow: 0px 0px 0px 0px; filter: none; width: 13px; display: inline-block;\"><span class=\"mn-dwn-arw\" style=\"border-color: rgb(0, 102, 33) transparent; border-style: solid; border-width: 5px 4px 0px !important; width: 0px; height: 0px; margin-left: 3px; top: 7.5px; margin-top: -4px; position: absolute; left: 0px;\"></span></a><div class=\"action-menu-panel ab_dropdown\" role=\"menu\" tabindex=\"-1\" jsaction=\"keydown:m.hdke;mouseover:m.hdhne;mouseout:m.hdhue\" data-ved=\"0ahUKEwirgtCM_aPRAhVHRo8KHaNaCBMQqR8IGTAA\" style=\"background-image: initial; background-position: initial; background-size: initial; background-repeat: initial; background-attachment: initial; background-origin: initial; background-clip: initial; border: 1px solid rgba(0, 0, 0, 0.2); font-size: 13px; position: absolute; right: auto; top: 12px; z-index: 3; transition: opacity 0.218s; box-shadow: rgba(0, 0, 0, 0.2) 0px 2px 4px; left: 0px; visibility: hidden;\"><ol style=\"margin-right: 0px; margin-bottom: 0px; margin-left: 0px; border: 0px;\"><li class=\"action-menu-item ab_dropdownitem\" role=\"menuitem\" style=\"margin-right: 0px; margin-left: 0px; border: 0px; list-style: none; user-select: none; cursor: pointer;\"><a class=\"fl\" href=\"http://webcache.googleusercontent.com/search?q=cache:7UPBXRro8ecJ:www.w3schools.com/jsref/prop_node_lastchild.asp+&amp;cd=1&amp;hl=vi&amp;ct=clnk&amp;gl=vn\" style=\"color: rgb(51, 51, 51); cursor: pointer; display: block; padding: 7px 18px; outline: 0px; font-size: 14px;\"></a></li><li class=\"action-menu-item ab_dropdownitem\" role=\"menuitem\" style=\"margin-right: 0px; margin-left: 0px; border: 0px; list-style: none; user-select: none; cursor: pointer;\"><a class=\"fl\" href=\"https://www.google.com.vn/search?biw=1366&amp;bih=638&amp;q=related:www.w3schools.com/jsref/prop_node_lastchild.asp+js+add+html+to+last+element&amp;tbo=1&amp;sa=X&amp;ved=0ahUKEwirgtCM_aPRAhVHRo8KHaNaCBMQHwgbMAA\" style=\"color: rgb(51, 51, 51); cursor: pointer; display: block; padding: 7px 18px; outline: 0px; font-size: 14px;\"></a></li></ol></div></div><a class=\"fl\" href=\"https://translate.google.com.vn/translate?hl=vi&amp;sl=en&amp;u=http://www.w3schools.com/jsref/prop_node_lastchild.asp&amp;prev=search\" style=\"color: rgb(26, 13, 171); cursor: pointer; font-size: 14px;\">Dịch trang này</a></div><span class=\"st\" style=\"line-height: 1.4; word-wrap: break-word;\">The difference between this property and lastElementChild, is that lastChild returns the&nbsp;<span style=\"font-weight: bold; color: rgb(106, 106, 106);\">last</span>&nbsp;child node as an&nbsp;<span style=\"font-weight: bold; color: rgb(106, 106, 106);\">element</span>&nbsp;node, a text node or a comment node&nbsp;...</span></div></div></div><div class=\"g\" style=\"line-height: 1.2; font-size: small; margin-bottom: 26px;\"><div class=\"rc\" data-hveid=\"30\" data-ved=\"0ahUKEwirgtCM_aPRAhVHRo8KHaNaCBMQFQgeKAEwAQ\" style=\"position: relative;\"><h3 class=\"r\" style=\"font-size: 18px; margin: 0px; overflow: hidden; text-overflow: ellipsis; white-space: nowrap;\"><a href=\"https://www.google.com.vn/url?sa=t&amp;rct=j&amp;q=&amp;esrc=s&amp;source=web&amp;cd=2&amp;cad=rja&amp;uact=8&amp;ved=0ahUKEwirgtCM_aPRAhVHRo8KHaNaCBMQFggfMAE&amp;url=http%3A%2F%2Fapi.jquery.com%2Fappend%2F&amp;usg=AFQjCNHOUufNEqoLDGnYJCokTxkU1HnY3w&amp;sig2=5Ii4SDVz4Iz7dFrV5fjGJg&amp;bvm=bv.142059868,d.c2I\" data-href=\"http://api.jquery.com/append/\" style=\"color: rgb(102, 0, 153); cursor: pointer;\">.append() | jQuery API Documentation</a></h3><div class=\"s\" style=\"max-width: 48em; color: rgb(84, 84, 84); line-height: 18px;\"><div class=\"f kv _SWb\" style=\"color: rgb(128, 128, 128); height: 18px; line-height: 16px; white-space: nowrap;\"><cite class=\"_Rm bc\" style=\"color: rgb(0, 102, 33); font-style: normal; font-size: 14px;\">api.jquery.com › Manipulation › DOM Insertion, Inside</cite><div class=\"action-menu ab_ctl\" style=\"display: inline; position: relative; margin-top: 1px; margin-right: 3px; margin-left: 3px; user-select: none; vertical-align: middle;\"><a class=\"_Fmb ab_button\" href=\"https://www.google.com.vn/?gws_rd=ssl#\" id=\"am-b1\" aria-label=\"Chi tiết về kết quả tìm kiếm\" aria-expanded=\"false\" aria-haspopup=\"true\" role=\"button\" jsaction=\"m.tdd;keydown:m.hbke;keypress:m.mskpe\" data-ved=\"0ahUKEwirgtCM_aPRAhVHRo8KHaNaCBMQ7B0IITAB\" style=\"border-radius: 0px; cursor: default; font-size: 11px; font-weight: bold; height: 12px; line-height: 27px; margin: 1px 0px 2px; min-width: 0px; text-align: center; transition: none; user-select: none; background-color: white; background-image: none; border: 0px; color: rgb(128, 128, 128); box-shadow: 0px 0px 0px 0px; filter: none; width: 13px; display: inline-block;\"><span class=\"mn-dwn-arw\" style=\"border-color: rgb(0, 102, 33) transparent; border-style: solid; border-width: 5px 4px 0px !important; width: 0px; height: 0px; margin-left: 3px; top: 7.5px; margin-top: -4px; position: absolute; left: 0px;\"></span></a><div class=\"action-menu-panel ab_dropdown\" role=\"menu\" tabindex=\"-1\" jsaction=\"keydown:m.hdke;mouseover:m.hdhne;mouseout:m.hdhue\" data-ved=\"0ahUKEwirgtCM_aPRAhVHRo8KHaNaCBMQqR8IIjAB\" style=\"background-image: initial; background-position: initial; background-size: initial; background-repeat: initial; background-attachment: initial; background-origin: initial; background-clip: initial; border: 1px solid rgba(0, 0, 0, 0.2); font-size: 13px; position: absolute; right: auto; top: 12px; z-index: 3; transition: opacity 0.218s; box-shadow: rgba(0, 0, 0, 0.2) 0px 2px 4px; left: 0px; visibility: hidden;\"><ol style=\"margin-right: 0px; margin-bottom: 0px; margin-left: 0px; border: 0px;\"><li class=\"action-menu-item ab_dropdownitem\" role=\"menuitem\" style=\"margin-right: 0px; margin-left: 0px; border: 0px; list-style: none; user-select: none; cursor: pointer;\"><a class=\"fl\" href=\"http://webcache.googleusercontent.com/search?q=cache:9wRXx0H0IHoJ:api.jquery.com/append/+&amp;cd=2&amp;hl=vi&amp;ct=clnk&amp;gl=vn\" style=\"color: rgb(51, 51, 51); cursor: pointer; display: block; padding: 7px 18px; outline: 0px; font-size: 14px;\"></a></li><li class=\"action-menu-item ab_dropdownitem\" role=\"menuitem\" style=\"margin-right: 0px; margin-left: 0px; border: 0px; list-style: none; user-select: none; cursor: pointer;\"><a class=\"fl\" href=\"https://www.google.com.vn/search?biw=1366&amp;bih=638&amp;q=related:api.jquery.com/append/+js+add+html+to+last+element&amp;tbo=1&amp;sa=X&amp;ved=0ahUKEwirgtCM_aPRAhVHRo8KHaNaCBMQHwgkMAE\" style=\"color: rgb(51, 51, 51); cursor: pointer; display: block; padding: 7px 18px; outline: 0px; font-size: 14px;\"></a></li></ol></div></div><a class=\"fl\" href=\"https://translate.google.com.vn/translate?hl=vi&amp;sl=en&amp;u=http://api.jquery.com/append/&amp;prev=search\" style=\"color: rgb(26, 13, 171); cursor: pointer; font-size: 14px;\">Dịch trang này</a></div><span class=\"st\" style=\"line-height: 1.4; word-wrap: break-word;\">DOM&nbsp;<span style=\"font-weight: bold; color: rgb(106, 106, 106);\">element</span>, text node, array of&nbsp;<span style=\"font-weight: bold; color: rgb(106, 106, 106);\">elements</span>&nbsp;and text nodes,&nbsp;<span style=\"font-weight: bold; color: rgb(106, 106, 106);\">HTML</span>&nbsp;string, ... as the&nbsp;<span style=\"font-weight: bold; color: rgb(106, 106, 106);\">last</span>&nbsp;child of each<span style=\"font-weight: bold; color: rgb(106, 106, 106);\">element</span>&nbsp;in the&nbsp;<span style=\"font-weight: bold; color: rgb(106, 106, 106);\">jQuery</span>&nbsp;collection (To&nbsp;<span style=\"font-weight: bold; color: rgb(106, 106, 106);\">insert</span>&nbsp;it as the first child,&nbsp;...</span><div class=\"_Tib\" style=\"color: rgb(128, 128, 128);\">Bạn đã truy cập trang này 4 lần. Lần truy cập cuối: 05/10/2016</div></div></div></div><div class=\"g\" style=\"line-height: 1.2; font-size: small; margin-bottom: 26px;\"><div class=\"rc\" data-hveid=\"40\" data-ved=\"0ahUKEwirgtCM_aPRAhVHRo8KHaNaCBMQFQgoKAIwAg\" style=\"position: relative;\"><h3 class=\"r\" style=\"font-size: 18px; margin: 0px; overflow: hidden; text-overflow: ellipsis; white-space: nowrap;\"><a href=\"http://api.jquery.com/prepend/\" style=\"color: rgb(102, 0, 153); cursor: pointer;\">.prepend() | jQuery API Documentation</a></h3><div class=\"s\" style=\"max-width: 48em; color: rgb(84, 84, 84); line-height: 18px;\"><div class=\"f kv _SWb\" style=\"color: rgb(128, 128, 128); height: 18px; line-height: 16px; white-space: nowrap;\"><cite class=\"_Rm bc\" style=\"color: rgb(0, 102, 33); font-style: normal; font-size: 14px;\">api.jquery.com › Manipulation › DOM Insertion, Inside</cite><div class=\"action-menu ab_ctl\" style=\"display: inline; position: relative; margin-top: 1px; margin-right: 3px; margin-left: 3px; user-select: none; vertical-align: middle;\"><a class=\"_Fmb ab_button\" href=\"https://www.google.com.vn/?gws_rd=ssl#\" id=\"am-b2\" aria-label=\"Chi tiết về kết quả tìm kiếm\" aria-expanded=\"false\" aria-haspopup=\"true\" role=\"button\" jsaction=\"m.tdd;keydown:m.hbke;keypress:m.mskpe\" data-ved=\"0ahUKEwirgtCM_aPRAhVHRo8KHaNaCBMQ7B0IKzAC\" style=\"border-radius: 0px; cursor: default; font-size: 11px; font-weight: bold; height: 12px; line-height: 27px; margin: 1px 0px 2px; min-width: 0px; text-align: center; transition: none; user-select: none; background-color: white; background-image: none; border: 0px; color: rgb(128, 128, 128); box-shadow: 0px 0px 0px 0px; filter: none; width: 13px; display: inline-block;\"><span class=\"mn-dwn-arw\" style=\"border-color: rgb(0, 102, 33) transparent; border-style: solid; border-width: 5px 4px 0px !important; width: 0px; height: 0px; margin-left: 3px; top: 7.5px; margin-top: -4px; position: absolute; left: 0px;\"></span></a><div class=\"action-menu-panel ab_dropdown\" role=\"menu\" tabindex=\"-1\" jsaction=\"keydown:m.hdke;mouseover:m.hdhne;mouseout:m.hdhue\" data-ved=\"0ahUKEwirgtCM_aPRAhVHRo8KHaNaCBMQqR8ILDAC\" style=\"background-image: initial; background-position: initial; background-size: initial; background-repeat: initial; background-attachment: initial; background-origin: initial; background-clip: initial; border: 1px solid rgba(0, 0, 0, 0.2); font-size: 13px; position: absolute; right: auto; top: 12px; z-index: 3; transition: opacity 0.218s; box-shadow: rgba(0, 0, 0, 0.2) 0px 2px 4px; left: 0px; visibility: hidden;\"><ol style=\"margin-right: 0px; margin-bottom: 0px; margin-left: 0px; border: 0px;\"><li class=\"action-menu-item ab_dropdownitem\" role=\"menuitem\" style=\"margin-right: 0px; margin-left: 0px; border: 0px; list-style: none; user-select: none; cursor: pointer;\"><a class=\"fl\" href=\"http://webcache.googleusercontent.com/search?q=cache:oyOyx2N44wgJ:api.jquery.com/prepend/+&amp;cd=3&amp;hl=vi&amp;ct=clnk&amp;gl=vn\" style=\"color: rgb(51, 51, 51); cursor: pointer; display: block; padding: 7px 18px; outline: 0px; font-size: 14px;\"></a></li><li class=\"action-menu-item ab_dropdownitem\" role=\"menuitem\" style=\"margin-right: 0px; margin-left: 0px; border: 0px; list-style: none; user-select: none; cursor: pointer;\"><a class=\"fl\" href=\"https://www.google.com.vn/search?biw=1366&amp;bih=638&amp;q=related:api.jquery.com/prepend/+js+add+html+to+last+element&amp;tbo=1&amp;sa=X&amp;ved=0ahUKEwirgtCM_aPRAhVHRo8KHaNaCBMQHwguMAI\" style=\"color: rgb(51, 51, 51); cursor: pointer; display: block; padding: 7px 18px; outline: 0px; font-size: 14px;\"></a></li></ol></div></div><a class=\"fl\" href=\"https://translate.google.com.vn/translate?hl=vi&amp;sl=en&amp;u=http://api.jquery.com/prepend/&amp;prev=search\" style=\"color: rgb(26, 13, 171); cursor: pointer; font-size: 14px;\">Dịch trang này</a></div><span class=\"st\" style=\"line-height: 1.4; word-wrap: break-word;\">DOM&nbsp;<span style=\"font-weight: bold; color: rgb(106, 106, 106);\">element</span>, text node, array of&nbsp;<span style=\"font-weight: bold; color: rgb(106, 106, 106);\">elements</span>&nbsp;and text nodes,&nbsp;<span style=\"font-weight: bold; color: rgb(106, 106, 106);\">HTML</span>&nbsp;string, ... of each&nbsp;<span style=\"font-weight: bold; color: rgb(106, 106, 106);\">element</span>&nbsp;in the<span style=\"font-weight: bold; color: rgb(106, 106, 106);\">jQuery</span>&nbsp;collection (To&nbsp;<span style=\"font-weight: bold; color: rgb(106, 106, 106);\">insert</span>&nbsp;it as the&nbsp;<span style=\"font-weight: bold; color: rgb(106, 106, 106);\">last</span>&nbsp;child, use .<span style=\"font-weight: bold; color: rgb(106, 106, 106);\">append</span>() )<wbr>.</span><div class=\"_Tib\" style=\"color: rgb(128, 128, 128);\">Bạn đã truy cập trang này 2 lần. Lần truy cập cuối: 21/12/2016</div></div></div></div><div class=\"g\" style=\"line-height: 1.2; font-size: small; margin-bottom: 26px;\"><div class=\"rc\" data-hveid=\"50\" data-ved=\"0ahUKEwirgtCM_aPRAhVHRo8KHaNaCBMQFQgyKAMwAw\" style=\"position: relative;\"><h3 class=\"r\" style=\"font-size: 18px; margin: 0px; overflow: hidden; text-overflow: ellipsis; white-space: nowrap;\"><a href=\"https://api.jquery.com/last/\" style=\"color: rgb(102, 0, 153); cursor: pointer;\">.last() | jQuery API Documentation</a></h3><div class=\"s\" style=\"max-width: 48em; color: rgb(84, 84, 84); line-height: 18px;\"><div class=\"f kv _SWb\" style=\"color: rgb(128, 128, 128); height: 18px; line-height: 16px; white-space: nowrap;\"><cite class=\"_Rm\" style=\"color: rgb(0, 102, 33); font-style: normal; font-size: 14px;\">https://api.<b>jquery</b>.com/<b>last</b>/</cite><div class=\"action-menu ab_ctl\" style=\"display: inline; position: relative; margin-top: 1px; margin-right: 3px; margin-left: 3px; user-select: none; vertical-align: middle;\"><a class=\"_Fmb ab_button\" href=\"https://www.google.com.vn/?gws_rd=ssl#\" id=\"am-b3\" aria-label=\"Chi tiết về kết quả tìm kiếm\" aria-expanded=\"false\" aria-haspopup=\"true\" role=\"button\" jsaction=\"m.tdd;keydown:m.hbke;keypress:m.mskpe\" data-ved=\"0ahUKEwirgtCM_aPRAhVHRo8KHaNaCBMQ7B0INDAD\" style=\"border-radius: 0px; cursor: default; font-size: 11px; font-weight: bold; height: 12px; line-height: 27px; margin: 1px 0px 2px; min-width: 0px; text-align: center; transition: none; user-select: none; background-color: white; background-image: none; border: 0px; color: rgb(128, 128, 128); box-shadow: 0px 0px 0px 0px; filter: none; width: 13px; display: inline-block;\"><span class=\"mn-dwn-arw\" style=\"border-color: rgb(0, 102, 33) transparent; border-style: solid; border-width: 5px 4px 0px !important; width: 0px; height: 0px; margin-left: 3px; top: 7.5px; margin-top: -4px; position: absolute; left: 0px;\"></span></a><div class=\"action-menu-panel ab_dropdown\" role=\"menu\" tabindex=\"-1\" jsaction=\"keydown:m.hdke;mouseover:m.hdhne;mouseout:m.hdhue\" data-ved=\"0ahUKEwirgtCM_aPRAhVHRo8KHaNaCBMQqR8INTAD\" style=\"background-image: initial; background-position: initial; background-size: initial; background-repeat: initial; background-attachment: initial; background-origin: initial; background-clip: initial; border: 1px solid rgba(0, 0, 0, 0.2); font-size: 13px; position: absolute; right: auto; top: 12px; z-index: 3; transition: opacity 0.218s; box-shadow: rgba(0, 0, 0, 0.2) 0px 2px 4px; left: 0px; visibility: hidden;\"><ol style=\"margin-right: 0px; margin-bottom: 0px; margin-left: 0px; border: 0px;\"><li class=\"action-menu-item ab_dropdownitem\" role=\"menuitem\" style=\"margin-right: 0px; margin-left: 0px; border: 0px; list-style: none; user-select: none; cursor: pointer;\"><a class=\"fl\" href=\"https://webcache.googleusercontent.com/search?q=cache:DyIrsUMDercJ:https://api.jquery.com/last/+&amp;cd=4&amp;hl=vi&amp;ct=clnk&amp;gl=vn\" style=\"color: rgb(51, 51, 51); cursor: pointer; display: block; padding: 7px 18px; outline: 0px; font-size: 14px;\"></a></li><li class=\"action-menu-item ab_dropdownitem\" role=\"menuitem\" style=\"margin-right: 0px; margin-left: 0px; border: 0px; list-style: none; user-select: none; cursor: pointer;\"><a class=\"fl\" href=\"https://www.google.com.vn/search?biw=1366&amp;bih=638&amp;q=related:https://api.jquery.com/last/+js+add+html+to+last+element&amp;tbo=1&amp;sa=X&amp;ved=0ahUKEwirgtCM_aPRAhVHRo8KHaNaCBMQHwg3MAM\" style=\"color: rgb(51, 51, 51); cursor: pointer; display: block; padding: 7px 18px; outline: 0px; font-size: 14px;\"></a></li></ol></div></div><a class=\"fl\" href=\"https://translate.google.com.vn/translate?hl=vi&amp;sl=en&amp;u=https://api.jquery.com/last/&amp;prev=search\" style=\"color: rgb(26, 13, 171); cursor: pointer; font-size: 14px;\">Dịch trang này</a></div><span class=\"st\" style=\"line-height: 1.4; word-wrap: break-word;\">Given a&nbsp;<span style=\"font-weight: bold; color: rgb(106, 106, 106);\">jQuery</span>&nbsp;object that represents a set of DOM elements, the .last() method constructs a new<span style=\"font-weight: bold; color: rgb(106, 106, 106);\">jQuery</span>&nbsp;object from the&nbsp;<span style=\"font-weight: bold; color: rgb(106, 106, 106);\">last element</span>&nbsp;in that set. Consider a page with a simple list on it: ... &lt;!doctype<span style=\"font-weight: bold; color: rgb(106, 106, 106);\">html</span>&gt;. &lt;<span style=\"font-weight: bold; color: rgb(106, 106, 106);\">html</span>&nbsp;lang=\"en\"&gt;. &lt;head&gt;.</span></div></div></div></div></div></div></div>',0,1483378977,1,0,0),
(49,214,'<h2 class=\"hd\" style=\"position: absolute; width: 1px; height: 1px; top: -1000em; overflow: hidden; color: rgb(34, 34, 34); font-family: arial, sans-serif;\">Kết quả tìm kiếm</h2><div data-async-context=\"query:js%20add%20html%20to%20last%20element\" id=\"ires\" style=\"margin-top: 6px; color: rgb(34, 34, 34); font-family: arial, sans-serif; font-size: medium;\"><div eid=\"tYxqWOvTPMeMvQSjtaGYAQ\" id=\"rso\"><div class=\"_NId\"><div class=\"srg\"><div class=\"g\" style=\"line-height: 1.2; font-size: small; margin-bottom: 26px;\"><div class=\"rc\" data-hveid=\"22\" data-ved=\"0ahUKEwirgtCM_aPRAhVHRo8KHaNaCBMQFQgWKAAwAA\" style=\"position: relative;\"><h3 class=\"r\" style=\"font-size: 18px; margin: 0px; overflow: hidden; text-overflow: ellipsis; white-space: nowrap;\"><a href=\"http://www.w3schools.com/jsref/prop_node_lastchild.asp\" style=\"color: rgb(102, 0, 153); cursor: pointer;\">HTML DOM Node lastChild Property - W3Schools</a></h3><div class=\"s\" style=\"max-width: 48em; color: rgb(84, 84, 84); line-height: 18px;\"><div class=\"f kv _SWb\" style=\"color: rgb(128, 128, 128); height: 18px; line-height: 16px; white-space: nowrap;\"><cite class=\"_Rm\" style=\"color: rgb(0, 102, 33); font-style: normal; font-size: 14px;\">www.w3schools.com/jsref/prop_node_<b>last</b>child.asp</cite><div class=\"action-menu ab_ctl\" style=\"display: inline; position: relative; margin-top: 1px; margin-right: 3px; margin-left: 3px; user-select: none; vertical-align: middle;\"><a class=\"_Fmb ab_button\" href=\"https://www.google.com.vn/?gws_rd=ssl#\" id=\"am-b0\" aria-label=\"Chi tiết về kết quả tìm kiếm\" aria-expanded=\"false\" aria-haspopup=\"true\" role=\"button\" jsaction=\"m.tdd;keydown:m.hbke;keypress:m.mskpe\" data-ved=\"0ahUKEwirgtCM_aPRAhVHRo8KHaNaCBMQ7B0IGDAA\" style=\"border-radius: 0px; cursor: default; font-size: 11px; font-weight: bold; height: 12px; line-height: 27px; margin: 1px 0px 2px; min-width: 0px; text-align: center; transition: none; user-select: none; background-color: white; background-image: none; border: 0px; color: rgb(128, 128, 128); box-shadow: 0px 0px 0px 0px; filter: none; width: 13px; display: inline-block;\"><span class=\"mn-dwn-arw\" style=\"border-color: rgb(0, 102, 33) transparent; border-style: solid; border-width: 5px 4px 0px !important; width: 0px; height: 0px; margin-left: 3px; top: 7.5px; margin-top: -4px; position: absolute; left: 0px;\"></span></a><div class=\"action-menu-panel ab_dropdown\" role=\"menu\" tabindex=\"-1\" jsaction=\"keydown:m.hdke;mouseover:m.hdhne;mouseout:m.hdhue\" data-ved=\"0ahUKEwirgtCM_aPRAhVHRo8KHaNaCBMQqR8IGTAA\" style=\"background-image: initial; background-position: initial; background-size: initial; background-repeat: initial; background-attachment: initial; background-origin: initial; background-clip: initial; border: 1px solid rgba(0, 0, 0, 0.2); font-size: 13px; position: absolute; right: auto; top: 12px; z-index: 3; transition: opacity 0.218s; box-shadow: rgba(0, 0, 0, 0.2) 0px 2px 4px; left: 0px; visibility: hidden;\"><ol style=\"margin-right: 0px; margin-bottom: 0px; margin-left: 0px; border: 0px;\"><li class=\"action-menu-item ab_dropdownitem\" role=\"menuitem\" style=\"margin-right: 0px; margin-left: 0px; border: 0px; list-style: none; user-select: none; cursor: pointer;\"><a class=\"fl\" href=\"http://webcache.googleusercontent.com/search?q=cache:7UPBXRro8ecJ:www.w3schools.com/jsref/prop_node_lastchild.asp+&amp;cd=1&amp;hl=vi&amp;ct=clnk&amp;gl=vn\" style=\"color: rgb(51, 51, 51); cursor: pointer; display: block; padding: 7px 18px; outline: 0px; font-size: 14px;\"></a></li><li class=\"action-menu-item ab_dropdownitem\" role=\"menuitem\" style=\"margin-right: 0px; margin-left: 0px; border: 0px; list-style: none; user-select: none; cursor: pointer;\"><a class=\"fl\" href=\"https://www.google.com.vn/search?biw=1366&amp;bih=638&amp;q=related:www.w3schools.com/jsref/prop_node_lastchild.asp+js+add+html+to+last+element&amp;tbo=1&amp;sa=X&amp;ved=0ahUKEwirgtCM_aPRAhVHRo8KHaNaCBMQHwgbMAA\" style=\"color: rgb(51, 51, 51); cursor: pointer; display: block; padding: 7px 18px; outline: 0px; font-size: 14px;\"></a></li></ol></div></div><a class=\"fl\" href=\"https://translate.google.com.vn/translate?hl=vi&amp;sl=en&amp;u=http://www.w3schools.com/jsref/prop_node_lastchild.asp&amp;prev=search\" style=\"color: rgb(26, 13, 171); cursor: pointer; font-size: 14px;\">Dịch trang này</a></div><span class=\"st\" style=\"line-height: 1.4; word-wrap: break-word;\">The difference between this property and lastElementChild, is that lastChild returns the&nbsp;<span style=\"font-weight: bold; color: rgb(106, 106, 106);\">last</span>&nbsp;child node as an&nbsp;<span style=\"font-weight: bold; color: rgb(106, 106, 106);\">element</span>&nbsp;node, a text node or a comment node&nbsp;.</span></div></div></div></div></div></div></div>',0,1483379001,1,0,0),
(59,211,'<p>Chào 123...</p>',0,1483379725,1,0,0),
(62,214,'<p>12345 876 910</p>',0,1483476209,1,1483562996,1),
(63,212,'<p>ABc</p>',0,1483477520,1,0,0),
(64,212,'1234',0,1483477523,1,0,0),
(65,212,'m',0,1483477525,1,0,0);

/*Table structure for table `olala3w_forum_like` */

DROP TABLE IF EXISTS `olala3w_forum_like`;

CREATE TABLE `olala3w_forum_like` (
  `forum_like_id` double NOT NULL AUTO_INCREMENT,
  `forum_id` int(11) NOT NULL DEFAULT 0,
  `user_id` int(11) NOT NULL DEFAULT 0,
  `modified_time` int(11) NOT NULL DEFAULT 0,
  PRIMARY KEY (`forum_like_id`)
) ENGINE=InnoDB AUTO_INCREMENT=25 DEFAULT CHARSET=utf8;

/*Data for the table `olala3w_forum_like` */

insert  into `olala3w_forum_like`(`forum_like_id`,`forum_id`,`user_id`,`modified_time`) values 
(23,214,25,1484257726),
(24,214,1,1486370109);

/*Table structure for table `olala3w_forum_menu` */

DROP TABLE IF EXISTS `olala3w_forum_menu`;

CREATE TABLE `olala3w_forum_menu` (
  `forum_menu_id` int(11) NOT NULL AUTO_INCREMENT,
  `category_id` int(11) NOT NULL,
  `name` varchar(255) NOT NULL,
  `slug` varchar(255) NOT NULL DEFAULT 'not-found',
  `title` varchar(255) NOT NULL,
  `description` varchar(255) NOT NULL,
  `keywords` text NOT NULL,
  `parent` int(11) NOT NULL DEFAULT 0,
  `sort` int(11) NOT NULL DEFAULT 1,
  `is_active` int(1) NOT NULL DEFAULT 1,
  `hot` int(1) NOT NULL DEFAULT 0,
  `folder` varchar(255) NOT NULL,
  `img` varchar(255) NOT NULL DEFAULT 'no',
  `comment` text NOT NULL,
  `created_time` int(11) NOT NULL DEFAULT 0,
  `user_id` int(11) NOT NULL DEFAULT 0,
  `modified_time` int(11) NOT NULL DEFAULT 0,
  `modified_user` int(11) NOT NULL DEFAULT 0,
  PRIMARY KEY (`forum_menu_id`)
) ENGINE=MyISAM AUTO_INCREMENT=231 DEFAULT CHARSET=utf8;

/*Data for the table `olala3w_forum_menu` */

insert  into `olala3w_forum_menu`(`forum_menu_id`,`category_id`,`name`,`slug`,`title`,`description`,`keywords`,`parent`,`sort`,`is_active`,`hot`,`folder`,`img`,`comment`,`created_time`,`user_id`,`modified_time`,`modified_user`) values 
(217,96,'Adventures tours','adventures-tours','','','',0,1,1,0,'','no','',1480439143,1,1482070656,0),
(218,96,'Demo','demo','','','',0,2,1,0,'admin\\12-2016\\','demo-218.jpg','',1480608189,1,1481794189,1),
(219,96,'Level 1','level-1','','','',217,1,1,0,'admin\\12-2016\\','no','',1481772188,1,1481818252,0),
(221,96,'Level 2','level-2','','','',217,2,1,0,'admin\\12-2016\\','no','',1481797148,1,1481818253,0),
(222,96,'Level 1.1','level-1-1','','','',219,1,1,0,'admin\\12-2016\\','no','',1481797156,1,1481817712,0),
(223,96,'Level 1.2','level-1-2','','','',219,2,1,0,'admin\\12-2016\\','no','',1481797163,1,1481797163,0),
(224,96,'Level 1.3','level-1-3','','','',219,3,1,0,'admin\\12-2016\\','no','',1481797170,1,1481797170,0),
(225,96,'Level 3','level-3','','','',217,3,1,0,'admin\\12-2016\\','no','',1481797189,1,1481818253,0),
(226,96,'Level 3.1','level-3-1','','','',225,1,1,0,'admin\\12-2016\\','no','',1481797199,1,1481797199,0),
(227,96,'Level 3.2','level-3-2','','','',225,2,1,0,'admin\\12-2016\\','no','',1481797207,1,1481797207,0);

/*Table structure for table `olala3w_gallery` */

DROP TABLE IF EXISTS `olala3w_gallery`;

CREATE TABLE `olala3w_gallery` (
  `gallery_id` int(11) NOT NULL AUTO_INCREMENT,
  `gallery_menu_id` int(11) NOT NULL,
  `name` varchar(255) NOT NULL,
  `title` varchar(255) NOT NULL,
  `description` varchar(255) NOT NULL,
  `keywords` varchar(255) NOT NULL,
  `img` varchar(255) NOT NULL DEFAULT '-no-',
  `upload_id` bigint(20) NOT NULL DEFAULT 0,
  `comment` text NOT NULL,
  `content` text NOT NULL,
  `link` varchar(255) NOT NULL,
  `is_active` int(1) NOT NULL DEFAULT 1,
  `hot` int(1) NOT NULL DEFAULT 0,
  `views` bigint(20) NOT NULL DEFAULT 1,
  `created_time` int(11) NOT NULL DEFAULT 0,
  `modified_time` int(11) NOT NULL DEFAULT 0,
  `user_id` int(11) NOT NULL DEFAULT 0,
  PRIMARY KEY (`gallery_id`)
) ENGINE=MyISAM AUTO_INCREMENT=615 DEFAULT CHARSET=utf8;

/*Data for the table `olala3w_gallery` */

insert  into `olala3w_gallery`(`gallery_id`,`gallery_menu_id`,`name`,`title`,`description`,`keywords`,`img`,`upload_id`,`comment`,`content`,`link`,`is_active`,`hot`,`views`,`created_time`,`modified_time`,`user_id`) values 
(612,80,'Hình 2','','','','j0elyd9l0xrxtod-612-hinh-2.jpg',1593,'<h3 class=\"title-des\">Sẵn sàng học mọi kỹ năng để làm chủ tương lai</h3>\r\n\r\n<div class=\"row description-carousel\">\r\n<div class=\"col-sm-4 align-right\">\r\n<p><i aria-hidden=\"true\" class=\"fa fa-database\">&nbsp;</i>500+ Khóa học</p>\r\n</div>\r\n\r\n<div class=\"col-sm-4\">\r\n<p><i aria-hidden=\"true\" class=\"fa fa-users\">&nbsp;</i>200+ Giảng viên</p>\r\n</div>\r\n\r\n<div class=\"col-sm-4 align-left\">\r\n<p><i aria-hidden=\"true\" class=\"fa fa-graduation-cap\">&nbsp;</i>250,000 Học viên</p>\r\n</div>\r\n</div>\r\n\r\n<p><a class=\"button\" href=\"/khoa-hoc\">Khám phá e-Learning</a></p>\r\n','','',1,0,1,1481652480,1718791813,1),
(611,80,'Hình 1','','','','klr6ulhidahw8tw-611-hinh-1.jpg',1592,'<h3 class=\"title-des\">Dễ học, dễ ứng dụng ngay</h3>\r\n\r\n<div class=\"row description-carousel\">\r\n<div class=\"col-sm-6 align-right\">\r\n<p><i aria-hidden=\"true\" class=\"fa fa-check-square-o\">&nbsp;</i>Ví dụ cụ thể, minh họa sinh động</p>\r\n</div>\r\n\r\n<div class=\"col-sm-6 align-left\">\r\n<p><i aria-hidden=\"true\" class=\"fa fa-paper-plane\">&nbsp;</i>Kho bài tập đa dạng, áp dụng thực tế ngay</p>\r\n</div>\r\n</div>\r\n\r\n<p><a class=\"button\" href=\"/khoa-hoc\">Khám phá e-Learning</a></p>\r\n','','',1,0,1,1481652540,1718791692,1),
(613,80,'Hình 3','','','','xk1z9vxrursl60k-613-hinh-3.jpg',1594,'<h3 class=\"title-des\">Trải nghiệm học tập không giới hạn</h3>\r\n\r\n<div class=\"row description-carousel\">\r\n<div class=\"col-sm-6 align-right\">\r\n<p><i aria-hidden=\"true\" class=\"fa fa-laptop\">&nbsp;</i>Máy tính, internet</p>\r\n</div>\r\n\r\n<div class=\"col-sm-6 align-left\">\r\n<p><i aria-hidden=\"true\" class=\"fa fa-map-marker\">&nbsp;</i>Bất kì nơi nào</p>\r\n</div>\r\n</div>\r\n\r\n<p><a class=\"button\" href=\"/khoa-hoc\">Khám phá e-Learning</a></p>\r\n','','',1,0,1,1481652420,1718791826,1);

/*Table structure for table `olala3w_gallery_menu` */

DROP TABLE IF EXISTS `olala3w_gallery_menu`;

CREATE TABLE `olala3w_gallery_menu` (
  `gallery_menu_id` int(11) NOT NULL AUTO_INCREMENT,
  `category_id` int(11) NOT NULL,
  `name` varchar(255) NOT NULL,
  `slug` varchar(255) NOT NULL DEFAULT 'not-found',
  `title` varchar(255) NOT NULL,
  `description` varchar(255) NOT NULL,
  `keywords` text NOT NULL,
  `parent` int(11) NOT NULL,
  `sort` int(11) NOT NULL,
  `comment` text NOT NULL,
  `is_active` int(1) NOT NULL DEFAULT 1,
  `hot` int(1) NOT NULL DEFAULT 0,
  `img` varchar(255) NOT NULL DEFAULT '-no-',
  `created_time` int(11) NOT NULL DEFAULT 0,
  `modified_time` int(11) NOT NULL DEFAULT 0,
  `user_id` int(11) NOT NULL DEFAULT 0,
  PRIMARY KEY (`gallery_menu_id`)
) ENGINE=MyISAM AUTO_INCREMENT=82 DEFAULT CHARSET=utf8;

/*Data for the table `olala3w_gallery_menu` */

insert  into `olala3w_gallery_menu`(`gallery_menu_id`,`category_id`,`name`,`slug`,`title`,`description`,`keywords`,`parent`,`sort`,`comment`,`is_active`,`hot`,`img`,`created_time`,`modified_time`,`user_id`) values 
(80,91,'Slider intro','slider-intro','','','',0,1,'',1,0,'-no-',1481652457,1481652457,1);

/*Table structure for table `olala3w_gift` */

DROP TABLE IF EXISTS `olala3w_gift`;

CREATE TABLE `olala3w_gift` (
  `gift_id` int(11) NOT NULL AUTO_INCREMENT,
  `gift_menu_id` int(11) NOT NULL,
  `name` varchar(255) NOT NULL,
  `title` varchar(255) NOT NULL,
  `description` varchar(255) NOT NULL,
  `keywords` text NOT NULL,
  `img` varchar(255) NOT NULL DEFAULT 'no',
  `img_note` varchar(255) NOT NULL,
  `price` bigint(15) NOT NULL DEFAULT 0,
  `made` varchar(255) NOT NULL,
  `material` varchar(255) NOT NULL,
  `comment` text NOT NULL,
  `content` longtext NOT NULL,
  `is_active` int(1) NOT NULL DEFAULT 1,
  `hot` int(1) NOT NULL DEFAULT 0,
  `views` bigint(20) NOT NULL DEFAULT 1,
  `created_time` int(11) NOT NULL DEFAULT 0,
  `modified_time` int(11) NOT NULL DEFAULT 0,
  `user_id` int(11) NOT NULL DEFAULT 0,
  PRIMARY KEY (`gift_id`)
) ENGINE=MyISAM AUTO_INCREMENT=132 DEFAULT CHARSET=utf8;

/*Data for the table `olala3w_gift` */

/*Table structure for table `olala3w_gift_menu` */

DROP TABLE IF EXISTS `olala3w_gift_menu`;

CREATE TABLE `olala3w_gift_menu` (
  `gift_menu_id` int(11) NOT NULL AUTO_INCREMENT,
  `category_id` int(11) NOT NULL,
  `name` varchar(255) NOT NULL,
  `slug` varchar(255) NOT NULL DEFAULT 'not-found',
  `title` varchar(255) NOT NULL,
  `description` varchar(255) NOT NULL,
  `keywords` text NOT NULL,
  `parent` int(11) NOT NULL DEFAULT 0,
  `sort` int(11) NOT NULL DEFAULT 1,
  `is_active` int(1) NOT NULL DEFAULT 1,
  `hot` int(1) NOT NULL DEFAULT 0,
  `img` varchar(255) NOT NULL DEFAULT 'no',
  `created_time` int(11) NOT NULL DEFAULT 0,
  `modified_time` int(11) NOT NULL DEFAULT 0,
  `user_id` int(11) NOT NULL DEFAULT 0,
  PRIMARY KEY (`gift_menu_id`)
) ENGINE=MyISAM AUTO_INCREMENT=144 DEFAULT CHARSET=utf8;

/*Data for the table `olala3w_gift_menu` */

/*Table structure for table `olala3w_library` */

DROP TABLE IF EXISTS `olala3w_library`;

CREATE TABLE `olala3w_library` (
  `library_id` bigint(20) NOT NULL AUTO_INCREMENT,
  `product_menu_id` int(11) NOT NULL DEFAULT 0,
  `product_id` int(11) NOT NULL DEFAULT 0,
  `content` text NOT NULL,
  `type` int(1) NOT NULL DEFAULT 0,
  `is_active` int(1) NOT NULL DEFAULT 1,
  `created_time` int(11) NOT NULL DEFAULT 0,
  `user_id` int(11) NOT NULL DEFAULT 0,
  `modified_time` int(11) NOT NULL DEFAULT 0,
  `modified_user` int(11) NOT NULL DEFAULT 0,
  PRIMARY KEY (`library_id`)
) ENGINE=InnoDB AUTO_INCREMENT=655 DEFAULT CHARSET=utf8;

/*Data for the table `olala3w_library` */

insert  into `olala3w_library`(`library_id`,`product_menu_id`,`product_id`,`content`,`type`,`is_active`,`created_time`,`user_id`,`modified_time`,`modified_user`) values 
(495,272,26,'Hội nghị hợp nhất các tổ chức cộng sản để thành lập Đảng Cộng sản Việt Nam diễn ra ở đâu?',0,1,1722236737,1,1722236737,0),
(496,272,26,'Chủ nghĩa Mác - Lênin là một hệ thống lý luận thống nhất được hình thành từ những bộ phận nào?',0,1,1722236737,1,1722236737,0),
(497,272,26,'Bản chất khoa học và cách mạng của chủ nghĩa Mác-Lênin thể hiện trên bao nhiêu nội dung chủ yếu ?',0,1,1722236738,1,1722236738,0),
(498,272,26,'Trong những nội dung sau, nội dung nào thể hiện bản chất cách mạng và khoa học của chủ nghĩa Mác-Lênin?',0,1,1722236738,1,1722236738,0),
(499,272,26,'Nguồn gốc hình thành tư tưởng Hồ Chí Minh gồm những yếu tố nào sau đây?',0,1,1722236738,1,1722236738,0),
(500,272,26,'Những nhân tố chủ quan nào thuộc về phẩm chất cá nhân của Chủ tịch Hồ Chí Minh?',0,1,1722236738,1,1722236738,0),
(501,272,26,'Văn kiện Đại hội Đảng toàn quốc lần thứ IX của Đảng (tháng 4/2001) xác định Tư tưởng Hồ Chí Minh gồm bao nhiêu nội dung cơ bản?',0,1,1722236738,1,1722236738,0),
(502,272,26,'Để nâng cao bản lĩnh chính trị cho toàn Đảng, toàn dân và hệ thống chính trị trong kiên định, vận dụng và phát triển sáng tạo nền tảng tư tưởng của Đảng cần phải làm gì?',0,1,1722236738,1,1722236738,0),
(503,272,26,'Luận điểm “Vũ khí của sự phê phán cố nhiên không thể thay thế được sự phê phán của vũ khí, lực lượng vật chất chỉ có thể bị đánh đổ bằng lực lượng vật chất; nhưng lý luận cũng sẽ trở thành lực lượng vật chất, một khi nó thâm nhập vào quần chúng” trích trong tác phẩm của ai?',0,1,1722236738,1,1722236738,0),
(504,272,26,'&quot;Tư tưởng Hồ Chí Minh là một hệ thống quan điểm toàn diện và sâu sắc về những vấn đề cơ bản của cách mạng Việt Nam, kết quả của sự vận dụng và phát triển sáng tạo chủ nghĩa Mác - Lênin vào điều kiện cụ thể của nước ta, kế thừa và phát triển các giá trị truyền thống tốt đẹp của dân tộc, tiếp thu tinh hoa văn hoá nhân loại; là tài sản tinh thần vô cùng to lớn và quý giá của Đảng và dân tộc ta, mãi mãi soi đường cho sự nghiệp cách mạng của nhân dân ta giành thắng lợi&quot; được khẳng định tại Đại hội nào của Đảng ta?',0,1,1722236738,1,1722236738,0),
(505,272,26,'&quot;Tư tưởng Hồ Chí Minh là một hệ thống quan điểm toàn diện và sâu sắc về những vấn đề cơ bản của cách mạng Việt Nam, kết quả của sự vận dụng và phát triển sáng tạo chủ nghĩa Mác - Lênin vào điều kiện cụ thể của nước ta, kế thừa và phát triển các giá trị truyền thống tốt đẹp của dân tộc, tiếp thu tinh hoa văn hoá nhân loại; là tài sản tinh thần vô cùng to lớn và quý giá của Đảng và dân tộc ta, mãi mãi soi đường cho sự nghiệp cách mạng của nhân dân ta giành thắng lợi&quot; được khẳng định tại cương lĩnh nào của Đảng?',0,1,1722236738,1,1722236738,0),
(506,272,26,'Nhận định: Chủ nghĩa Mác - Lênin là một học thuyết mở, không ngừng tự đổi mới, tự phát triển trong dòng trí tuệ của nhân loại”?',0,1,1722236738,1,1722236738,0),
(507,272,26,'Câu: “Tư tưởng về giải phóng dân tộc, giải phóng giai cấp, giải phóng con người” là một trong những nội dung cơ bản của tư tưởng Hồ Chí Minh”?',0,1,1722236738,1,1722236738,0),
(508,272,26,'Câu: “Chủ nghĩa Mác - Lênin là một hệ thống lý luận khoa học, thể hiện trong toàn bộ các nguyên lý cấu thành học thuyết, trước hết là các nguyên lý cơ bản” là một trong những nội dung chủ yếu thể hiện bản chất cách mạng và khoa học của chủ nghĩa Mác - Lênin?',0,1,1722236738,1,1722236738,0),
(509,272,26,'Câu: “Chủ nghĩa yêu nước là cơ sở ban đầu và là động lực thúc đẩy Chủ tịch Hồ Chí Minh đến với chủ nghĩa Mác - Lênin, làm cho chủ nghĩa yêu nước Việt Nam có nội dung mới, tầm cao mới, độc lập dân tộc gắn liền với chủ nghĩa xã hội”?',0,1,1722236738,1,1722236738,0),
(510,272,30,'Nhân dân trao quyền cho Nhà nước bằng cơ chế dân chủ và giám sát việc thực thi quyền lực nhà nước theo nguyên tắc nào?',0,1,1722261871,1,1722261871,0),
(511,272,30,'Nhà nước pháp quyền xã hội chủ nghĩa Việt Nam do lực lượng nào lãnh đạo?',0,1,1722261871,1,1722261871,0),
(512,272,30,'<p>Lựa chọn đáp án đúng nhất điền vào dấu (…) Đại hội XIII của Đảng yêu cầu “xác định rõ hơn vai trò, vị trí, chức năng, nhiệm vụ và quyền hạn của các cơ quan nhà nước trong việc thực hiện các quyền … trên cơ sở các nguyên tắc pháp quyền”&nbsp;và “kiểm soát quyền lực bằng hệ thống pháp luật”&nbsp;nhằm thực hiện mục tiêu “nhốt quyền lực vào trong lồng thể chế và chính sách”.</p>\r\n',0,1,1722261871,1,1723571035,1),
(513,272,30,'Hệ thống pháp luật Việt Nam cần tiếp tục được hoàn thiện theo hướng nào?',0,1,1722261871,1,1722261871,0),
(514,272,30,'Đại hội XIII của Đảng yêu cầu “kiểm soát quyền lực bằng hệ thống pháp luật” nhằm thực hiện mục tiêu?',0,1,1722261871,1,1722261871,0),
(515,272,30,'Nhà nước pháp quyền xã hội chủ nghĩa Việt Nam quy định chức danh nào thống lĩnh lực lượng vũ trang nhân dân, Chủ tịch Hội đồng Quốc phòng và an ninh?',0,1,1722261871,1,1722261871,0),
(516,272,30,'Để tiếp tục xây dựng và hoàn thiện Nhà nước pháp quyền xã hội chủ nghĩa Việt Nam, Đảng ta xác định đâu là “công việc gốc”?',0,1,1722261871,1,1722261871,0),
(517,272,30,'<p>Lựa chọn đáp án đúng điền vào dấu (…) … là cơ quan hành chính nhà nước cao nhất, cơ quan chấp hành của Quốc hội, thực hiện quyền hành pháp; xây dựng nền hành chính nhà nước phục vụ nhân dân, dân chủ, pháp quyền, chuyên nghiệp, hiện đại, trong sạch, vững mạnh, công khai, minh bạch.</p>\r\n',0,1,1722261872,1,1723570970,1),
(518,272,30,'Đổi mới, nâng cao năng lực lãnh đạo, cầm quyền của Đảng Cộng sản Việt Nam đối với quá trình xây dựng, hoàn thiện Nhà nước pháp quyền xã hội chủ nghĩa Việt Nam, cần tuân thủ cơ chế nào?',0,1,1722261872,1,1722261872,0),
(519,272,30,'<p>Lựa chọn đáp án đúng nhất điền vào dấu (…) Nhà nước quản lý, điều hành nền kinh tế bằng…?</p>\r\n',0,1,1722261872,1,1723570991,1),
(520,272,30,'<p>Lựa chọn đáp án đúng điền vào dấu (…) Nhà nước được tổ chức và hoạt động theo…, quản lý xã hội bằng Hiến pháp và pháp luật; bảo đảm, bảo vệ tốt quyền con người, quyền công dân.</p>\r\n',0,1,1722261872,1,1723571013,1),
(521,272,34,'Đồng chí hãy cho biết, Hội Việt Nam Cách mạng thanh niên do ai sáng lập?',0,1,1722357440,1,1722357440,0),
(522,272,34,'Tháng 10/1926, Chi bộ Thanh niên Quảng Trị được thành lập, ai được phân công làm Bí thư?',0,1,1722357440,1,1722357440,0),
(523,272,34,'Tổ chức tiền thân của Đảng ở tỉnh Quảng Trị là tổ chức nào?',0,1,1722357440,1,1722357440,0),
(524,272,34,'Trong các năm (1927 - 1928), ở Triệu Phong một tổ chức quần chúng yêu nước do Trần Hữu Dực lập ra, với thành phần gồm thanh niên, học sinh, nông dân. Đồng chí cho biết đó là tổ chức nào?',0,1,1722357440,1,1722357440,0),
(525,272,34,'Từ cuối năm 1928, ở Quảng Trị, những phần tử uy tín dần thoát ly Tân Việt để gia nhập tổ chức yêu nước nào?',0,1,1722357440,1,1722357440,0),
(526,272,34,'Tháng 11/1929, vào dịp kỷ niệm cách mạng tháng Mười Nga, chi bộ cộng sản được thành lập gồm 4 đồng chí: Đoàn Bá Thừa, Nguyễn Kháng, Nguyễn Bệc, Nguyễn Thị Trúc. Đồng chí hãy cho biết đó là chi bộ nào?',0,1,1722357440,1,1722357440,0),
(527,272,34,'Ba chi bộ Đảng ra đời sớm ở tỉnh Quảng Trị là những chi bộ nào?',0,1,1722357440,1,1722357440,0),
(528,272,34,'Ngày 21/4/1930, Ban Chấp hành lâm thời Đảng bộ Đảng Cộng sản Việt Nam tỉnh Quảng Trị được thành lập gồm 3 ủy viên: Lê Thế Tiết, Nguyễn Hữu Mão, Trần Hữu Dực. Đồng chí nào được cử làm Bí thư Tỉnh ủy lâm thời?',0,1,1722357440,1,1722357440,0),
(529,272,34,'Tháng 11/1930,  Ban Chấp hành Đảng bộ tỉnh Quảng Trị chính thức được thành lập tại Tân Tường, huyện Cam Lộ gồm 5 đồng chí: Trần Hữu Dực, Đoàn Bá Thừa (tức Đoàn Minh Thí), Trần Ngọc Hoành, Lê Hoạch, Trương Sĩ Đản. Đồng chí nào được cử làm Bí thư Tỉnh ủy chính thức?',0,1,1722357440,1,1722357440,0),
(530,272,34,'Trước sự phát triển mạnh của phong trào đấu tranh ở Quảng Trị, từ tháng 5 đến tháng 7/1931, thực dân Pháp và tay sai tăng cường đàn áp, khủng bố. Đồng chí hãy cho biết theo lịch sử Đảng bộ tỉnh Quảng Trị (Tập 1 1930 - 1954, chỉnh lý, tái bản năm 2022) toàn tỉnh Quảng Trị có khoảng bao nhiêu người bị bắt?',0,1,1722357441,1,1722357441,0),
(531,272,34,'Giai đoạn 1936 - 1939, thực hiện chủ trương của Đảng, Đảng bộ tỉnh Quảng Trị lãnh đạo quần chúng nhân dân đấu tranh nhằm mục tiêu trước mắt là gì?',0,1,1722357441,1,1722357441,0),
(532,272,34,'Năm 1936, trong bối cảnh tình hình quốc tế, trong nước chuyển biến thuận lợi, Xứ uỷ Trung Kỳ đã cử đồng chí nào trực tiếp chỉ đạo phong trào cách mạng Quảng Trị?',0,1,1722357441,1,1722357441,0),
(533,272,34,'Thực hiện chủ trương của Đảng, giai đoạn 1936 - 1939, ở Quảng Trị, phong trào đấu tranh đòi dân sinh, dân chủ, cơm áo, hòa bình phát triển sôi nổi. Trong đó tiêu biểu có Phong trào Đông Dương Đại hội. Đồng chí hãy cho biết phong trào này phát triển phát triển rầm rộ nhất là ở địa phương nào?',0,1,1722357441,1,1722357441,0),
(534,272,34,'Tháng 9/1939, chiến tranh thế giới lần thứ hai bùng nổ. Trước sự thay đổi của tình hình, Đảng bộ tỉnh Quảng Trị đã chuyển hướng hoạt động sang hình thức nào?',0,1,1722357441,1,1722357441,0),
(535,272,34,'Tháng 11/1939, Ban Chấp hành Trung ương Đảng triệu tập hội nghị tại Bà Điểm (Hóc Môn, Gia Định). Nghị quyết Hội nghị nêu rõ mục tiêu của cách mạng Việt Nam là:',0,1,1722357441,1,1722357441,0),
(536,272,34,'<p>Lựa chọn đáp án đúng điền vào dấu (…)Đến cuối năm 1940, phong trào cách mạng ở Quảng Trị có bước phát triển, toàn tỉnh có...</p>\r\n',0,1,1722357441,1,1723570906,1),
(537,272,34,'<p>Lựa chọn đáp án đúng điền vào dấu (…) Nghị quyết của Hội nghị Trung ương 8 (tháng 5/1941) nêu rõ: “Trong lúc này nếu không giải quyết được vấn đề…, không đòi được độc lập, tự do cho toàn thể dân tộc, thì chẳng những toàn thể quốc gia dân tộc còn chịu mãi kiếp ngựa trâu, mà quyền lợi của bộ phận, giai cấp đến vạn năm cũng không đòi lại được”.</p>\r\n',0,1,1722357441,1,1723570943,1),
(538,272,34,'Ngày 18/8/1945, Hội nghị toàn tỉnh được triệu tập nhằm thống nhất lực lượng cách mạng trong tỉnh và bàn việc khởi nghĩa. Đồng chí hãy cho biết, địa điểm tổ chức hội nghị ở đâu?',0,1,1722357441,1,1722357441,0),
(539,272,34,'Tỉnh Quảng Trị tổng khởi nghĩa giành chính quyền trong cách mạng tháng Tám năm 1945 thắng lợi vào ngày nào?',0,1,1722357441,1,1722357441,0),
(540,272,34,'5 giờ sáng ngày 23/8/1945, đồng chí nào thay mặt Ủy ban khởi nghĩa tỉnh, treo cờ đỏ sao vàng của Tổ quốc Việt Nam lên trên Dinh tỉnh trưởng ở thị xã tỉnh lỵ Quảng Trị?',0,1,1722357441,1,1722357441,0),
(541,272,33,'Hành vi tham ô theo quan điểm Hồ Chí Minh là?',0,1,1722357457,1,1722357457,0),
(542,272,33,'Theo Chủ tịch Hồ Chí Minh, hành vi nào sau đây được xem là tham ô?',0,1,1722357457,1,1722357457,0),
(543,272,33,'Theo tư tưởng Hồ Chí Minh, như thế nào gọi là Liêm?',0,1,1722357457,1,1722357457,0),
(544,272,33,'Theo tư tưởng Hồ Chí Minh, như thế nào là Bất liêm?',0,1,1722357457,1,1722357457,0),
(545,272,33,'Theo tư tưởng Hồ Chí Minh nguồn gốc của tham nhũng, tiêu cực?',0,1,1722357457,1,1722357457,0),
(546,272,33,'Hậu họa của tham nhũng, tiêu cực?',0,1,1722357457,1,1722357457,0),
(547,272,33,'Giải pháp phòng, chống tham nhũng, tiêu cực theo tư tưởng Hồ Chí Minh?',0,1,1722357457,1,1722357457,0),
(548,272,33,'Xây dựng đội ngũ cán bộ và công tác cán bộ theo tư tưởng Hồ Chí Minh?',0,1,1722357457,1,1722357457,0),
(549,272,33,'Cách tổ chức phòng, chống tham nhũng, tiêu cực theo tư tưởng Hồ Chí Minh?',0,1,1722357457,1,1722357457,0),
(550,272,33,'Vì sao phải đẩy mạnh phòng, chống tham nhũng, tiêu cực trong giai đoạn hiện nay?',0,1,1722357457,1,1722357457,0),
(551,272,33,'<p>Văn kiện Đại hội Đảng toàn quốc lần thứ XIII đã khẳng định: “Một bộ phận cán bộ, đảng viên chưa ...; tình trạng suy thoái về tư tưởng, chính trị, đạo đức, lối sống, “tự diễn biến”, “tự chuyển hóa” trong nội bộ vẫn còn diễn biến phức tạp”. Đồng chí hãy chọn đáp án phù hợp điền vào chỗ trống (...)</p>\r\n',0,1,1722357457,1,1723384806,1),
(552,272,33,'Ban Thường vụ Tỉnh ủy Quảng Trị đã ban hành văn bản nào để tăng cường sự lãnh đạo của các cấp ủy đảng đối với công tác phòng, chống tham nhũng?',0,1,1722357457,1,1722357457,0),
(553,272,33,'Nhiệm vụ, giải pháp về chính trị tư tưởng trong phòng, chống tham nhũng, tiêu cực?',0,1,1722357457,1,1722357457,0),
(554,272,33,'Nhiệm vụ, giải pháp về cơ chế chính sách trong phòng, chống tham nhũng, tiêu cực?',0,1,1722357457,1,1722357457,0),
(555,272,33,'Nhiệm vụ, giải pháp nêu cao tinh thần trách nhiệm, vai trò tiên phong, gương mẫu của cán bộ, đảng viên trong phòng, chống tham nhũng, tiêu cực?',0,1,1722357457,1,1722357457,0),
(556,272,33,'Nhiệm vụ, giải pháp nâng cao năng lực lãnh đạo, sức chiến đấu của tổ chức Đảng?',0,1,1722357457,1,1722357457,0),
(557,272,33,'Nhiệm vụ, giải pháp kiểm tra, giám sát, thi hành kỷ luật trong phòng, chống tham nhũng, tiêu cực?',0,1,1722357457,1,1722357457,0),
(558,272,33,'<p>Tác phẩm của Tổng Bí thư Nguyễn Phú Trọng “Kiên quyết, kiên trì đấu tranh phòng, chống tham nhũng, tiêu cực, ... Đảng và nhà nước ta ngày càng trong sạch, vững mạnh”. Đồng chí hãy chọn đáp án phù hợp điền vào chỗ trống (...)</p>\r\n',0,1,1722357457,1,1723386336,1),
(559,272,32,'Quan điểm phát triển kinh tế - xã hội trong Quy hoạch phát triển kinh tế - xã hội tỉnh Quảng Trị giai đoạn 2021-2030, tầm nhìn đến 2050?',0,1,1722357473,1,1722357473,0),
(560,272,32,'Mục tiêu tổng quát về phát triển kinh tế - xã hội đến năm 2030 trong Quy hoạch phát triển kinh tế - xã hội tỉnh Quảng Trị giai đoạn 2021-2030, tầm nhìn đến 2050 gồm?',0,1,1722357473,1,1722357473,0),
(561,272,32,'Quy hoạch phát triển kinh tế - xã hội tỉnh Quảng Trị giai đoạn 2021-2030, tầm nhìn đến 2050 đặt ra mục tiêu cụ thể về tốc độ tăng trưởng GRDP giai đoạn 2021-2030 đạt bao nhiêu %/năm?',0,1,1722357473,1,1722357473,0),
(562,272,32,'Quy hoạch phát triển kinh tế - xã hội tỉnh Quảng Trị giai đoạn 2021-2030, tầm nhìn đến 2050 đặt ra mục tiêu đến năm 2025 cơ cấu kinh tế (tính theo GRDP) Nông nghiệp - Phi nông nghiệp - Thuế sản phẩm trừ trợ cấp sản phẩm đạt tỉ lệ?',0,1,1722357473,1,1722357473,0),
(563,272,32,'Quy hoạch phát triển kinh tế - xã hội tỉnh Quảng Trị giai đoạn 2021-2030, tầm nhìn đến 2050 đặt ra mục tiêu tổng thu ngân sách nhà nước trên bàn tỉnh giai đoạn giai đoạn 2026 - 2030 đạt bao nhiêu tỷ đồng?',0,1,1722357474,1,1722357474,0),
(564,272,32,'Quy hoạch phát triển kinh tế - xã hội tỉnh Quảng Trị giai đoạn 2021-2030, tầm nhìn đến 2050 đặt ra mục tiêu xã hội đến giai đoạn 2026-2030 tỷ lệ lao động đã qua đào tạo đạt bao nhiêu %?',0,1,1722357474,1,1722357474,0),
(565,272,32,'Quy hoạch phát triển kinh tế - xã hội tỉnh Quảng Trị giai đoạn 2021-2030, tầm nhìn đến 2050 đặt ra mục tiêu tỷ lệ tham gia bảo hiểm y tế giai đoạn 2021-2030 duy trì và đạt bao nhiêu % dân số.',0,1,1722357474,1,1722357474,0),
(566,272,32,'Quy hoạch phát triển kinh tế - xã hội tỉnh Quảng Trị giai đoạn 2021-2030, tầm nhìn đến 2050 đặt ra mục tiêu xây dựng Khu Kinh tế thương mại đặc biệt Lao Bảo trở thành Khu Kinh tế thương mại xuyên biên giới chung Lao Bảo –Densavan trong giai đoạn nào?',0,1,1722357474,1,1722357474,0),
(567,272,32,'Quy hoạch phát triển kinh tế - xã hội tỉnh Quảng Trị giai đoạn 2021-2030, tầm nhìn đến 2050 xác định khu vực phát triển nông nghiệp công nghệ cao (CNC)?',0,1,1722357474,1,1722357474,0),
(568,272,32,'Quy hoạch phát triển kinh tế - xã hội tỉnh Quảng Trị giai đoạn 2021-2030, tầm nhìn đến 2050 xác định định hướng phát triển ngành công nghiệp đến năm 2030?',0,1,1722357474,1,1722357474,0),
(569,272,32,'Quy hoạch phát triển kinh tế - xã hội tỉnh Quảng Trị giai đoạn 2021-2030, tầm nhìn đến 2050 xác định mục tiêu đưa du lịch trở thành một trong những “trụ cột” quan trọng trong cơ cấu kinh tế của tỉnh vào năm bao nhiêu?',0,1,1722357474,1,1722357474,0),
(570,272,32,'Quy hoạch phát triển kinh tế - xã hội tỉnh Quảng Trị giai đoạn 2021-2030, tầm nhìn đến 2050 xác định định hướng đến năm 2030, tỷ lệ xã đạt tiêu chí quốc gia về y tế đạt bao nhiêu%?',0,1,1722357474,1,1722357474,0),
(571,272,32,'Quy hoạch phát triển kinh tế - xã hội tỉnh Quảng Trị giai đoạn 2021-2030, tầm nhìn đến 2050 đề ra phương hướng đến năm 2030, tỉ lệ xã, phường, thị trấn đạt chuẩn phổ cập giáo dục mầm non cho trẻ em 5 tuổi đạt bao nhiêu %?',0,1,1722357474,1,1722357474,0),
(572,272,32,'Quy hoạch phát triển kinh tế - xã hội tỉnh Quảng Trị giai đoạn 2021-2030, tầm nhìn đến 2050 xác định phương hướng phát triển ngành y tế đến năm 2030?',0,1,1722357474,1,1722357474,0),
(573,272,32,'Quy hoạch phát triển kinh tế - xã hội tỉnh Quảng Trị giai đoạn 2021-2030, tầm nhìn đến 2050 xác định phương hướng phát triển ngành hạ tầng số, thông tin và truyền thông đến năm 2030?',0,1,1722357474,1,1722357474,0),
(574,272,32,'Quy hoạch phát triển kinh tế - xã hội tỉnh Quảng Trị giai đoạn 2021-2030, tầm nhìn đến 2050 xác định phương hướng phát triển đến năm 2030, giá trị sản xuất ngành chăn nuôi chiếm tỷ trọng?',0,1,1722357474,1,1722357474,0),
(575,272,32,'Quy hoạch phát triển kinh tế - xã hội tỉnh Quảng Trị giai đoạn 2021-2030, tầm nhìn đến 2050 xác định phương hướng cấp điện đến năm 2030, dự kiến tổng công suất nguồn năng lượng tái tạo toàn tỉnh Quảng Trị vào khoảng bao nhiêu MW?',0,1,1722357474,1,1722357474,0),
(576,272,32,'Quy hoạch phát triển kinh tế - xã hội tỉnh Quảng Trị giai đoạn 2021-2030, tầm nhìn đến 2050 xác định phương hướng phát triển nguồn nhân lực?',0,1,1722357474,1,1722357474,0),
(577,272,32,'Quy hoạch phát triển kinh tế - xã hội tỉnh Quảng Trị giai đoạn 2021-2030, tầm nhìn đến 2050 xác định phương hướng trong phát triển lĩnh vực văn hóa, thể thao?',0,1,1722357474,1,1722357474,0),
(578,272,32,'Quy hoạch phát triển kinh tế - xã hội tỉnh Quảng Trị giai đoạn 2021-2030, tầm nhìn đến 2050 xác định phương hướng phát triển ngành báo chí, phát thanh truyền hình?',0,1,1722357474,1,1722357474,0),
(579,272,31,'Đại hội lần thứ VII của Đảng đã xác định nền tảng tư tưởng của Đảng ta là?',0,1,1722357517,1,1722357517,0),
(580,272,31,'Bảo vệ nền tảng tư tưởng của Đảng là?',0,1,1722357517,1,1722357517,0),
(581,272,31,'Âm mưu chống phá cơ bản và lâu dài của các thế lực thù địch?',0,1,1722357517,1,1722357517,0),
(582,272,31,'Những vấn đề mà các thế lực thù địch tập trung xuyên tạc, chống phá?',0,1,1722357517,1,1722357517,0),
(583,272,31,'Nội dung các thế lực thù địch, phản động sử dụng để công kích, chống phá, xuyên tạc quan điểm, đường lối của Đảng, chủ trương, chính sách của Nhà nước.',0,1,1722357517,1,1722357517,0),
(584,272,31,'Phương thức, thủ đoạn chống phá của các thế lực thù địch, phản động?',0,1,1722357518,1,1722357518,0),
(585,272,31,'Nghị quyết số 35 - NQ/ TW, ngày 22/10/2018 của Bộ Chính trị có tiêu đề là?',0,1,1722357518,1,1722357518,0),
(586,272,31,'Nghị quyết số 35-NQ/TW, ngày 22/10/2018 của Bộ Chính trị khóa XII khẳng định Bảo vệ nền tảng tư tưởng của Đảng là?',0,1,1722357518,1,1722357518,0),
(587,272,31,'Nghị quyết số 35 - NQ/ TW, ngày 22/10/2018 của Bộ Chính trị đề ra bao nhiêu quan điểm chỉ đạo?',0,1,1722357518,1,1722357518,0),
(588,272,31,'Ban Thường vụ Tỉnh ủy Quảng Trị đã ban hành văn bản nào để triển khai Nghị quyết số 35 - NQ/ TW, ngày 22/10/2018 của Bộ Chính trị trên địa bàn tỉnh?',0,1,1722357518,1,1722357518,0),
(589,272,31,'Cuộc thi chính luận về bảo vệ nền tảng tư tưởng của Đảng do Học viện Chính trị quốc gia Hồ Chí Minh phối hợp Ban Tuyên giáo Trung ương, Hội đồng lý luận Trung ương, Tạp chí Cộng sản, Báo Nhân dân, Đài Truyền hình Việt Nam và Hội Nhà báo Việt Nam phát động tổ chức đến thời điểm này (năm 2024) là lần thứ bao nhiêu?',0,1,1722357518,1,1722357518,0),
(590,272,31,'Văn kiện Đại hội Đảng toàn quốc lần thứ XIII khẳng định: “Nâng cao hiệu quả công tác tư tưởng, tạo sự thống nhất trong Đảng, đồng thuận trong xã hội; coi trong hơn nữa công tác đấu tranh bảo vệ nền tảng tư tưởng của Đảng, phản bác các quan điểm sai trái, thù địch. ………………….đấu tranh ngăn chặn, đẩy lùi sự suy thoái về tư tưởng chính trị, đạo đức, lối sống, những biểu hiện “tự diễn biến”, “ tự chuyển hóa” trong nội bộ”. Đồng chí hãy chọn đáp án phù hợp điền vào chỗ trống (….)',0,1,1722357518,1,1722357518,0),
(591,272,31,'Văn kiện Đại hội Đảng bộ tỉnh Quảng Trị thứ XVII khẳng định: “Tăng cường bảo vệ nền tảng tư tưởng của Đảng; thực hiện hiệu quả việc đấu tranh phản bác các quan điểm sai trái, thông tin xấu, độc của các thế lực thù địch, phản động trên ........................, nhất là trên internet, mạng xã hội; xử lý nghiêm các vi phạm.” Đồng chí hãy chọn đáp án phù hợp điền vào chỗ trống (….)',0,1,1722357518,1,1722357518,0),
(592,272,31,'Ban Chỉ đạo bảo vệ nền tảng tư tưởng của Đảng, đấu tranh phản bác các quan điểm sai trái, thù địch (gọi tắt là BCĐ 35) được thành lập ở cấp nào?',0,1,1722357518,1,1722357518,0),
(593,272,31,'Việc cán bộ, đảng viên thiết lập và sử dụng trang thông tin điện tử cá nhân trên internet, mạng xã hội thực hiện theo quy định nào sau đây?',0,1,1722357518,1,1722357518,0),
(594,272,29,'Các chuyên đề học tập và làm theo tư tưởng, đạo đức, phong cách Hồ Chí Minh tỉnh Quảng Trị đã thực hiện trong nhiệm kỳ 2020-2025?',0,1,1722357649,1,1722357649,0),
(595,272,29,'Nhiệm kỳ 2020-2025, tỉnh Quảng Trị đã chỉ đạo hoàn thành xây dựng, phê duyệt Đề án xây dựng Trường Chính trị Lê Duẫn đạt chuẩn mức 1 năm nào?',0,1,1722357649,1,1722357649,0),
(596,272,29,'Tỉnh Quảng Trị đã hoàn thành việc chỉnh lý, tái bản, xuất bản bao nhiêu tập lịch sử Đảng bộ tỉnh ?',0,1,1722357650,1,1722357650,0),
(597,272,29,'Nữa đầu nhiệm kỳ 2020-2025, tỉnh Quảng Trị đã nâng tỷ lệ thôn bản của tỉnh có chi bộ đạt bao nhiêu % ?',0,1,1722357650,1,1722357650,0),
(598,272,29,'Hai năm đầu nhiệm kỳ 2020 - 2025 (năm 2021, 2022), tỉnh Quảng Trị đã kết nạp được bình quân bao nhiêu đảng viên/năm ?',0,1,1722357650,1,1722357650,0),
(599,272,29,'Ban Chỉ đạo phòng, chống tham nhũng, tiêu cực tỉnh Quảng Trị được thành lập từ tháng năm nào?',0,1,1722357650,1,1722357650,0),
(600,272,29,'Phong trào nổi bật trong công tác dân vận nữa đầu nhiệm kỳ 2020-2025 ?',0,1,1722357650,1,1722357650,0),
(601,272,29,'Trong kỳ bầu cử đại biểu HĐND các cấp nhiệm kỳ 2021 – 2026, tỉnh Quảng Trị đã bầu được số lượng bao nhiêu đại biểu HĐND cấp tỉnh?',0,1,1722357650,1,1722357650,0),
(602,272,29,'Quy hoạch tỉnh Quảng Trị được phê duyệt theo Quyết định số 1737/QĐ-TTg, ngày 29/12/2023 của Thủ tướng Chính phủ có tầm nhìn đến năm bao nhiêu ?',0,1,1722357650,1,1722357650,0),
(603,272,29,'Chỉ số PCI là chỉ số phản ánh về nội dung gì?',0,1,1722357650,1,1722357650,0),
(604,272,29,'Nữa cuối nhiệm kỳ 2020-2025, tỉnh Quảng Trị đặt ra mục tiêu phát triển đảng viên mới đạt bao nhiêu % trên tổng số đảng viên ?',0,1,1722357650,1,1722357650,0),
(605,272,29,'Trong kỳ bầu cử đại biểu HĐND các cấp nhiệm kỳ 2021 – 2026, tỉnh Quảng Trị đã bầu được bao nhiêu đại biểu HĐND cấp huyện?',0,1,1722357650,1,1722357650,0),
(606,272,29,'Nhiệm vụ giám sát của Ủy ban Kiểm tra các cấp gồm có?',0,1,1722357650,1,1722357650,0),
(607,272,29,'Thực hiện Nghị quyết số 18-NQ/TW, Nghị quyết số 19-NQ/TW của Trung ương về tinh giản biên chế, sắp xếp lại tổ chức bộ máy, đến hết năm 2023, tỉnh Quảng Trị có bao nhiêu đơn vị hành chính cấp xã?',0,1,1722357650,1,1722357650,0),
(608,272,29,'Tỉnh Quảng Trị đã thành lập Ban Chỉ đạo phòng chống tham nhũng, tiêu cực ở cấp nào?',0,1,1722357650,1,1722357650,0),
(609,272,29,'Chỉ tiêu về kinh tế - xã hội  - môi trường nào trong Nghị quyết Đại hội Đảng bộ tỉnh lần thứ XVII nhiệm kỳ 2020-2025 dự báo sẽ khó đạt?',0,1,1722357650,1,1722357650,0),
(610,272,29,'Các dự án nào sau đây được Ban Thường vụ Tỉnh ủy khóa XVII xác định là dự án động lực cần tập trung lãnh đạo, chỉ đạo triển khai thực hiện?',0,1,1722357650,1,1722357650,0),
(611,272,29,'Nghị quyết nào sau đây đã được Tỉnh ủy Quảng Trị ban hành trong nhiệm kỳ 2020-2025?',0,1,1722357650,1,1722357650,0),
(612,272,28,'Nền đối ngoại, ngoại giao mang đậm bản sắc “cây tre Việt Nam” được kế thừa từ những nền tảng nào?',0,1,1722357669,1,1722357669,0),
(613,272,28,'Sau gần 40 năm thực hiện đường lối đổi mới, công tác đối ngoại, ngoại giao Việt Nam đã đạt được kết quả?',0,1,1722357669,1,1722357669,0),
(614,272,28,'Nghị quyết nào được xem là bước khởi đầu cho quá trình đổi mới tư duy về đối ngoại của Đảng với chủ trương xây dựng “một nền đối ngoại rộng mở”?',0,1,1722357669,1,1722357669,0),
(615,272,28,'Thuật ngữ “hội nhập kinh tế” lần đầu tiên được đề cập trong Văn kiện Đại hội đại biểu toàn quốc lần thứ bao nhiêu của Đảng?',0,1,1722357669,1,1722357669,0),
(616,272,28,'Tư duy đối ngoại: “Việt Nam muốn là bạn với tất cả các nước trong cộng đồng thế giới, phấn đấu vì hòa bình, độc lập và phát triển” được bắt đầu từ Đại hội nào của Đảng?',0,1,1722357669,1,1722357669,0),
(617,272,28,'Tư duy đối ngoại:  “Việt Nam là bạn, là đối tác tin cậy và là thành viên tích cực, có trách nhiệm của cộng đồng quốc tế” được bắt đầu từ Đại hội nào của Đảng?',0,1,1722357669,1,1722357669,0),
(618,272,28,'Nội dung nào không phải là quan điểm của nền đối ngoại, ngoại giao mang đậm bản sắc “cây tre Việt Nam”?',0,1,1722357669,1,1722357669,0),
(619,272,28,'Một số kết quả nổi bật của đối ngoại, ngoại giao Việt Nam trong những năm qua?',0,1,1722357669,1,1722357669,0),
(620,272,28,'Một số hạn chế của đối ngoại, ngoại giao Việt Nam trong những năm qua?',0,1,1722357669,1,1722357669,0),
(621,272,28,'Một số bài học kinh nghiệm trong công tác đối ngoại, ngoại giao Việt Nam?',0,1,1722357669,1,1722357669,0),
(622,272,28,'Đại hội XIII của Đảng đã xác định nguyên tắc gì trong công tác đối ngoại, ngoại giao?',0,1,1722357669,1,1722357669,0),
(623,272,28,'Để đáp ứng yêu cầu đặt ra đối với công tác đối ngoại, ngoại giao trong tình hình mới, Đại hội XIII của Đảng đã xác định phương châm gì?',0,1,1722357669,1,1722357669,0),
(624,272,28,'Nhiệm vụ chủ yếu của công tác đối ngoại, ngoại giao Việt Nam trong thời gian tới?',0,1,1722357669,1,1722357669,0),
(625,272,28,'Để đáp ứng yêu cầu đặt ra đối với công tác đối ngoại, ngoại giao trong tình hình mới, Đại hội XIII của Đảng đã xác định tư tưởng chỉ đạo là?',0,1,1722357669,1,1722357669,0),
(626,272,27,'Kỷ niệm 94 năm ngày thành lập Đảng Cộng sản Việt Nam (3/2/1930 - 3/2/2024),  Tổng Bí thư Nguyễn Phú Trọng đã có bài viết nào sau đây?',0,1,1722357681,1,1722357681,0),
(627,272,27,'Bài viết “Tự hào và tin tưởng dưới lá cờ vẻ vang của Đảng, quyết tâm xây dựng một nước Việt Nam ngày càng giàu mạnh, văn minh, văn hiến và anh hùng” của GS.TS, Tổng Bí thư Nguyễn Phú Trọng được kết cấu có mấy phần?',0,1,1722357682,1,1722357682,0),
(628,272,27,'Khái niệm về kinh tế thị trường định hướng xã hội chủ nghĩa ở nước ta?',0,1,1722357682,1,1722357682,0),
(629,272,27,'Trong nền kinh tế thị trường định hướng xã hội chủ nghĩa có những thành phần kinh tế nào?',0,1,1722357682,1,1722357682,0),
(630,272,27,'<p>Bản chất của nền văn hóa mà chúng ta xây dựng?</p>\r\n',0,1,1722357682,1,1723384749,1),
(631,272,27,'<p>Lần đầu tiên Đảng ta xác định: “an ninh con người”, bảo vệ “an ninh con người”&nbsp;tại Đại hội nào của Đảng?</p>\r\n',0,1,1722357683,1,1723084555,1),
(632,272,27,'Tỷ lệ dân số Việt Nam sử dụng Internet là?',0,1,1722357684,1,1722357684,0),
(633,272,27,'Đến năm 2023, chỉ số đổi mới sáng tạo toàn cầu (GII) của Việt Nam được các tổ chức quốc tế đánh giá đứng thứ bao nhiêu?',0,1,1722357684,1,1722357684,0),
(634,272,27,'Đến năm 2023, Việt Nam đạt bao nhiêu bác sĩ và giường bệnh trên 1 vạn dân; Bao nhiêu % số xã đạt chuẩn nông thôn mới?',0,1,1722357684,1,1722357684,0),
(635,272,27,'Đến nay, Việt Nam đã xác lập quan hệ ngoại giao với 193 nước, trong đó?',0,1,1722357684,1,1722357684,0),
(636,272,27,'Chỉ số hòa bình toàn cầu năm 2023 của Việt Nam đứng thứ bao nhiêu trong số 163 nước được xếp hạng?',0,1,1722357684,1,1722357684,0),
(637,272,27,'Mức tăng trưởng GDP bình quân sau 40 năm nước ta thực hiện công cuộc đổi mới là?',0,1,1722357684,1,1722357684,0),
(638,272,27,'Thực tiễn cách mạng Việt Nam từ ngày có Đảng đến nay, Đảng ta đã tích luỹ và đúc rút được nhiều bài học quý báu, hun đúc nên những truyền thống vẻ vang mà hôm nay chúng ta có trách nhiệm phải ra sức giữ gìn và phát huy, đó là những truyền thống gì?',0,1,1722357685,1,1722357685,0),
(639,272,27,'Để phát huy hơn nửa truyền thống yêu nước và cách mạng vẻ vang, quyết tâm thực hiện thắng lợi mục tiêu phát triển đất nước đến năm 2025 và năm 2030, xây dựng một nước Việt Nam ngày càng giàu mạnh, văn minh, văn hiến và anh hùng, công tác xây dựng Đảng và hệ thống chính trị cần phải làm tốt nhiệm vụ nào sau đây?',0,1,1722357685,1,1722357685,0),
(640,272,26,'Hội nghị hợp nhất các tổ chức cộng sản để thành lập Đảng Cộng sản Việt Nam diễn ra ở đâu?',0,1,1722357695,1,1722357695,0),
(641,272,26,'Chủ nghĩa Mác - Lênin là một hệ thống lý luận thống nhất được hình thành từ những bộ phận nào?',0,1,1722357696,1,1722357696,0),
(642,272,26,'Bản chất khoa học và cách mạng của chủ nghĩa Mác-Lênin thể hiện trên bao nhiêu nội dung chủ yếu ?',0,1,1722357696,1,1722357696,0),
(643,272,26,'Trong những nội dung sau, nội dung nào thể hiện bản chất cách mạng và khoa học của chủ nghĩa Mác-Lênin?',0,1,1722357696,1,1722357696,0),
(644,272,26,'Nguồn gốc hình thành tư tưởng Hồ Chí Minh gồm những yếu tố nào sau đây?',0,1,1722357696,1,1722357696,0),
(645,272,26,'Những nhân tố chủ quan nào thuộc về phẩm chất cá nhân của Chủ tịch Hồ Chí Minh?',0,1,1722357696,1,1722357696,0),
(646,272,26,'Văn kiện Đại hội Đảng toàn quốc lần thứ IX của Đảng (tháng 4/2001) xác định Tư tưởng Hồ Chí Minh gồm bao nhiêu nội dung cơ bản?',0,1,1722357696,1,1722357696,0),
(647,272,26,'Để nâng cao bản lĩnh chính trị cho toàn Đảng, toàn dân và hệ thống chính trị trong kiên định, vận dụng và phát triển sáng tạo nền tảng tư tưởng của Đảng cần phải làm gì?',0,1,1722357696,1,1722357696,0),
(648,272,26,'Luận điểm “Vũ khí của sự phê phán cố nhiên không thể thay thế được sự phê phán của vũ khí, lực lượng vật chất chỉ có thể bị đánh đổ bằng lực lượng vật chất; nhưng lý luận cũng sẽ trở thành lực lượng vật chất, một khi nó thâm nhập vào quần chúng” trích trong tác phẩm của ai?',0,1,1722357696,1,1722357696,0),
(649,272,26,'&quot;Tư tưởng Hồ Chí Minh là một hệ thống quan điểm toàn diện và sâu sắc về những vấn đề cơ bản của cách mạng Việt Nam, kết quả của sự vận dụng và phát triển sáng tạo chủ nghĩa Mác - Lênin vào điều kiện cụ thể của nước ta, kế thừa và phát triển các giá trị truyền thống tốt đẹp của dân tộc, tiếp thu tinh hoa văn hoá nhân loại; là tài sản tinh thần vô cùng to lớn và quý giá của Đảng và dân tộc ta, mãi mãi soi đường cho sự nghiệp cách mạng của nhân dân ta giành thắng lợi&quot; được khẳng định tại Đại hội nào của Đảng ta?',0,1,1722357696,1,1722357696,0),
(650,272,26,'&quot;Tư tưởng Hồ Chí Minh là một hệ thống quan điểm toàn diện và sâu sắc về những vấn đề cơ bản của cách mạng Việt Nam, kết quả của sự vận dụng và phát triển sáng tạo chủ nghĩa Mác - Lênin vào điều kiện cụ thể của nước ta, kế thừa và phát triển các giá trị truyền thống tốt đẹp của dân tộc, tiếp thu tinh hoa văn hoá nhân loại; là tài sản tinh thần vô cùng to lớn và quý giá của Đảng và dân tộc ta, mãi mãi soi đường cho sự nghiệp cách mạng của nhân dân ta giành thắng lợi&quot; được khẳng định tại cương lĩnh nào của Đảng?',0,1,1722357696,1,1722357696,0),
(651,272,26,'Nhận định: Chủ nghĩa Mác - Lênin là một học thuyết mở, không ngừng tự đổi mới, tự phát triển trong dòng trí tuệ của nhân loại”?',0,1,1722357696,1,1722357696,0),
(652,272,26,'Câu: “Tư tưởng về giải phóng dân tộc, giải phóng giai cấp, giải phóng con người” là một trong những nội dung cơ bản của tư tưởng Hồ Chí Minh”?',0,1,1722357696,1,1722357696,0),
(653,272,26,'Câu: “Chủ nghĩa Mác - Lênin là một hệ thống lý luận khoa học, thể hiện trong toàn bộ các nguyên lý cấu thành học thuyết, trước hết là các nguyên lý cơ bản” là một trong những nội dung chủ yếu thể hiện bản chất cách mạng và khoa học của chủ nghĩa Mác - Lênin?',0,1,1722357696,1,1722357696,0),
(654,272,26,'Câu: “Chủ nghĩa yêu nước là cơ sở ban đầu và là động lực thúc đẩy Chủ tịch Hồ Chí Minh đến với chủ nghĩa Mác - Lênin, làm cho chủ nghĩa yêu nước Việt Nam có nội dung mới, tầm cao mới, độc lập dân tộc gắn liền với chủ nghĩa xã hội”?',0,1,1722357696,1,1722357696,0);

/*Table structure for table `olala3w_library_answer` */

DROP TABLE IF EXISTS `olala3w_library_answer`;

CREATE TABLE `olala3w_library_answer` (
  `library_answer_id` double NOT NULL AUTO_INCREMENT,
  `library_id` int(11) NOT NULL DEFAULT 0,
  `title` text NOT NULL,
  `correct` int(1) NOT NULL DEFAULT 0,
  `correct_1` text NOT NULL,
  PRIMARY KEY (`library_answer_id`)
) ENGINE=InnoDB AUTO_INCREMENT=2292 DEFAULT CHARSET=utf8;

/*Data for the table `olala3w_library_answer` */

insert  into `olala3w_library_answer`(`library_answer_id`,`library_id`,`title`,`correct`,`correct_1`) values 
(1693,495,'A. Trùng Khánh (Trung Quốc).',0,''),
(1694,495,'B.  Hương Cảng (Trung Quốc).',1,''),
(1695,495,'C.  Quảng Châu (Trung Quốc).',0,''),
(1696,496,'A. Triết học Mác - Lênin.',0,''),
(1697,496,'B. Kinh tế chính trị Mác – Lênin.',0,''),
(1698,496,'C. Chủ nghĩa xã hội khoa học.',0,''),
(1699,496,'D. Tất cả các đáp án trên.',1,''),
(1700,497,'A. 3 nội dung.',0,''),
(1701,497,'B. 4 nội dung.',1,''),
(1702,497,'C. 5 nội dung.',0,''),
(1703,498,'A. Chủ nghĩa Mác - Lênin là một hệ thống lý luận khoa học, thể hiện trong toàn bộ các nguyên lý cấu thành học thuyết, trước hết là các nguyên lý cơ bản.',0,''),
(1704,498,'B. Chủ nghĩa Mác - Lênin là sự thống nhất hữu cơ giữa thế giới quan khoa học và phương pháp luận mác-xít.',0,''),
(1705,498,'C. Chủ nghĩa Mác - Lênin là học thuyết giải phóng xã hội, giải phóng giai cấp, giải phóng con người với con đường, lực lượng, phương thức đạt mục tiêu đó.',0,''),
(1706,498,'D. Chủ nghĩa Mác - Lênin là một học thuyết mở, không ngừng tự đổi mới, tự phát triển trong dòng trí tuệ của nhân loại.',0,''),
(1707,498,'E. Tất cả các đáp án trên.',1,''),
(1708,499,'A. Chủ nghĩa Mác - Lênin;',0,''),
(1709,499,'B. Các giá trị truyền thống tốt đẹp của dân tộc;',0,''),
(1710,499,'C. Tinh hoa văn hóa nhân loại;',0,''),
(1711,499,'D. Những nhân tố chủ quan thuộc về phẩm chất cá nhân của Chủ tịch Hồ Chí Minh;',0,''),
(1712,499,'E. Tất cả các đáp án trên.',1,''),
(1713,500,'A. Tư duy độc lập, tự chủ, sáng tạo cộng với sự nhận xét, phê phán tinh tường, sáng suốt trong việc nghiên cứu, tìm hiểu;',0,''),
(1714,500,'B. Sự khổ công học tập nhằm chiếm lĩnh vốn tri thức phong phú của nhân loại, học tập kinh nghiệm đấu tranh của phong trào giải phóng dân tộc, phong trào công nhân quốc tế;',0,''),
(1715,500,'C. Ý chí của một nhà yêu nước, một chiến sĩ cộng sản nhiệt thành cách mạng, một trái tim yêu nước, thương dân, thương yêu những người cùng khổ, sẵn sàng chịu đựng hy sinh vì độc lập của Tổ quốc, vì tự do, hạnh phúc của đồng bào.',0,''),
(1716,500,'D. Tất cả các đáp án trên.',1,''),
(1717,501,'A. 8 nội dung cơ bản.',0,''),
(1718,501,'B. 9 nội dung cơ bản.',1,''),
(1719,501,'C. 10 nội dung cơ bản.',0,''),
(1720,502,'A. Phải nâng cao chất lượng tuyên truyền, giáo dục lý luận chính trị làm cho toàn Đảng, toàn dân “ai cũng phải hiểu, ai cũng phải theo” chủ nghĩa Mác - Lênin, tư tưởng Hồ Chí Minh, tin tưởng vào chủ trương, đường lối của Đảng, chính sách, pháp luật của Nhà nước.',0,''),
(1721,502,'B. Tăng cường thống nhất nhận thức và hành động trong Đảng cũng như ngoài Đảng về tinh thần luôn kiên định, vận dụng và phát triển sáng tạo chủ nghĩa Mác - Lênin, tư tưởng Hồ Chí Minh.',0,''),
(1722,502,'C. Tất cả các đáp án trên.',1,''),
(1723,503,'A. Lênin',0,''),
(1724,503,'B. C.Mác',1,''),
(1725,503,'C. Ph. Ăngghen',0,''),
(1726,504,'A. Đại hội X',0,''),
(1727,504,'B. Đại hội XI',1,''),
(1728,504,'C. Đại hội XII',0,''),
(1729,505,'A. Chính cương Đảng Lao động Việt Nam (tháng 2 năm 1951)',0,''),
(1730,505,'B. Cương lĩnh xây dựng đất nước trong thời kỳ quá độ lên chủ nghĩa xã hội (tháng 6 năm 1991)',0,''),
(1731,505,'C. Cương lĩnh xây dựng đất nước trong thời kỳ quá độ lên chủ nghĩa xã hội (bổ sung, phát triển năm 2011)',1,''),
(1732,506,'A. Đúng',1,''),
(1733,506,'B. Sai',0,''),
(1734,507,'A. Đúng',1,''),
(1735,507,'B. Sai',0,''),
(1736,508,'A. Đúng',1,''),
(1737,508,'B. Sai',0,''),
(1738,509,'A. Đúng',1,''),
(1739,509,'B. Sai',0,''),
(1740,510,'A. Nguyên tắc dân chủ',1,''),
(1741,510,'B. Nguyên tắc bình đẳng',0,''),
(1742,510,'C. Nguyên tắc phổ thông',0,''),
(1743,510,'D. Cả ba đáp án trên',0,''),
(1744,511,'A. Nhân dân',0,''),
(1745,511,'B. Chính phủ',0,''),
(1746,511,'C. Đảng Cộng sản Việt Nam',1,''),
(1747,511,'D. Quốc hội',0,''),
(1752,513,'A. Tăng cường tính dân chủ, công bằng, nhân đạo, hiện đại, đầy đủ, kịp thời, đồng bộ, thống nhất, khả thi, công khai, minh bạch, ổn định, dễ tiếp cận, đủ khả năng điều chỉnh các quan hệ xã hội, có sức cạnh tranh quốc tế, lấy quyền và lợi ích hợp pháp, chính đáng của người dân, doanh nghiệp làm trọng tâm thúc đẩy đổi mới sáng tạo.',0,''),
(1753,513,'B. Tổ chức và hoạt động của Nhà nước pháp quyền xã hội chủ nghĩa Việt Nam kiến tạo phát triển; đa dạng hóa nguồn pháp luật.',0,''),
(1754,513,'C. Đơn giản hóa, giảm tầng nấc, loại hình văn bản trong hệ thống văn bản quy phạm pháp luật, thu gọn đầu mối cơ quan có thẩm quyền ban hành văn bản quy phạm pháp luật.',0,''),
(1755,513,'D. Cả ba đáp án trên',1,''),
(1756,514,'A. Nhốt quyền lực vào trong lồng thể chế và chính sách',1,''),
(1757,514,'B. Khống chế quyền lực vào trong các chính sách',0,''),
(1758,514,'C. Phân hoá quyền lực vào trong các cơ chế, chính sách',0,''),
(1759,514,'D. Cả ba đáp án trên',0,''),
(1760,515,'A. Tổng Bí thư Ban Chấp hành Trung ương Đảng, Bí thư Quân uỷ Trung ương',0,''),
(1761,515,'B. Chủ tịch nước',1,''),
(1762,515,'C. Chủ tịch Quốc hội',0,''),
(1763,515,'D. Bộ trưởng Bộ Quốc phòng',0,''),
(1764,516,'A. Hoàn chỉnh hệ thống văn bản quy phạm pháp luật',0,''),
(1765,516,'B. Xây dựng đội ngũ cán bộ, công chức vừa “hồng”, vừa “chuyên”',1,''),
(1766,516,'C. Cải cách thể chế',0,''),
(1767,516,'D. Cả ba đáp án trên',0,''),
(1773,518,'A. Đảng lãnh đạo, Nhà nước quản lý',0,''),
(1774,518,'B. Đảng lãnh đạo, nhân dân làm chủ',0,''),
(1775,518,'C. Đảng lãnh đạo, Nhà nước quản lý, nhân dân làm chủ',1,''),
(1784,521,'A. Đồng chí Nguyễn Đức Cảnh',0,''),
(1785,521,'B. Đồng chí Ngô Gia Tự',0,''),
(1786,521,'C. Đồng chí Nguyễn Ái Quốc',1,''),
(1787,521,'D. Đồng chí Trần Phú',0,''),
(1788,522,'A. Đồng chí Nguyễn Đình Cương',1,''),
(1789,522,'B. Đồng chí Trần Hữu Dực',0,''),
(1790,522,'C. Đồng chí Lê Thế Tiết',0,''),
(1791,522,'D. Đồng chí Nguyễn Hữu Mão',0,''),
(1792,523,'A. Hội Việt Nam cách mạng Thanh niên',0,''),
(1793,523,'B. Tân Việt cách mạng đảng',0,''),
(1794,523,'C. Hội Việt Nam  cách mạng Thanh niên, Tân Việt cách mạng đảng',1,''),
(1795,523,'D. Hội Việt Nam  cách mạng Thanh niên, Tân Việt cách mạng đảng, Hội Phục Việt',0,''),
(1796,524,'A. Hội Việt Nam cách mạng Thanh niên',0,''),
(1797,524,'B. Ái hữu dân đoàn',1,''),
(1798,524,'C. Tân Việt cách mạng đảng',0,''),
(1799,524,'D. Cả ba đáp án trên',0,''),
(1800,525,'A. Hội Việt Nam cách mạng Thanh niên tỉnh Quảng Trị',1,''),
(1801,525,'B. Đông Dương Cộng sản Đảng',0,''),
(1802,525,'C. Ái hữu dân đoàn',0,''),
(1803,526,'A. Chi bộ Tường Vân',0,''),
(1804,526,'B. Chi bộ Lập Thạch',0,''),
(1805,526,'C. Chị bộ Tân Tường',0,''),
(1806,526,'D. Chị bộ An Tiêm',1,''),
(1807,527,'A. Chi bộ An Tiêm, chi bộ Tường Vân, chi bộ Tân Tường',1,''),
(1808,527,'B. Chi bộ An Tiêm, chi bộ Lập Thạch, chi bộ Tân Tường',0,''),
(1809,527,'C. Chi bộ An Tiêm, chi bộ Tường Vân, chi bộ Đại Áng',0,''),
(1810,527,'D. Chi bộ Lập Thạch, chi bộ Tường Vân, chi bộ Tân Tường',0,''),
(1811,528,'A. Đồng chí Trần Hữu Dực',0,''),
(1812,528,'B. Đồng chí Lê Thế Tiết',1,''),
(1813,528,'C. Đồng chí Nguyễn Hữu Mão',0,''),
(1814,528,'D. Lúc này chưa cử Bí thư Tỉnh ủy lâm thời',0,''),
(1815,529,'A. Đồng chí Trần Hữu Dực',1,''),
(1816,529,'B. Đồng chí Đoàn Bá Thừa',0,''),
(1817,529,'C. Đồng chí Trần Ngọc Hoành',0,''),
(1818,529,'D. Đồng chí Lê Hoạch',0,''),
(1819,530,'A. 200 người',0,''),
(1820,530,'B. 300 người',1,''),
(1821,530,'C. 400 người',0,''),
(1822,530,'D. 500 người',0,''),
(1823,531,'A. Độc lập dân tộc và người cày có ruộng',0,''),
(1824,531,'B. Giải phóng dân tộc',0,''),
(1825,531,'C. Đấu tranh đòi tự do, dân sinh, dân chủ, cơm áo, hòa bình, chống phát xít, chống chiến tranh',1,''),
(1826,532,'A. Đồng chí Trần Hữu Dực',0,''),
(1827,532,'B. Đồng chí Nguyễn Nhuệ',0,''),
(1828,532,'C. Đồng chí Lê Duẩn',1,''),
(1829,532,'D. Đồng chí Lê Chưởng',0,''),
(1830,533,'A. Phủ Vĩnh Linh',1,''),
(1831,533,'B. Phủ Gio Linh',0,''),
(1832,533,'C. Phủ Cam Lộ',0,''),
(1833,533,'D. Phủ Hải Lăng',0,''),
(1834,534,'A. Chuẩn bị khởi nghĩa vũ trang',0,''),
(1835,534,'B. Chuyển hướng hoạt động vào bí mật, chuẩn bị điều kiện cho cuộc đấu tranh giải phóng dân tộc.',1,''),
(1836,534,'C. Đấu tranh công khai, hợp pháp chống chiến tranh',0,''),
(1837,535,'A. Đấu tranh đòi người cày có ruộng',0,''),
(1838,535,'B. Đánh đổ đế quốc Pháp, chống tất cả ách ngoại xâm vô luận da trắng hay da vàng để tranh lấy giải phóng dân tộc',1,''),
(1839,535,'C. Đấu tranh phản đối chiến tranh đế quốc',0,''),
(1850,538,'A. Làng Bích La (Triệu Phong)',0,''),
(1851,538,'B. Làng Cổ Thành (Triệu Phong)',0,''),
(1852,538,'C. Làng Phước Lễ (Triệu Phong)',1,''),
(1853,538,'D. Làng Long Hưng (Hải Lăng)',0,''),
(1854,539,'A. Ngày 22/8/1945',0,''),
(1855,539,'B. Ngày 23/8/1945',0,''),
(1856,539,'C. Ngày 24/8/1945',0,''),
(1857,539,'D. Ngày 25/8/1945',1,''),
(1858,540,'A. Đồng chí Trần Hữu Dực',1,''),
(1859,540,'B. Đồng chí Đặng Thí',0,''),
(1860,540,'C. Đồng chí Hoàng Thị Ái',0,''),
(1861,540,'D. Đồng chí Nguyễn Hữu Khiếu',0,''),
(1862,541,'A. Gian lận.',0,''),
(1863,541,'B. Ăn cắp; Trộm cướp.',0,''),
(1864,541,'C. Chiếm đoạt của công làm của tư.',0,''),
(1865,541,'D. Cả 3 đáp án trên.',1,''),
(1866,542,'A. Khi bắt đầu cày bừa làm mấy con lợn để liên hoan.',0,''),
(1867,542,'B. Đứng núi này trông núi nọ, làm việc chậm chạp, ăn cắp giờ của chính phủ, của nhân dân.',0,''),
(1868,542,'C. Khai gian lậu thuế.',0,''),
(1869,542,'D. Cả 3 đáp án trên.',1,''),
(1870,543,'A. Là trong sạch, luôn tôn trọng, giữ gìn của công, của Nhà nước, của Nhân dân.',0,''),
(1871,543,'B. Lối sống trong sạch, không hám danh.',0,''),
(1872,543,'C. Không bận tâm toan tính nhỏ nhen, ích kỷ.',0,''),
(1873,543,'D. Cả 3 đáp án trên.',1,''),
(1874,544,'A. Tham lam “tham địa vị, tham tiền tài, tham danh tiếng, tham ăn ngon, mặc đẹp”.',0,''),
(1875,544,'B. “Đục khoét của dân”, “ăn của đút”, “trộm của công làm của tư”.',0,''),
(1876,544,'C. “Lộng quyền”, “dìm người giỏi”, háo danh, “ngại khó khăn, gian khổ”.',0,''),
(1877,544,'D. Cả 3 đáp án trên.',1,''),
(1878,545,'A. Do lòng tự tư, tự lợi, ích kỷ hại dân mà ra.',0,''),
(1879,545,'B. Thiếu đạo đức cách mạng, sa vào chủ nghĩa cá nhân, có quyền mà thiếu lương tâm.',0,''),
(1880,545,'C. Do bệnh quan liêu.',0,''),
(1881,545,'D. Cả 3 đáp án trên.',1,''),
(1882,546,'A. Phá hoại đạo đức cách mạng là cần, kiệm, liêm chính.',0,''),
(1883,546,'B. Phá hoại tinh thần, tiêu hao của cải của chính phủ, của nhân dân.',0,''),
(1884,546,'C. Gây ra ác cảm, chia rẽ, làm cho cấp trên xa cấp dưới.',0,''),
(1885,546,'D. Cả 3 đáp án trên.',1,''),
(1886,547,'A. Phải quét sách chủ nghĩa cá nhân, tẩy sạch bệnh quan liêu.',0,''),
(1887,547,'B. Huy động và phát huy tối đa lực lượng toàn dân tham gia phòng, chống tham nhũng, tiêu cực; Coi trọng xây dựng đội ngũ cán bộ và công tác cán bộ.',0,''),
(1888,547,'C. Tuân thủ “cách tổ chức” phòng, chống tham nhũng, tiêu cực; Thực hiện thưởng phạt thật nghiêm minh.',0,''),
(1889,547,'D. Cả 3 đáp án trên.',1,''),
(1890,548,'A. Thường xuyên giáo dục cán bộ, đảng viên, công chức, viên chức có lòng tự trọng, biết “giữ gìn chữ liêm”.',0,''),
(1891,548,'B. Động viên, khuyến khích cán bộ, đảng viên tốt tiếp tục phát huy.',0,''),
(1892,548,'C. Những cán bộ, đảng viên sa vào tham nhũng, tiêu cực phải tìm mọi cách, mọi biện pháp “giáo dục là chính”, “cứu vãn họ, giúp họ khôi phục đạo đức cách mạng”, “đưa họ vào con đường cách mạng”.',0,''),
(1893,548,'D. Cả 3 đáp án trên.',1,''),
(1894,549,'A. Đánh thông tư tưởng.',0,''),
(1895,549,'B. Từng bộ phận trong cơ quan, đơn vị “nghiên cứu tài liệu” và “kiểm thảo”.',0,''),
(1896,549,'C. Đơn vị, cơ quan “khai hội kiểm thảo chung”.',0,''),
(1897,549,'D. Cả 3 đáp án trên.',1,''),
(1898,550,'A. Thực tiễn hoạt động PCTNTC thời gian qua cho thấy, một bộ phận cán bộ, đảng viên, công chức đã làm ngơ, dung túng, bao che, tiếp tay, đồng phạm, thậm chí là chủ mưu trong những vụ án, vụ việc tham nhũng, tiêu cực; với nhiều biểu hiện ngày càng tinh vi, phức tạp hơn.',0,''),
(1899,550,'B. Văn kiện Đại hội X, XI, XII và XIII của Đảng đều khẳng định tác hại vô cùng to lớn của tham nhũng, làm suy giảm nghiêm trọng nhiều nguồn lực để phát triển kinh tế - xã hội, tạo ra rào cản rất lớn đối với quá trình đổi mới, phát triển đất nước.',0,''),
(1900,550,'C. Đại hội XIII của Đảng tiếp tục khẳng định: “Tham nhũng vẫn là một trong những nguy cơ đe dọa sự tồn vong của Đảng và chế độ”.',0,''),
(1901,550,'D. Cả 3 đáp án trên.',1,''),
(1906,552,'A. Chỉ thị số 13-CT/TU, ngày 29/11/2021.',1,''),
(1907,552,'B. Chỉ thị số 15-CT/TU, ngày 29/11/2021.',0,''),
(1908,553,'A. Triển khai thực hiện nghiêm túc, có hiệu quả nghị quyết, chỉ thị, kết luận, quy định của Trung ương về xây dựng, chỉnh đốn Đảng và hệ thống chính trị.',0,''),
(1909,553,'B. Thường xuyên giáo dục, nâng cao nhận thức, làm cho cán bộ, đảng viên và nhân dân thấy rõ nguy cơ, tác hại của tham nhũng, tiêu cực.',0,''),
(1910,553,'C. Kịp thời cung cấp thông tin, chủ động tuyên truyền định hướng tư tưởng, dư luận đối với các vấn đề bức xúc, nổi cộm mà nhân dân quan tâm.',0,''),
(1911,553,'D. Cả 3 đáp án trên.',1,''),
(1912,554,'A. Triển khai thực hiện nghiêm cơ chế phòng ngừa chặt chẽ để “không thể” tham nhũng, tiêu cực; một cơ chế răn đe, trừng trị nghiêm khắc để “không dám” tham nhũng, tiêu cực; xây dựng văn hóa liêm chính trong từng cơ quan, đơn vị, cán bộ, đảng viên để “không muốn” tham nhũng, tiêu cực và một cơ chế bảo đảm để “không cần” tham nhũng, tiêu cực”;',0,''),
(1913,554,'B. Thực hiện có hiệu quả các nghị quyết, chỉ thị của Đảng về phòng, chống tham nhũng, tiêu cực;',0,''),
(1914,554,'C. Kiểm soát có hiệu quả việc kê khai tài sản, thu nhập của người có chức vụ, quyền hạn, trước hết là của cán bộ lãnh đạo, quản lý;',0,''),
(1915,554,'D. Cả 3 đáp án trên.',1,''),
(1916,555,'A. Thực hiện nghiêm túc, có hiệu quả Kết luận số 14-KL/TW, ngày 22/9/2021 của Bộ Chính trị về chủ trương khuyến khích và bảo vệ cán bộ năng động, sáng tạo vì lợi ích chung;',0,''),
(1917,555,'B. Thực hiện Kết luận số 01-KL/TW, ngày 18/5/2021 của Bộ Chính trị về tiếp tục thực hiện Chỉ thịsố 05- CT/TW, ngày 15/5/2016 của Bộ Chính trị khóa XII “Về đẩy mạnh học tập và làm theo tư tưởng, đạo đức, phong cách Hồ Chí Minh” với các Nghị quyết Trung ương 4 (khóa XI, khóa XII), Kết luận số 21-KL/TW của Ban Chấp hành Trung ương (khóa XIII);',0,''),
(1918,555,'C. Thực hiện Công văn số 1288- CV/TU, ngày 22/9/2023 của Ban Thường vụ Tỉnh ủy “Về đẩy mạnh xây dựng văn hóa liêm chính, không tham nhũng, tiêu cực trong cán bộ, đảng viên, công chức, viên chức”;',0,''),
(1919,555,'D. Cả 3 đáp án trên.',1,''),
(1920,556,'A. Nhận thức đầy đủ và quan tâm hơn nữa đến công tác xây dựng Đảng, nhìn thẳng vào tình hình, thấy rõ ưu điểm để phát huy, thấy hết khuyết điểm để sửa chữa;',0,''),
(1921,556,'B. Thực hiện nghiêm nguyên tắc tập trung dân chủ trong sinh hoạt đảng. Mọi chủ trương quan trọng đều phải được bàn bạc và quyết định tập thể trên cơ sở nghiên cứu và phân tích đầy đủ cơ sở lý luận và thực tiễn;',0,''),
(1922,556,'C. Rà soát, đôn đốc, triển khai thực hiện có hiệu quả các kế hoạch, chương trình của cấp uỷ, chính quyền, địa phương, cơ quan, đơn vị trong tổ chức phổ biến, tuyên truyền, thực hiện nghị quyết, chỉ thị của Đảng về phòng, chống tham nhũng, tiêu cực.',0,''),
(1923,556,'D. Cả 3 đáp án trên.',1,''),
(1924,557,'A. Tăng cường công tác kiểm tra, giám sát, nhất là giám sát thường xuyên, tập trung vào những lĩnh vực dễ phát sinh tiêu cực, nổi cộm, gây bức xúc trong xã hội;',0,''),
(1925,557,'B. Phát huy vai trò nòng cốt của Ban Chỉ đạo phòng, chống tham nhũng, tiêu cực tỉnh, Uỷ ban Kiểm tra, Uỷ ban Mặt trận Tổ quốc, tổ chức chính trị - xã hội các cấp, cơ quan báo chí và các tầng lớp Nhân dân;',0,''),
(1926,557,'C. Xử lý nghiêm những trường hợp vi phạm kỷ luật Đảng, pháp luật của Nhà nước, suy thoái về tư tưởng chính trị, đạo đức, lối sống, “tự diễn biến”, “tự chuyển hóa”;',0,''),
(1927,557,'D. Cả 3 đáp án trên.',1,''),
(1932,559,'A. Tăng tỷ trọng ngành dịch vụ trong cơ cấu GRDP.',0,''),
(1933,559,'B. Phát triển tỉnh Quảng Trị theo hướng xanh và bền vững, bảo đảm hài hòa giữa tăng trưởng kinh tế với bảo vệ môi trường.',0,''),
(1934,559,'C. Đảm bảo đường biên giới ổn định, hòa bình, hữu nghị hợp tác và phát triển với Lào.',0,''),
(1935,559,'D. Tất cả các đáp án trên.',1,''),
(1936,560,'A. Nền kinh tế Quảng trị phát triển hài hòa giữa bốn mục tiêu: kinh tế - môi trường - an ninh quốc phòng - hợp tác khu vực, quốc tế.',0,''),
(1937,560,'B. Cơ bản là một tỉnh công nghiệp - dịch vụ. Phấn đấu đến năm 2030, Quảng Trị nằm trong vị trí 30/63 tỉnh/thành của cả nước về tốc độ tăng trưởng và thu nhập bình quân theo đầu người, trở thành tỉnh có trình độ phát triển thuộc nhóm tỉnh khá của cả nước.',0,''),
(1938,560,'C. Tập trung khai thác các lợi thế của tỉnh trên tuyến Hành lang hạ tầng theo hướng Bắc - Nam, hành lang Đông - Tây. Trong giai đoạn 2021 - 2030, tập trung quy hoạch và đầu tư hạ tầng khu vực cửa khẩu Lao Bảo - Đensavan, hai hành lang Lao Bảo - Đông Hà và La Lay - Mỹ thuỷ.',0,''),
(1939,560,'D. Ứng dụng mạnh mẽ các tiến bộ của cuộc cách mạng công nghiệp lần thứ tư vào tất cả các ngành, lĩnh vực để nhanh chóng số hóa nền kinh tế.',0,''),
(1940,560,'E. Hoàn thành về cơ bản việc đầu tư kết cấu hạ tầng du lịch, khai thác phát huy hiệu quả thương hiệu du lịch của tỉnh.',0,''),
(1941,560,'F. Tất cả các đáp án trên.',1,''),
(1942,561,'A. 8,0%/năm',0,''),
(1943,561,'B. 8,2%/năm',1,''),
(1944,561,'C. 8,5%/năm',0,''),
(1945,562,'A. 10,0% -  85,7% - 4,3%.',0,''),
(1946,562,'B. 20,0% -  75,7% - 4,3%.',0,''),
(1947,562,'C. 15,0% -  80,7% - 4,3%.',1,''),
(1948,563,'A. Đạt trên 39.000 tỷ đồng.',1,''),
(1949,563,'B. Đạt trên 40.000 tỷ đồng.',0,''),
(1950,563,'C. Đạt trên 41.000 tỷ đồng.',0,''),
(1951,564,'A. 85%',1,''),
(1952,564,'B. 75%',0,''),
(1953,564,'C. 90%',0,''),
(1954,565,'A. 85%',0,''),
(1955,565,'B. Trên 90%',0,''),
(1956,565,'C. Trên 95%',1,''),
(1957,566,'A. Giai đoạn 2021-2025.',0,''),
(1958,566,'B. Giai đoạn 2026-2030.',1,''),
(1959,567,'A. Trạm nghiên cứu, thực nghiệm nông nghiệp ứng dụng công nghệ cao tại đèo Sa Mù, xã Hướng Phùng, huyện hướng Hóa.',0,''),
(1960,567,'B. Khu sản xuất nông nghiệp ứng dụng công nghệ cao tại Khu Ngã Năm tập trung tại xã Hải Hưng, huyện Hải Lăng.',0,''),
(1961,567,'C. Cả 2 đáp áp trên',1,''),
(1962,568,'A. Ưu tiên phát triển một số ngành công nghiệp có thế mạnh của tỉnh như: năng lượng sạch, công nghiệp chế biến nông - lâm - thuỷ sản, chế biến dược liệu; công nghiệp cơ khí, chế tạo và luyện kim; công nghiệp silicat; khai thác tốt các mỏ đá quy hoạch xi măng.',0,''),
(1963,568,'B. Nâng cao chất lượng hoạt động và tỷ lệ lấp đầy các khu công nghiệp hiện hữu.',0,''),
(1964,568,'C. Tập trung đầu tư, hoàn thành hệ thống hạ tầng kỹ thuật và lấp đầy các cụm công nghiệp đã quy hoạch',0,''),
(1965,568,'D. Tất cả các đáp án trên.',1,''),
(1966,569,'A. Năm 2035.',0,''),
(1967,569,'B. Năm 2045.',0,''),
(1968,569,'C. Năm 2050.',1,''),
(1969,570,'A. 89%',0,''),
(1970,570,'B. 90%',0,''),
(1971,570,'C. 100%',1,''),
(1972,571,'A. 100%.',1,''),
(1973,571,'B. 60%',0,''),
(1974,571,'C. 70%',0,''),
(1975,572,'A. Chia tách Trung tâm y tế huyện Vĩnh Linh thành bệnh viện Đa Khoa khu vực Vĩnh Linh.',0,''),
(1976,572,'B. Chia tách Trung tâm y tế huyện Hướng Hóa thành bệnh viện Đa Khoa khu vực Hướng Hóa.',0,''),
(1977,572,'C. Cả hai đáp án trên.',1,''),
(1978,573,'A. Cơ bản hoàn thành xây dựng nền tảng, các mục tiêu của chính quyền điện tử và thực hiện chuyển đổi số.',0,''),
(1979,573,'B. Hoàn thiện các mục tiêu chuyển đổi số trên địa bàn tỉnh, định hướng Quảng Trị phát triển ổn định, thịnh vượng, thử nghiệm các công nghệ và mô hình mới.',1,''),
(1980,574,'A. 30% giá trị sản xuất lĩnh vực Nông nghiệp.',0,''),
(1981,574,'B. 40% giá trị sản xuất lĩnh vực Nông nghiệp.',1,''),
(1982,575,'A. Gần 1000 MW.',0,''),
(1983,575,'B. Gần 1600 MW.',1,''),
(1984,575,'C. Gần 1400 MW.',0,''),
(1985,576,'A. Xây dựng các khu đô thị có chất lượng cao, đủ sức hấp dẫn lao động có trình độ cao, tay nghề cao.',0,''),
(1986,576,'B. Triển khai các chính sách thu hút nhân tài từ trong và ngoài nước.',0,''),
(1987,576,'C. Cả hai đáp án trên.',1,''),
(1988,577,'A. Phát huy phẩm chất“yêu nước, cần cù và hiếu học” trở thành sức mạnh quan trọng trong sự nghiệp “xây dựng văn hóa, con người toàn diện, nâng cao đời sống tinh thần, thu hẹp khoảng cách hưởng thụ văn hóa giữa các vùng trong tỉnh”.',1,''),
(1989,577,'B. Phát huy phẩm chất “lạc quan, hòa đồng và nghĩa tình” trở thành sức mạnh quan trọng trong sự nghiệp “xây dựng văn hóa, con người toàn diện, nâng cao đời sống tinh thần, thu hẹp khoảng cách hưởng thụ văn hóa giữa các vùng trong tỉnh”.',0,''),
(1990,578,'A. Thực hiện mô hình cơ quan báo chí truyền thông đa phương tiện.',0,''),
(1991,578,'B. Chuyển đổi số.',0,''),
(1992,578,'C. Ứng dụng các công nghệ IoT, AI, BigData trong hoạt động sản xuất tin, bài.',0,''),
(1993,578,'D. Tất cả các đáp án trên.',1,''),
(1994,579,'A. Chủ nghĩa Mác - Ăng ghen - Lênin',0,''),
(1995,579,'B. Chủ nghĩa Mác - Lênin và tư tưởng Hồ Chí Minh.',1,''),
(1996,580,'A. Giữ gìn bản chất cách mạng, khoa học, phát triển sáng tạo những giá trị cốt lõi của Chủ nghĩa Mác – Lênin, tư tưởng Hồ Chí Minh.',0,''),
(1997,580,'B. Chống lại sự xuyên tạc, nhận thức sai trái.',0,''),
(1998,580,'C. Cả 2 đáp án trên',1,''),
(1999,581,'A. Phủ nhận nền tảng tư tưởng của Đảng, phủ nhận vai trò lãnh đạo của Đảng Cộng sản Việt Nam, phủ nhận chủ nghĩa xã hội và con đường đi lên chủ nghĩa xã hội ở nước ta.',0,''),
(2000,581,'B. Tạo ra “khoảng trống” về tư tưởng, lý luận nhằm đưa ý thức hệ tư sản thâm nhập ngày càng sâu rộng vào đời sống tinh thần của nhân dân ta.',0,''),
(2001,581,'C. Xoay chuyển quỹ đạo phát triển của Việt Nam đi chệch hướng xã hội chủ nghĩa.',0,''),
(2002,581,'D. Cả 3 đáp án trên.',1,''),
(2003,582,'A. Xuyên tạc, phủ nhận tính khoa học và cách mạng, bài xích những nội dung cốt lõi của chủ nghĩa Mác – Lênin.',0,''),
(2004,582,'B. Xuyên tạc, bôi nhọ thân thế, cuộc đời, sự nghiệp của Chủ tịch Hồ Chí Minh; xuyên tạc, phủ nhận tư tưởng Hồ Chí Minh.',0,''),
(2005,582,'C. Công kích, chống phá, xuyên tạc quan điểm, đường lối của Đảng, chủ trương, chính sách của Nhà nước; xúc phạm, bôi nhọ uy tín lãnh đạo Đảng, Nhà nước.',0,''),
(2006,582,'D. Cả 3 đáp án trên.',1,''),
(2007,583,'A. Lợi dụng và cường điệu hóa những sai lầm của Đảng ta trong những thời kỳ lịch sử nhất định để làm mất lòng tin của nhân dân đối với Đảng.',0,''),
(2008,583,'B. Tuyên truyền đề cao, thổi phồng các giá trị của chủ nghĩa tư bản về thể chế chính trị, đa nguyên chính trị, đa đảng đối lập, “tam quyền phân lập”, sử dụng chiêu bài tự do, dân chủ, nhân quyền để chống lại chủ trương và chính sách đại đoàn kết toàn dân tộc của Đảng.',0,''),
(2009,583,'C. Xuyên tạc, bôi nhọ, xúc phạm, hạ uy tín của các đồng chí lãnh đạo Đảng và Nhà nước.',0,''),
(2010,583,'D. Cả 3 đáp án trên.',1,''),
(2011,584,'A. Gây hoang mang, dao động về tư tưởng lý luận; Gây dựng nhiều tổ chức để chống phá cách mạng Việt Nam; Phát tán tài liệu có nội dung xấu độc.',0,''),
(2012,584,'B. Tạo lập các website, blog, facebook, fanpage giả mạo của các cơ quan, tổ chức, cá nhân có uy tín để đăng tải thông tin xuyên tạc; Kích động chống đối thông qua các hội, nhóm, tài khoản trên mạng xã hội.',0,''),
(2013,584,'C. Soạn thảo các văn bản dưới dạng “tâm thư”, “thư ngỏ”, “thư góp ý” để thể hiện những ý kiến trái ngược với quan điểm của Đảng, Nhà nước nhằm gây nhiễu loạn thông tin. Sử dụng các trạng mạng xã hội để kêu gọi biểu tình, tụ tập trái phép, phá rối an ninh trật tự, kích động bạo loạn.',0,''),
(2014,584,'D. Cả 3 đáp án trên',1,''),
(2015,585,'A. “Tăng cường bảo vệ nền tảng tư tưởng của Đảng, đấu tranh phản bác các quan điểm sai trái, thù địch trong tình hình mới”.',1,''),
(2016,585,'B. “Tăng cường bảo vệ nền tảng tư tưởng của Đảng, đấu tranh phản bác các quan điểm sai trái, thù địch trên không gian mạng”.',0,''),
(2017,586,'A. Bảo vệ Đảng, Cương lĩnh chính trị, đường lối của Đảng; Bảo vệ nhân dân, Nhà nước pháp quyền xã hội chủ nghĩa Việt Nam.',0,''),
(2018,586,'B. Bảo vệ công cuộc đổi mới, công nghiệp hóa, hiện đại hóa đất nước và hội nhập quốc tế.',0,''),
(2019,586,'C. Bảo vệ lợi ích quốc gia, dân tộc; giữ gìn môi trường hòa bình, ổn định để phát triển đất nước.',0,''),
(2020,586,'D. Cả 3 đáp án trên.',1,''),
(2021,587,'A. 3 quan điểm',0,''),
(2022,587,'B. 4 quan điểm',0,''),
(2023,587,'C. 5 quan điểm',0,''),
(2024,587,'D. 6 quan điểm',1,''),
(2025,588,'A. Kế hoạch số 33-KH/TU, ngày 20/6/2019',0,''),
(2026,588,'B. Kế hoạch số 133-KH/TU, ngày 20/6/2019',1,''),
(2027,589,'A. Lần thứ 2.',0,''),
(2028,589,'B. Lần thứ 3.',0,''),
(2029,589,'C. Lần thứ 4.',1,''),
(2030,589,'D. Lần thứ 5.',0,''),
(2031,590,'A. kiên quyết',0,''),
(2032,590,'B. nâng cao chất lượng',0,''),
(2033,590,'C. kiên quyết, kiên trì',1,''),
(2034,590,'D. nâng cao hiệu quả',0,''),
(2035,591,'A. mặt trận văn hóa',0,''),
(2036,591,'B. mặt trận tư tưởng',1,''),
(2037,591,'C. mặt trận tư tưởng, chính trị',0,''),
(2038,591,'D. mặt trận tư tưởng, văn hóa',0,''),
(2039,592,'A. Cấp Trung ương và cấp tỉnh',0,''),
(2040,592,'B. Cấp Trung ương, cấp tỉnh và cấp huyện',1,''),
(2041,593,'A. Quy định số 85- QĐ/TW, ngày 7/10/2022 của Ban Bí thư Trung ương Đảng.',0,''),
(2042,593,'B. Quy định số 921-QĐ/TU, ngày 08/02/2023 của Ban Thường vụ Tỉnh ủy Quảng Trị.',0,''),
(2043,593,'C. Hướng dẫn số 99-HD/BTGTW, ngày 20/3/2023 của Ban Tuyên giáo Trung ương.',0,''),
(2044,593,'D. Cả 3 đáp án trên.',1,''),
(2045,594,'A. Học tập và làm theo tư tưởng, đạo đức, phong cách Hồ Chí Minh về thực hiện trách nhiệm nêu gương; đổi mới sáng tạo; khơi dậy ý chí tự lực tự cường, khát vọng xây dựng cuộc sống ấm no, hạnh phúc, đưa tỉnh Quảng Trị phát triển nhanh, bền vững.',0,''),
(2046,594,'B. Học tập và làm theo tư tưởng, đạo đức, phong cách Hồ Chí Minh về xây dựng văn hóa, con người Việt Nam đáp ứng yêu cầu phát triển bền vững quê hương, đất nước.',0,''),
(2047,594,'C. Học tập và làm theo tư tưởng, đạo đức, phong cách Hồ Chí Minh về phòng chống tham nhũng, tiêu cực.',0,''),
(2048,594,'D. Tất cả các đáp án trên.',1,''),
(2049,595,'A. Năm 2025.',1,''),
(2050,595,'B. Năm 2030.',0,''),
(2051,595,'C. Năm 2035.',0,''),
(2052,596,'A. Hoàn thành việc chỉnh lý, tái bản, xuất bản 2 tập lịch sử Đảng bộ tỉnh.',0,''),
(2053,596,'B. Hoàn thành việc chỉnh lý, tái bản, xuất bản 3 tập lịch sử Đảng bộ tỉnh.',0,''),
(2054,596,'C. Hoàn thành việc chỉnh lý, tái bản, xuất bản 4 tập lịch sử Đảng bộ tỉnh.',1,''),
(2055,597,'A. 100%.',1,''),
(2056,597,'B. 98%',0,''),
(2057,597,'C. 95%',0,''),
(2058,597,'D. 90%.',0,''),
(2059,598,'A. 1.122 đảng viên/năm.',1,''),
(2060,598,'B. 1.000 đảng viên/năm.',0,''),
(2061,598,'C. 1.200 đảng viên/năm.',0,''),
(2062,599,'A. Tháng 6/2022.',1,''),
(2063,599,'B. Tháng 7/2022.',0,''),
(2064,599,'C. Tháng 8/2022.',0,''),
(2065,600,'A. Phong trào “Dân vận khéo”.',1,''),
(2066,600,'B. Chương trình “Nâng bước chân em đến trường”.',0,''),
(2067,600,'C. Chương trình “Kết nghĩa bản – bản hai bên biên giới”.',0,''),
(2068,601,'A. 100 đại biểu',0,''),
(2069,601,'B. 50 đại biểu',1,''),
(2070,601,'C. 30 đại biểu',0,''),
(2071,602,'A. Tầm nhìn đến năm 2035.',0,''),
(2072,602,'B. Tầm nhìn đến năm 2045.',0,''),
(2073,602,'C. Tầm nhìn đến năm 2050.',1,''),
(2074,603,'A. Chỉ số năng lực cạnh tranh cấp tỉnh.',1,''),
(2075,603,'B. Chỉ số cải cách hành chính.',0,''),
(2076,603,'C. Chỉ số hiệu quả quản trị và hành chính công cấp tỉnh.',0,''),
(2077,604,'A. Đạt từ 2-3%.',0,''),
(2078,604,'B. Đạt từ 3-4%.',1,''),
(2079,604,'C. Đạt từ 4-5%.',0,''),
(2080,605,'A. 290 đại biểu',0,''),
(2081,605,'B. 291 đại biểu',1,''),
(2082,605,'C. 300 đại biểu',0,''),
(2083,606,'A. Giám sát thường xuyên',0,''),
(2084,606,'B. Giám sát chuyên đề',0,''),
(2085,606,'C. Tất cả các đáp án trên.',1,''),
(2086,607,'A. 115 đơn vị hành chính cấp xã.',0,''),
(2087,607,'B. 125 đơn vị hành chính cấp xã.',1,''),
(2088,607,'C. 135 đơn vị hành chính cấp xã.',0,''),
(2089,608,'A. Cấp tỉnh.',1,''),
(2090,608,'B. Cấp huyện.',0,''),
(2091,608,'C. Cả hai đáp án trên.',0,''),
(2092,609,'A. Tốc độ tăng trưởng kinh tế bình quân (tính theo GRDP).',1,''),
(2093,609,'B. Tỷ lệ người dân sử dụng nước hợp vệ sinh ở nông thôn.',0,''),
(2094,610,'A. Dự án đường bộ cao tốc  Cam Lộ - Lao Bảo.',0,''),
(2095,610,'B. Dự án Khu bến cảng Mỹ Thủy.',0,''),
(2096,610,'C. Dự án Khu công nghiệp Quảng Trị.',0,''),
(2097,610,'D. Tất cả các đáp án trên.',1,''),
(2098,611,'A. Nghị quyết số 01- NQ/TU, ngày 4/11/2021 của Tỉnh ủy về đẩy mạnh cải cách hành chính tỉnh Quảng Trị giai đoạn 2021-2025.',0,''),
(2099,611,'B. Nghị quyết số 02-NQ/TU ngày 4/11/2021 của Tỉnh ủy về chuyển đổi số tỉnh Quảng Trị đến năm 2025 định hướng đến năm 2030.',0,''),
(2100,611,'C. Tất cả các đáp án trên.',1,''),
(2101,612,'A. Kế thừa bản sắc, cội nguồn văn hóa và truyền thống dân tộc.',0,''),
(2102,612,'B. Tiếp thu có chọn lọc tinh hoa thế giới và tư tưởng tiến bộ của thời đại.',0,''),
(2103,612,'C. Phát triển trên nền tảng lý luận của chủ nghĩa Mác - Lê-nin, tư tưởng Hồ Chí Minh.',0,''),
(2104,612,'D. Tất cả các đáp án trên.',1,''),
(2105,613,'A. Phá thế bị bao vây, cấm vận, tạo dựng và củng cố ngày càng vững chắc cục diện đối ngoại rộng mở, đa phương hóa, đa dạng hóa, thuận lợi cho công cuộc đổi mới.',0,''),
(2106,613,'B. Giữ vững môi trường hòa bình, ổn định, góp phần quan trọng vào việc bảo vệ vững chắc độc lập, chủ quyền, quyền chủ quyền, thống nhất và toàn vẹn lãnh thổ của đất nước. ',0,''),
(2107,613,'C. Vị thế và uy tín quốc tế của nước ta trong khu vực và trên thế giới ngày càng được nâng cao…',0,''),
(2108,613,'D. Tất cả các đáp án trên.',1,''),
(2109,614,'Nghị quyết số 13-NQ/TW, ngày 20/5/1988 của Bộ Chính trị khóa VI.',0,''),
(2110,614,'B. Nghị quyết số 34-NQ/TW, ngày 9/01/2023 của Bộ Chính trị khóa XIII.',0,''),
(2111,615,'A. Văn kiện Đại hội đại biểu toàn quốc lần thứ XI của Đảng.',0,''),
(2112,615,'B. Văn kiện Đại hội đại biểu toàn quốc lần thứ VIII của Đảng.',1,''),
(2113,615,'C. Văn kiện Đại hội đại biểu toàn quốc lần thứ V của Đảng.',0,''),
(2114,616,'A. Đại hội VII.',1,''),
(2115,616,'B. Đại hội V.',0,''),
(2116,616,'C. Đại hội IV.',0,''),
(2117,617,'A. Đại hội XI.',1,''),
(2118,617,'B. Đại hội VI.',0,''),
(2119,617,'C. Đại hội V.',0,''),
(2120,618,'A. Hợp tác khi có thể, đối đầu khi cần thiết.',1,''),
(2121,618,'B. “Biết mình, biết người”, “biết thời, biết thế”.',0,''),
(2122,618,'C. Linh hoạt về sách lược, “dĩ bất biến, ứng vạn biến”.',0,''),
(2123,619,'A. Đối ngoại, ngoại giao dưới sự lãnh đạo trực tiếp, toàn diện của Đảng, quản lý của Nhà nước đã phát huy sức mạnh tổng hợp của toàn dân tộc, sự đoàn kết của cả hệ thống chính trị, tạo nên cục diện đối ngoại rộng mở, đa phương hóa, đa dạng hoá, đóng góp tích cực vào công cuộc đổi mới đất nước. ',0,''),
(2124,619,'B. Đối ngoại, ngoại giao đã phối hợp chặt chẽ với các ngành, các lĩnh vực, phát huy vai trò tiên phong trong giữ vững môi trường hòa bình, ổn định, bảo vệ Đảng, bảo vệ Nhà nước, bảo vệ vững chắc chủ quyền, thống nhất và toàn vẹn lãnh thổ của đất nước. ',0,''),
(2125,619,'C. Đối ngoại và hội nhập kinh tế quốc tế đã góp phần quan trọng trong việc huy động các nguồn lực từ bên ngoài để đẩy mạnh công nghiệp hóa, hiện đại hóa và phát triển kinh tế - xã hội. ',0,''),
(2126,619,'D. Tất cả các đáp án trên.',1,''),
(2127,620,'A. Công tác đối ngoại, ngoại giao có lúc còn bị động, chưa kịp thời trong phát hiện và xử lý các biến động mới ở khu vực và quốc tế có tác động đến Việt Nam.',0,''),
(2128,620,'B. Quan hệ với một số đối tác, kể cả đối tác chiến lược, toàn diện chưa sâu sắc, còn “điểm nghẽn” cản trở việc phát huy tiềm năng hợp tác.',0,''),
(2129,620,'C. Chúng ta còn chưa thật sự tự tin thể hiện xứng tầm với thế và lực mới của đất nước, chưa thực sự mang tâm thế mới của Việt Nam trong ứng xử đối ngoại và xử lý các mối quan hệ song phương cũng như đa phương trước những điều chỉnh nhanh chóng về chiến lược và quan hệ của các nước lớn.',0,''),
(2130,620,'D.Tất cả các đáp án trên.',1,''),
(2131,621,'A. Bảo đảm sự lãnh đạo trực tiếp, toàn diện của Đảng, quản lý tập trung của Nhà nước đối với công tác đối ngoại, ngoại giao. ',0,''),
(2132,621,'B. Kiên trì về nguyên tắc, linh hoạt về sách lược, “dĩ bất biến, ứng vạn biến”; bảo đảm cao nhất lợi ích quốc gia - dân tộc trên cơ sở luật pháp quốc tế. ',0,''),
(2133,621,'C. Kết hợp hài hòa sức mạnh dân tộc với sức mạnh thời đại, xử lý hài hòa mối quan hệ giữa lợi ích, dân tộc và nghĩa vụ, trách nhiệm quốc tế.',0,''),
(2134,621,'D. Tất cả các đáp án trên.',1,''),
(2135,622,'A. Bảo đảm cao nhất lợi ích quốc gia - dân tộc. Lợi ích cao nhất của quốc gia - dân tộc chính là bảo vệ vững chắc độc lập, chủ quyền, thống nhất, toàn vẹn lãnh thổ; bảo vệ Đảng, Nhà nước, nhân dân và chế độ xã hội chủ nghĩa; giữ vững môi trường hòa bình, ổn định.',0,''),
(2136,622,'B. Huy động và sử dụng hiệu quả các nguồn lực bên ngoài để phát triển, không ngừng nâng cao tiềm lực, vị thế, uy tín quốc tế của đất nước.',0,''),
(2137,622,'C. Tất cả các đáp án trên.',1,''),
(2138,623,'A.Vận dụng nhuần nhuyễn và khéo léo bài học “dĩ bất biến, ứng vạn biến”.',0,''),
(2139,623,'B. Kết hợp chặt chẽ giữa mục tiêu chiến lược với tính linh hoạt, uyển chuyển của sách lược tùy theo vấn đề, tùy từng thời điểm và đối tượng hay đối tác.',0,''),
(2140,623,'C. Kiên trì mục tiêu “bất biến” là độc lập, chủ quyền và toàn vẹn lãnh thổ; kiên định mục tiêu xây dựng đất nước theo con đường xã hội chủ nghĩa, “dân giàu, nước mạnh, dân chủ, công bằng, văn minh”.',0,''),
(2141,623,'D. Tất cả các đáp án trên.',1,''),
(2142,624,'A. Không ngừng đổi mới tư duy về đối ngoại. ',0,''),
(2143,624,'B. Chú trọng, làm tốt công tác nghiên cứu, dự báo, tham mưu chiến lược về đối ngoại. ',0,''),
(2144,624,'C. Phát huy vai trò tiên phong của đối ngoại, ngoại giao trong việc tạo lập và giữ vững môi trường hòa bình, ổn định, bảo vệ độc lập, chủ quyền, toàn vẹn lãnh thổ và bảo vệ chế độ xã hội chủ nghĩa. ',0,''),
(2145,624,'D. Tất cả các đáp án trên.',1,''),
(2146,625,'A. Thực hiện nhất quán đường lối đối ngoại độc lập, tự chủ, hòa bình, hữu nghị, hợp tác và phát triển, đa phương hóa, đa dạng hóa.',0,''),
(2147,625,'B. Độc lập, tự chủ đồng nghĩa với việc mọi quyết định phải trên cơ sở lợi ích quốc gia - dân tộc và các nguyên tắc chung của cộng đồng quốc tế.',0,''),
(2148,625,'C. Cả 2 đáp án trên.',1,''),
(2149,626,'A. “Tự hào và tin tưởng dưới lá cờ vẻ vang của Đảng, quyết tâm xây dựng một nước Việt Nam ngày càng giàu mạnh, văn minh, văn hiến và anh hùng”.',1,''),
(2150,626,'B. “Kế thừa, phát huy truyền thống dân tộc, tư tưởng Hồ Chí Minh, xây dựng nền đối ngoại, ngoại giao toàn diện, hiện đại mang đậm bản sắc “cây tre Việt Nam””.',0,''),
(2151,626,'C. “Một số vấn đề về đường lối quân sự, chiến lược quốc phòng trong sự nghiệp xây dựng và bảo vệ Tổ quốc Việt Nam xã hội chủ nghĩa thời kỳ mới”.',0,''),
(2152,626,'D. “Kiên quyết, kiên trì đấu tranh phòng, chống tham nhũng, tiêu cực, góp phần xây dựng Đảng và Nhà nước ngày càng trong sạch, vững mạnh”',0,''),
(2153,627,'A. Có 3 phần.',1,''),
(2154,627,'B. Có 4 phần.',0,''),
(2155,627,'C. Có 5 phần.',0,''),
(2156,628,'A. Kinh tế thị trường định hướng xã hội chủ nghĩa là nền kinh tế thị trường hiện đại, hội nhập quốc tế, vận hành đầy đủ, đồng bộ theo các quy luật của kinh tế thị trường, có sự quản lý của Nhà nước pháp quyền xã hội chủ nghĩa, do Đảng Cộng sản Việt Nam lãnh đạo; bảo đảm định hướng xã hội chủ nghĩa, nhằm mục tiêu dân giàu, nước mạnh, xã hội công bằng, dân chủ, văn minh.',0,''),
(2157,628,'B. Đó là một kiểu kinh tế thị trường mới trong lịch sử phát triển của kinh tế thị trường; một kiểu tổ chức kinh tế vừa tuân theo những quy luật của kinh tế thị trường vừa dựa trên cơ sở và được dẫn dắt, chi phối bởi các nguyên tắc và bản chất của chủ nghĩa xã hội, thể hiện trên cả ba mặt: Sở hữu, tổ chức quản lý và phân phối.',0,''),
(2158,628,'C. Trong nền kinh tế thị trường định hướng xã hội chủ nghĩa có nhiều hình thức sở hữu, nhiều thành phần kinh tế. Các thành phần kinh tế hoạt động theo pháp luật đều là bộ phận hợp thành quan trọng của nền kinh tế, bình đẳng trước pháp luật cùng phát triển lâu dài, hợp tác và cạnh tranh lành mạnh. Trong đó, kinh tế nhà nước giữ vai trò chủ đạo; kinh tế tập thể, kinh tế hợp tác không ngừng được củng cố và phát triển; kinh tế tư nhân là một động lực quan trọng của nền kinh tế; kinh tế có vốn đầu tư nước ngoài được khuyến khích phát triển phù hợp với chiến lược, quy hoạch phát triển kinh tế-xã hội.',0,''),
(2159,628,'D. Tất cả các đáp án trên.',1,''),
(2160,629,'A. Kinh tế nhà nước;',0,''),
(2161,629,'B. Kinh tế tập thể, kinh tế hợp tác;',0,''),
(2162,629,'C. Kinh tế tư nhân;',0,''),
(2163,629,'D. Kinh tế có vốn đầu tư nước ngoài.',0,''),
(2164,629,'E. Tất cả các đáp án trên.',1,''),
(2184,632,'A. Gần 80%.',1,''),
(2185,632,'B. Gần 75%.',0,''),
(2186,632,'C. Trên 85%.',0,''),
(2187,633,'A. 46/132 nước được xếp hạng.',1,''),
(2188,633,'B. 64/132 nước được xếp hạng',0,''),
(2189,633,'C. 46/123 nước được xếp hạng',0,''),
(2190,634,'A. Có 12,0 bác sĩ và 32 giường bệnh trên 1 vạn dân; 87% số xã đạt chuẩn nông thôn mới.',0,''),
(2191,634,'B. Có 12,1 bác sĩ và 23 giường bệnh trên 1 vạn dân; 87% số xã đạt chuẩn nông thôn mới.',0,''),
(2192,634,'C. Có 12,5 bác sĩ và 32 giường bệnh trên 1 vạn dân; 78% số xã đạt chuẩn nông thôn mới.',1,''),
(2193,635,'A. 3 nước quan hệ đặc biệt, 6 nước đối tác chiến lược toàn diện, 12 nước đối tác chiến lược và 12 nước đối tác toàn diện.',1,''),
(2194,635,'B. 4 nước quan hệ đặc biệt, 6 nước đối tác chiến lược toàn diện, 12 nước đối tác chiến lược và 13 nước đối tác toàn diện.',0,''),
(2195,635,'C. 5 nước quan hệ đặc biệt, 6 nước đối tác chiến lược toàn diện, 13 nước đối tác chiến lược và 13 nước đối tác toàn diện.',0,''),
(2196,636,'A. Đứng thứ 14 trong số 163 nước được xếp hạng.',0,''),
(2197,636,'B. Đứng thứ 31 trong số 163 nước được xếp hạng.',0,''),
(2198,636,'C. Đứng thứ 41 trong số 163 nước được xếp hạng.',1,''),
(2199,637,'A. 7%/năm',1,''),
(2200,637,'B. 6,8%/năm',0,''),
(2201,637,'C. 6,5%/năm',0,''),
(2202,638,'A. Truyền thống trung thành vô hạn với lợi ích của dân tộc và giai cấp, kiên định mục tiêu, lý tưởng độc lập dân tộc gắn liền với chủ nghĩa xã hội trên cơ sở chủ nghĩa Mác-Lênin và tư tưởng Hồ Chí Minh. ',0,''),
(2203,638,'B. Truyền thống giữ vững độc lập, tự chủ về đường lối; nắm vững, vận dụng và phát triển sáng tạo chủ nghĩa Mác-Lênin, tham khảo kinh nghiệm của quốc tế để đề ra đường lối đúng và tổ chức thực hiện có hiệu quả các nhiệm vụ cách mạng.',0,''),
(2204,638,'C. Truyền thống gắn bó máu thịt giữa Đảng và nhân dân, luôn luôn lấy việc phục vụ Nhân dân làm lẽ sống và mục tiêu phấn đấu. ',0,''),
(2205,638,'D. Truyền thống đoàn kết thống nhất, có tổ chức và kỷ luật chặt chẽ, nghiêm minh trên cơ sở nguyên tắc tập trung dân chủ, tự phê bình, phê bình và tình thương yêu đồng chí. ',0,''),
(2206,638,'E. Truyền thống đoàn kết quốc tế thuỷ chung, trong sáng dựa trên những nguyên tắc và mục tiêu cao cả.',0,''),
(2207,638,'F. Tất cả các đáp án trên.',1,''),
(2208,639,'A. Cần tiếp tục đẩy mạnh và làm tốt hơn nữa công tác xây dựng, chỉnh đốn Đảng và hệ thống chính trị thực sự trong sạch, vững mạnh, đặc biệt là hệ thống các cơ quan lập pháp, hành pháp và tư pháp từ Trung ương đến địa phương. Xây dựng Chính phủ, chính quyền các địa phương thật sự trong sạch, liêm chính, vững mạnh, hoạt động hiệu lực, hiệu quả. Cụ thể là, phải có chương trình, kế hoạch triển khai thực hiện một cách nghiêm túc, ráo riết, có kết quả cụ thể các nghị quyết, kết luận của Trung ương về vấn đề này, nhất là Nghị quyết Trung ương 4 khóa XII và Kết luận của Hội nghị Trung ương 4 khóa XIII về đẩy mạnh xây dựng, chỉnh đốn Đảng và hệ thống chính trị; kiên quyết ngăn chặn, đẩy lùi, xử lý nghiêm những cán bộ, đảng viên suy thoái về tư tưởng chính trị, đạo đức, lối sống, có biểu hiện &quot;tự diễn biến&quot;, &quot;tự chuyển hóa&quot;, gắn với việc học tập và làm theo tư tưởng, đạo đức, phong cách Hồ Chí Minh.',0,''),
(2209,639,'B. Làm tốt hơn nữa công tác cán bộ để lựa chọn, bố trí đúng những người thật sự có đức, có tài, liêm chính, tâm huyết; thật sự vì nước, vì dân vào các vị trí lãnh đạo của bộ máy Nhà nước. Kiên quyết đấu tranh loại bỏ những người sa vào tham nhũng, hư hỏng; chống mọi biểu hiện chạy chức, chạy quyền, cục bộ, ưu ái tuyển dụng người nhà, người thân không đủ tiêu chuẩn. Phát huy dân chủ, nâng cao ý thức trách nhiệm, nêu gương; tinh thần phục vụ nhân dân của cán bộ, công chức, viên chức. Có cơ chế, chính sách khuyến khích, bảo vệ những người năng động, sáng tạo, dám nghĩ, dám làm, dám chịu trách nhiệm.',0,''),
(2210,639,'C. Siết chặt kỷ luật, kỷ cương; thường xuyên kiểm tra, đôn đốc, tạo chuyển biến mạnh mẽ trong việc thực thi công vụ; nâng cao đạo đức, văn hóa, tính chuyên nghiệp của cán bộ, công chức, viên chức. Kiên trì, kiên quyết đấu tranh phòng, chống tham nhũng, tiêu cực gắn với việc đẩy mạnh xây dựng, hoàn thiện luật pháp, cơ chế, chính sách để &quot;không thể, không dám, không muốn tham nhũng&quot;.',0,''),
(2211,639,'D. Tất cả các câu trên',1,''),
(2212,640,'A. Trùng Khánh (Trung Quốc).',0,''),
(2213,640,'B.  Hương Cảng (Trung Quốc).',1,''),
(2214,640,'C.  Quảng Châu (Trung Quốc).',0,''),
(2215,641,'A. Triết học Mác - Lênin.',0,''),
(2216,641,'B. Kinh tế chính trị Mác – Lênin.',0,''),
(2217,641,'C. Chủ nghĩa xã hội khoa học.',0,''),
(2218,641,'D. Tất cả các đáp án trên.',1,''),
(2219,642,'A. 3 nội dung.',0,''),
(2220,642,'B. 4 nội dung.',1,''),
(2221,642,'C. 5 nội dung.',0,''),
(2222,643,'A. Chủ nghĩa Mác - Lênin là một hệ thống lý luận khoa học, thể hiện trong toàn bộ các nguyên lý cấu thành học thuyết, trước hết là các nguyên lý cơ bản.',0,''),
(2223,643,'B. Chủ nghĩa Mác - Lênin là sự thống nhất hữu cơ giữa thế giới quan khoa học và phương pháp luận mác-xít.',0,''),
(2224,643,'C. Chủ nghĩa Mác - Lênin là học thuyết giải phóng xã hội, giải phóng giai cấp, giải phóng con người với con đường, lực lượng, phương thức đạt mục tiêu đó.',0,''),
(2225,643,'D. Chủ nghĩa Mác - Lênin là một học thuyết mở, không ngừng tự đổi mới, tự phát triển trong dòng trí tuệ của nhân loại.',0,''),
(2226,643,'E. Tất cả các đáp án trên.',1,''),
(2227,644,'A. Chủ nghĩa Mác - Lênin;',0,''),
(2228,644,'B. Các giá trị truyền thống tốt đẹp của dân tộc;',0,''),
(2229,644,'C. Tinh hoa văn hóa nhân loại;',0,''),
(2230,644,'D. Những nhân tố chủ quan thuộc về phẩm chất cá nhân của Chủ tịch Hồ Chí Minh;',0,''),
(2231,644,'E. Tất cả các đáp án trên.',1,''),
(2232,645,'A. Tư duy độc lập, tự chủ, sáng tạo cộng với sự nhận xét, phê phán tinh tường, sáng suốt trong việc nghiên cứu, tìm hiểu;',0,''),
(2233,645,'B. Sự khổ công học tập nhằm chiếm lĩnh vốn tri thức phong phú của nhân loại, học tập kinh nghiệm đấu tranh của phong trào giải phóng dân tộc, phong trào công nhân quốc tế;',0,''),
(2234,645,'C. Ý chí của một nhà yêu nước, một chiến sĩ cộng sản nhiệt thành cách mạng, một trái tim yêu nước, thương dân, thương yêu những người cùng khổ, sẵn sàng chịu đựng hy sinh vì độc lập của Tổ quốc, vì tự do, hạnh phúc của đồng bào.',0,''),
(2235,645,'D. Tất cả các đáp án trên.',1,''),
(2236,646,'A. 8 nội dung cơ bản.',0,''),
(2237,646,'B. 9 nội dung cơ bản.',1,''),
(2238,646,'C. 10 nội dung cơ bản.',0,''),
(2239,647,'A. Phải nâng cao chất lượng tuyên truyền, giáo dục lý luận chính trị làm cho toàn Đảng, toàn dân “ai cũng phải hiểu, ai cũng phải theo” chủ nghĩa Mác - Lênin, tư tưởng Hồ Chí Minh, tin tưởng vào chủ trương, đường lối của Đảng, chính sách, pháp luật của Nhà nước.',0,''),
(2240,647,'B. Tăng cường thống nhất nhận thức và hành động trong Đảng cũng như ngoài Đảng về tinh thần luôn kiên định, vận dụng và phát triển sáng tạo chủ nghĩa Mác - Lênin, tư tưởng Hồ Chí Minh.',0,''),
(2241,647,'C. Tất cả các đáp án trên.',1,''),
(2242,648,'A. Lênin',0,''),
(2243,648,'B. C.Mác',1,''),
(2244,648,'C. Ph. Ăngghen',0,''),
(2245,649,'A. Đại hội X',0,''),
(2246,649,'B. Đại hội XI',1,''),
(2247,649,'C. Đại hội XII',0,''),
(2248,650,'A. Chính cương Đảng Lao động Việt Nam (tháng 2 năm 1951)',0,''),
(2249,650,'B. Cương lĩnh xây dựng đất nước trong thời kỳ quá độ lên chủ nghĩa xã hội (tháng 6 năm 1991)',0,''),
(2250,650,'C. Cương lĩnh xây dựng đất nước trong thời kỳ quá độ lên chủ nghĩa xã hội (bổ sung, phát triển năm 2011)',1,''),
(2251,651,'A. Đúng',1,''),
(2252,651,'B. Sai',0,''),
(2253,652,'A. Đúng',1,''),
(2254,652,'B. Sai',0,''),
(2255,653,'A. Đúng',1,''),
(2256,653,'B. Sai',0,''),
(2257,654,'A. Đúng',1,''),
(2258,654,'B. Sai',0,''),
(2259,631,'A. Tại Đại hội XIII của Đảng.',1,''),
(2260,631,'B. Tại Đại hội XI của Đảng.',0,''),
(2261,631,'C. Tại Đại hội X của Đảng.',0,''),
(2262,630,'A. Là nền văn hóa tiên tiến, đậm đà bản sắc dân tộc, một nền văn hóa thống nhất trong đa dạng, dựa trên các giá trị tiến bộ, nhân văn; chủ nghĩa Mác-Lênin và tư tưởng Hồ Chí Minh giữ vai trò chủ đạo trong đời sống tinh thần xã hội;',0,''),
(2263,630,'B. Kế thừa và phát huy những giá trị truyền thống tốt đẹp của tất cả các dân tộc trong nước, tiếp thu những thành tựu, tinh hoa văn hóa nhân loại.',0,''),
(2264,630,'C. Cả hai đáp án trên.',1,''),
(2265,551,'A. Tiên phong.',0,''),
(2266,551,'B. Gương mẫu.',0,''),
(2267,551,'C. Tiên phong, gương mẫu.',1,''),
(2268,558,'A. Góp phần',0,''),
(2269,558,'B. Xây dựng',0,''),
(2270,558,'C. Góp phần xây dựng',1,''),
(2271,536,'A. 70 chi bộ, với trên 400 đảng viên',1,''),
(2272,536,'B. 70 chi bộ, với trên 500 đảng viên',0,''),
(2273,536,'C. 70 chi bộ, với trên 600 đảng viên',0,''),
(2274,536,'D. 70 chi bộ, với trên 700 đảng viên',0,''),
(2275,537,'A. cách mạng ruộng đất',0,''),
(2276,537,'B. dân tộc giải phóng',1,''),
(2277,537,'C. dân sinh dân chủ',0,''),
(2278,537,'D. chống chủ nghĩa phát xít và chiến tranh đế quốc',0,''),
(2279,517,'A. Viện kiểm sát nhân dân tối cao',0,''),
(2280,517,'B. Toàn án nhân dân tối cao',0,''),
(2281,517,'C. Uỷ ban Thường vụ Quốc hội',0,''),
(2282,517,'D. Chính phủ',1,''),
(2283,519,'A. pháp luật, chiến lược, quy hoạch, kế hoạch',0,''),
(2284,519,'B. pháp luật, chiến lược, quy hoạch, kế hoạch và các công cụ điều tiết trên cơ sở các quy luật thị trường.',1,''),
(2285,519,'C. Cả hai đáp án đều sai',0,''),
(2286,520,'A. Hiến pháp và pháp luật',1,''),
(2287,520,'B. nguyên tắc tập trung dân chủ',0,''),
(2288,520,'C. Cả hai đáp án trên',0,''),
(2289,512,'A. lập pháp, hành pháp',0,''),
(2290,512,'B. lập pháp, tư pháp',0,''),
(2291,512,'C. lập pháp, hành pháp, tư pháp',1,'');

/*Table structure for table `olala3w_location` */

DROP TABLE IF EXISTS `olala3w_location`;

CREATE TABLE `olala3w_location` (
  `location_id` int(11) NOT NULL AUTO_INCREMENT,
  `location_menu_id` int(11) NOT NULL,
  `name` varchar(255) NOT NULL,
  `is_active` int(1) NOT NULL DEFAULT 1,
  `hot` int(1) NOT NULL DEFAULT 0,
  `created_time` int(11) NOT NULL DEFAULT 0,
  `modified_time` int(11) NOT NULL DEFAULT 0,
  `user_id` int(11) NOT NULL DEFAULT 0,
  PRIMARY KEY (`location_id`)
) ENGINE=InnoDB DEFAULT CHARSET=utf8;

/*Data for the table `olala3w_location` */

/*Table structure for table `olala3w_location_menu` */

DROP TABLE IF EXISTS `olala3w_location_menu`;

CREATE TABLE `olala3w_location_menu` (
  `location_menu_id` int(11) NOT NULL AUTO_INCREMENT,
  `category_id` int(11) NOT NULL,
  `name` varchar(255) NOT NULL,
  `parent` int(11) NOT NULL DEFAULT 0,
  `sort` int(11) NOT NULL DEFAULT 1,
  `is_active` int(1) NOT NULL DEFAULT 1,
  `hot` int(1) NOT NULL DEFAULT 0,
  `img` varchar(255) DEFAULT 'no',
  `created_time` int(11) NOT NULL DEFAULT 0,
  `modified_time` int(11) NOT NULL DEFAULT 0,
  `user_id` int(11) NOT NULL DEFAULT 0,
  PRIMARY KEY (`location_menu_id`)
) ENGINE=InnoDB DEFAULT CHARSET=utf8;

/*Data for the table `olala3w_location_menu` */

/*Table structure for table `olala3w_notify` */

DROP TABLE IF EXISTS `olala3w_notify`;

CREATE TABLE `olala3w_notify` (
  `notify_id` double NOT NULL AUTO_INCREMENT,
  `msg` int(11) NOT NULL,
  `type` varchar(255) NOT NULL,
  `post` int(11) NOT NULL DEFAULT 0,
  `created_time` int(11) NOT NULL DEFAULT 0,
  `user_id` int(11) NOT NULL DEFAULT 0,
  PRIMARY KEY (`notify_id`)
) ENGINE=InnoDB AUTO_INCREMENT=137 DEFAULT CHARSET=utf8;

/*Data for the table `olala3w_notify` */

insert  into `olala3w_notify`(`notify_id`,`msg`,`type`,`post`,`created_time`,`user_id`) values 
(99,14,'examination',20,1722049246,1),
(100,14,'examination',20,1722049413,1),
(101,14,'examination',20,1722049422,1),
(102,13,'examination',21,1723084146,1),
(103,12,'user',48,1723084938,0),
(104,14,'examination',21,1723084994,1),
(105,13,'examination',22,1723164337,1),
(106,13,'examination',23,1723366511,1),
(107,13,'examination',24,1723389165,1),
(108,14,'examination',24,1723389764,1),
(109,13,'examination',25,1723435630,1),
(110,13,'examination',26,1723561456,1),
(111,12,'user',49,1723561628,0),
(112,14,'examination',26,1723563187,1),
(113,14,'examination',26,1723563442,1),
(114,13,'examination',27,1723563516,1),
(115,14,'examination',27,1723563781,1),
(116,14,'examination',26,1723565802,1),
(117,14,'examination',26,1723565807,1),
(118,14,'examination',26,1723565831,1),
(119,13,'examination',28,1723567352,1),
(120,14,'examination',28,1723568812,1),
(121,14,'examination',28,1723568843,1),
(122,14,'examination',28,1723568852,1),
(123,14,'examination',28,1723568859,1),
(124,14,'examination',28,1723568869,1),
(125,14,'examination',28,1723568875,1),
(126,14,'examination',28,1723568881,1),
(127,14,'examination',28,1723568900,1),
(128,14,'examination',28,1723568906,1),
(129,14,'examination',28,1723568928,1),
(130,14,'examination',28,1723568982,1),
(131,14,'examination',28,1723569005,1),
(132,14,'examination',28,1723569016,1),
(133,14,'examination',28,1723569026,1),
(134,13,'examination',29,1723569168,1),
(135,12,'user',50,1723569510,0),
(136,14,'examination',29,1723605860,1);

/*Table structure for table `olala3w_notify_logs` */

DROP TABLE IF EXISTS `olala3w_notify_logs`;

CREATE TABLE `olala3w_notify_logs` (
  `notify_logs_id` double NOT NULL AUTO_INCREMENT,
  `notify_status_id` double NOT NULL DEFAULT 0,
  `ip` varchar(255) NOT NULL,
  `session` varchar(255) NOT NULL,
  `agent` varchar(255) NOT NULL,
  `modified_time` int(11) NOT NULL DEFAULT 0,
  PRIMARY KEY (`notify_logs_id`)
) ENGINE=InnoDB DEFAULT CHARSET=utf8;

/*Data for the table `olala3w_notify_logs` */

/*Table structure for table `olala3w_notify_status` */

DROP TABLE IF EXISTS `olala3w_notify_status`;

CREATE TABLE `olala3w_notify_status` (
  `notify_status_id` double NOT NULL AUTO_INCREMENT,
  `type` int(1) NOT NULL DEFAULT 0,
  `notify_id` double NOT NULL DEFAULT 0,
  `user_id` int(11) NOT NULL DEFAULT 0,
  `status` int(1) NOT NULL DEFAULT 0,
  `modified_time` int(11) NOT NULL DEFAULT 0,
  PRIMARY KEY (`notify_status_id`)
) ENGINE=InnoDB AUTO_INCREMENT=788 DEFAULT CHARSET=utf8;

/*Data for the table `olala3w_notify_status` */

insert  into `olala3w_notify_status`(`notify_status_id`,`type`,`notify_id`,`user_id`,`status`,`modified_time`) values 
(423,1,99,1,1,1722049246),
(424,1,99,42,0,1722049246),
(425,1,99,41,0,1722049246),
(426,1,99,40,0,1722049246),
(427,1,99,39,0,1722049246),
(428,1,99,31,1,1722932416),
(429,1,99,32,0,1722049246),
(430,1,99,33,0,1722049246),
(431,1,99,35,0,1722049246),
(432,1,99,36,0,1722049246),
(433,1,99,37,0,1722049246),
(434,1,99,38,0,1722049246),
(435,1,99,43,0,1722049246),
(436,1,99,44,0,1722049246),
(437,1,99,45,0,1722049246),
(438,1,99,46,0,1722049246),
(439,1,99,47,0,1722049246),
(440,0,99,1,1,1722049404),
(441,1,100,1,1,1722049413),
(442,1,100,42,0,1722049413),
(443,1,100,41,0,1722049413),
(444,1,100,40,0,1722049413),
(445,1,100,39,0,1722049413),
(446,1,100,31,1,1722932416),
(447,1,100,32,0,1722049413),
(448,1,100,33,0,1722049413),
(449,1,100,35,0,1722049413),
(450,1,100,36,0,1722049413),
(451,1,100,37,0,1722049413),
(452,1,100,38,0,1722049413),
(453,1,100,43,0,1722049413),
(454,1,100,44,0,1722049413),
(455,1,100,45,0,1722049413),
(456,1,100,46,0,1722049413),
(457,1,100,47,0,1722049413),
(458,0,100,1,1,1722049413),
(459,1,101,1,1,1722049422),
(460,1,101,42,0,1722049422),
(461,1,101,41,0,1722049422),
(462,1,101,40,0,1722049422),
(463,1,101,39,0,1722049422),
(464,1,101,31,1,1722932416),
(465,1,101,32,0,1722049422),
(466,1,101,33,0,1722049422),
(467,1,101,35,0,1722049422),
(468,1,101,36,0,1722049422),
(469,1,101,37,0,1722049422),
(470,1,101,38,0,1722049422),
(471,1,101,43,0,1722049422),
(472,1,101,44,0,1722049422),
(473,1,101,45,0,1722049422),
(474,1,101,46,0,1722049422),
(475,1,101,47,0,1722049422),
(476,0,101,1,1,1722049422),
(477,1,102,1,1,1723084146),
(478,1,102,42,0,1723084146),
(479,1,102,41,0,1723084146),
(480,1,102,40,0,1723084146),
(481,1,102,39,0,1723084146),
(482,1,102,31,0,1723084146),
(483,1,102,32,0,1723084146),
(484,1,102,33,0,1723084146),
(485,1,102,35,0,1723084146),
(486,1,102,36,0,1723084146),
(487,1,102,37,0,1723084146),
(488,1,102,38,0,1723084146),
(489,1,102,43,0,1723084146),
(490,1,102,44,0,1723084146),
(491,1,102,45,0,1723084146),
(492,1,102,46,0,1723084146),
(493,1,102,47,0,1723084146),
(494,0,102,1,1,1723084146),
(495,0,103,1,0,1723084938),
(496,1,104,1,1,1723084994),
(497,1,104,42,0,1723084994),
(498,1,104,41,0,1723084994),
(499,1,104,40,0,1723084994),
(500,1,104,39,0,1723084994),
(501,1,104,31,0,1723084994),
(502,1,104,32,0,1723084994),
(503,1,104,33,0,1723084994),
(504,1,104,35,0,1723084994),
(505,1,104,36,0,1723084994),
(506,1,104,37,0,1723084994),
(507,1,104,38,0,1723084994),
(508,1,104,43,0,1723084994),
(509,1,104,44,0,1723084994),
(510,1,104,45,0,1723084994),
(511,1,104,46,0,1723084994),
(512,1,104,47,0,1723084994),
(513,1,104,48,0,1723084994),
(514,0,104,1,1,1723084994),
(515,1,105,1,1,1723164337),
(516,1,105,42,0,1723164337),
(517,1,105,41,0,1723164337),
(518,1,105,40,0,1723164337),
(519,1,105,39,0,1723164337),
(520,1,105,31,0,1723164337),
(521,1,105,32,0,1723164337),
(522,1,105,33,0,1723164337),
(523,1,105,35,0,1723164337),
(524,1,105,36,0,1723164337),
(525,1,105,37,0,1723164337),
(526,1,105,38,0,1723164337),
(527,1,105,43,0,1723164337),
(528,1,105,44,0,1723164337),
(529,1,105,45,0,1723164337),
(530,1,105,46,0,1723164337),
(531,1,105,47,0,1723164337),
(532,1,105,48,0,1723164337),
(533,0,105,1,1,1723164337),
(534,1,106,1,1,1723366511),
(535,1,106,42,0,1723366511),
(536,1,106,41,0,1723366511),
(537,1,106,40,0,1723366511),
(538,1,106,39,0,1723366511),
(539,1,106,31,0,1723366511),
(540,1,106,32,0,1723366511),
(541,1,106,33,0,1723366511),
(542,1,106,35,0,1723366511),
(543,1,106,36,0,1723366511),
(544,1,106,37,0,1723366511),
(545,1,106,38,0,1723366511),
(546,1,106,43,0,1723366511),
(547,1,106,44,0,1723366511),
(548,1,106,45,0,1723366511),
(549,1,106,46,0,1723366511),
(550,1,106,47,0,1723366511),
(551,1,106,48,0,1723366511),
(552,0,106,1,1,1723366511),
(553,1,107,1,1,1723389165),
(554,1,107,42,0,1723389165),
(555,1,107,41,0,1723389165),
(556,1,107,40,0,1723389165),
(557,1,107,39,0,1723389165),
(558,1,107,31,1,1723475694),
(559,1,107,32,0,1723389165),
(560,1,107,33,0,1723389165),
(561,1,107,35,0,1723389165),
(562,1,107,36,0,1723389165),
(563,1,107,37,0,1723389165),
(564,1,107,38,0,1723389165),
(565,1,107,43,0,1723389165),
(566,1,107,44,0,1723389165),
(567,1,107,45,0,1723389165),
(568,1,107,46,0,1723389165),
(569,1,107,47,0,1723389165),
(570,1,107,48,0,1723389165),
(571,0,107,1,1,1723389165),
(572,1,108,1,1,1723389764),
(573,1,108,42,0,1723389764),
(574,1,108,41,0,1723389764),
(575,1,108,40,0,1723389764),
(576,1,108,39,0,1723389764),
(577,1,108,31,1,1723475694),
(578,1,108,32,0,1723389764),
(579,1,108,33,0,1723389764),
(580,1,108,35,0,1723389764),
(581,1,108,36,0,1723389764),
(582,1,108,37,0,1723389764),
(583,1,108,38,0,1723389764),
(584,1,108,43,0,1723389764),
(585,1,108,44,0,1723389764),
(586,1,108,45,0,1723389764),
(587,1,108,46,0,1723389764),
(588,1,108,47,0,1723389764),
(589,1,108,48,0,1723389764),
(590,0,108,1,1,1723389764),
(591,1,109,1,1,1723435630),
(592,1,109,42,0,1723435630),
(593,1,109,41,0,1723435630),
(594,1,109,40,0,1723435630),
(595,1,109,39,0,1723435630),
(596,1,109,31,0,1723435630),
(597,1,109,32,0,1723435630),
(598,1,109,33,0,1723435630),
(599,1,109,35,0,1723435630),
(600,1,109,36,0,1723435630),
(601,1,109,37,0,1723435630),
(602,1,109,38,0,1723435630),
(603,1,109,43,0,1723435630),
(604,1,109,44,0,1723435630),
(605,1,109,45,0,1723435630),
(606,1,109,46,0,1723435630),
(607,1,109,47,0,1723435630),
(608,1,109,48,0,1723435630),
(609,0,109,1,1,1723435630),
(610,1,110,1,1,1723561456),
(611,1,110,42,0,1723561456),
(612,1,110,41,0,1723561456),
(613,1,110,40,0,1723561456),
(614,1,110,39,0,1723561456),
(615,1,110,31,0,1723561456),
(616,1,110,32,0,1723561456),
(617,1,110,33,0,1723561456),
(618,1,110,35,0,1723561456),
(619,1,110,36,0,1723561456),
(620,1,110,37,0,1723561456),
(621,1,110,38,0,1723561456),
(622,1,110,43,0,1723561456),
(623,1,110,44,0,1723561456),
(624,1,110,45,0,1723561456),
(625,1,110,46,0,1723561456),
(626,1,110,47,0,1723561456),
(627,1,110,48,0,1723561456),
(628,0,110,1,1,1723561456),
(629,0,111,1,0,1723561628),
(630,1,112,1,1,1723563187),
(631,1,112,42,0,1723563187),
(632,1,112,41,0,1723563187),
(633,1,112,40,0,1723563187),
(634,1,112,39,0,1723563187),
(635,1,112,31,0,1723563187),
(636,1,112,32,0,1723563187),
(637,1,112,33,0,1723563187),
(638,1,112,35,0,1723563187),
(639,1,112,36,0,1723563187),
(640,1,112,37,0,1723563187),
(641,1,112,38,0,1723563187),
(642,1,112,43,0,1723563187),
(643,1,112,44,0,1723563187),
(644,1,112,45,0,1723563187),
(645,1,112,46,0,1723563187),
(646,1,112,47,0,1723563187),
(647,1,112,48,0,1723563187),
(648,1,112,49,0,1723563187),
(649,0,112,1,1,1723563187),
(650,1,113,1,1,1723563442),
(651,1,113,42,0,1723563442),
(652,1,113,41,0,1723563442),
(653,1,113,40,0,1723563442),
(654,1,113,39,0,1723563442),
(655,1,113,31,0,1723563442),
(656,1,113,32,0,1723563442),
(657,1,113,33,0,1723563442),
(658,1,113,35,0,1723563442),
(659,1,113,36,0,1723563442),
(660,1,113,37,0,1723563442),
(661,1,113,38,0,1723563442),
(662,1,113,43,0,1723563442),
(663,1,113,44,0,1723563442),
(664,1,113,45,0,1723563442),
(665,1,113,46,0,1723563442),
(666,1,113,47,0,1723563442),
(667,1,113,48,0,1723563442),
(668,1,113,49,0,1723563442),
(669,0,113,1,1,1723563442),
(670,1,114,1,1,1723563516),
(671,1,114,42,0,1723563516),
(672,1,114,41,0,1723563516),
(673,1,114,40,0,1723563516),
(674,1,114,39,0,1723563516),
(675,1,114,31,0,1723563516),
(676,1,114,32,0,1723563516),
(677,1,114,33,0,1723563516),
(678,1,114,35,0,1723563516),
(679,1,114,36,0,1723563516),
(680,1,114,37,0,1723563516),
(681,1,114,38,0,1723563516),
(682,1,114,43,0,1723563516),
(683,1,114,44,0,1723563516),
(684,1,114,45,0,1723563516),
(685,1,114,46,0,1723563516),
(686,1,114,47,0,1723563516),
(687,1,114,48,0,1723563516),
(688,1,114,49,0,1723563516),
(689,0,114,1,1,1723563516),
(690,1,115,1,1,1723563781),
(691,1,115,42,0,1723563781),
(692,1,115,41,0,1723563781),
(693,1,115,40,0,1723563781),
(694,1,115,39,0,1723563781),
(695,1,115,31,0,1723563781),
(696,1,115,32,0,1723563781),
(697,1,115,33,0,1723563781),
(698,1,115,35,0,1723563781),
(699,1,115,36,0,1723563781),
(700,1,115,37,0,1723563781),
(701,1,115,38,0,1723563781),
(702,1,115,43,0,1723563781),
(703,1,115,44,0,1723563781),
(704,1,115,45,0,1723563781),
(705,1,115,46,0,1723563781),
(706,1,115,47,0,1723563781),
(707,1,115,48,0,1723563781),
(708,1,115,49,0,1723563781),
(709,0,115,1,1,1723563781),
(710,1,116,1,1,1723565802),
(711,1,116,42,0,1723565802),
(712,1,116,41,0,1723565802),
(713,1,116,40,0,1723565802),
(714,1,116,39,0,1723565802),
(715,1,116,31,0,1723565802),
(716,1,116,32,0,1723565802),
(717,1,116,33,0,1723565802),
(718,1,116,35,0,1723565802),
(719,1,116,36,0,1723565802),
(720,1,116,37,0,1723565802),
(721,1,116,38,0,1723565802),
(722,1,116,43,0,1723565802),
(723,1,116,44,0,1723565802),
(724,1,116,45,0,1723565802),
(725,1,116,46,0,1723565802),
(726,1,116,47,0,1723565802),
(727,1,116,48,0,1723565802),
(728,1,116,49,0,1723565802),
(729,0,116,1,1,1723565802),
(730,1,117,1,1,1723565807),
(731,1,117,42,0,1723565807),
(732,1,117,41,0,1723565807),
(733,1,117,40,0,1723565807),
(734,1,117,39,0,1723565807),
(735,1,117,31,0,1723565807),
(736,1,117,32,0,1723565807),
(737,1,117,33,0,1723565807),
(738,1,117,35,0,1723565807),
(739,1,117,36,0,1723565807),
(740,1,117,37,0,1723565807),
(741,1,117,38,0,1723565807),
(742,1,117,43,0,1723565807),
(743,1,117,44,0,1723565807),
(744,1,117,45,0,1723565807),
(745,1,117,46,0,1723565807),
(746,1,117,47,0,1723565807),
(747,1,117,48,0,1723565807),
(748,1,117,49,0,1723565807),
(749,0,117,1,1,1723565807),
(750,1,118,1,1,1723565831),
(751,1,118,42,0,1723565831),
(752,1,118,41,0,1723565831),
(753,1,118,40,0,1723565831),
(754,1,118,39,0,1723565831),
(755,1,118,31,0,1723565831),
(756,1,118,32,0,1723565831),
(757,1,118,33,0,1723565831),
(758,1,118,35,0,1723565831),
(759,1,118,36,0,1723565831),
(760,1,118,37,0,1723565831),
(761,1,118,38,0,1723565831),
(762,1,118,43,0,1723565831),
(763,1,118,44,0,1723565831),
(764,1,118,45,0,1723565831),
(765,1,118,46,0,1723565831),
(766,1,118,47,0,1723565831),
(767,1,118,48,0,1723565831),
(768,1,118,49,0,1723565831),
(769,0,118,1,1,1723565831),
(770,0,119,1,1,1723567352),
(771,0,120,1,1,1723568812),
(772,0,121,1,1,1723568843),
(773,0,122,1,1,1723568852),
(774,0,123,1,1,1723568859),
(775,0,124,1,1,1723568869),
(776,0,125,1,1,1723568875),
(777,0,126,1,1,1723568881),
(778,0,127,1,1,1723568900),
(779,0,128,1,1,1723568906),
(780,0,129,1,1,1723568928),
(781,0,130,1,1,1723568982),
(782,0,131,1,1,1723569005),
(783,0,132,1,1,1723569016),
(784,0,133,1,1,1723569026),
(785,0,134,1,1,1723569168),
(786,0,135,1,0,1723569510),
(787,0,136,1,1,1723605860);

/*Table structure for table `olala3w_online` */

DROP TABLE IF EXISTS `olala3w_online`;

CREATE TABLE `olala3w_online` (
  `online_id` int(11) NOT NULL AUTO_INCREMENT,
  `ip` varchar(255) NOT NULL,
  `created_time` int(11) NOT NULL,
  `site` varchar(255) NOT NULL,
  `agent` varchar(255) NOT NULL,
  `user_id` int(11) NOT NULL DEFAULT 0,
  PRIMARY KEY (`online_id`)
) ENGINE=MyISAM AUTO_INCREMENT=19180 DEFAULT CHARSET=utf8;

/*Data for the table `olala3w_online` */

insert  into `olala3w_online`(`online_id`,`ip`,`created_time`,`site`,`agent`,`user_id`) values 
(19119,'::1',1723605976,'url=uploads/user/no-avatar-0.png','Mozilla/5.0 (Windows NT 10.0; Win64; x64) AppleWebKit/537.36 (KHTML, like Gecko) Chrome/127.0.0.0 Safari/537.36',0),
(19135,'127.0.0.1',1723604387,'url=uploads/user/no-avatar-0.png','Mozilla/5.0 (Windows NT 10.0; Win64; x64; rv:129.0) Gecko/20100101 Firefox/129.0',0),
(19136,'127.0.0.1',1723604387,'url=uploads/user/no-avatar-0.png','Mozilla/5.0 (Windows NT 10.0; Win64; x64; rv:129.0) Gecko/20100101 Firefox/129.0',0),
(19137,'127.0.0.1',1723604397,'url=uploads/user/no-avatar-0.png','Mozilla/5.0 (Windows NT 10.0; Win64; x64; rv:129.0) Gecko/20100101 Firefox/129.0',0),
(19138,'127.0.0.1',1723604397,'url=uploads/user/no-avatar-0.png','Mozilla/5.0 (Windows NT 10.0; Win64; x64; rv:129.0) Gecko/20100101 Firefox/129.0',0),
(19139,'127.0.0.1',1723604975,'url=uploads/user/no-avatar-0.png','Mozilla/5.0 (Windows NT 10.0; Win64; x64; rv:129.0) Gecko/20100101 Firefox/129.0',0),
(19140,'127.0.0.1',1723604975,'url=uploads/user/no-avatar-0.png','Mozilla/5.0 (Windows NT 10.0; Win64; x64; rv:129.0) Gecko/20100101 Firefox/129.0',0),
(19141,'127.0.0.1',1723605091,'url=uploads/user/no-avatar-0.png','Mozilla/5.0 (Windows NT 10.0; Win64; x64; rv:129.0) Gecko/20100101 Firefox/129.0',0),
(19142,'127.0.0.1',1723605091,'url=uploads/user/no-avatar-0.png','Mozilla/5.0 (Windows NT 10.0; Win64; x64; rv:129.0) Gecko/20100101 Firefox/129.0',0),
(19143,'::1',1723605976,'url=uploads/user/no-avatar-0.png','Mozilla/5.0 (Windows NT 10.0; Win64; x64) AppleWebKit/537.36 (KHTML, like Gecko) Chrome/127.0.0.0 Safari/537.36',0),
(19144,'127.0.0.1',1723605272,'url=uploads/user/no-avatar-0.png','Mozilla/5.0 (Windows NT 10.0; Win64; x64; rv:129.0) Gecko/20100101 Firefox/129.0',0),
(19145,'127.0.0.1',1723605272,'url=uploads/user/no-avatar-0.png','Mozilla/5.0 (Windows NT 10.0; Win64; x64; rv:129.0) Gecko/20100101 Firefox/129.0',0),
(19146,'127.0.0.1',1723605276,'url=uploads/user/no-avatar-0.png','Mozilla/5.0 (Windows NT 10.0; Win64; x64; rv:129.0) Gecko/20100101 Firefox/129.0',0),
(19147,'127.0.0.1',1723605276,'url=uploads/user/no-avatar-0.png','Mozilla/5.0 (Windows NT 10.0; Win64; x64; rv:129.0) Gecko/20100101 Firefox/129.0',0),
(19148,'127.0.0.1',1723605280,'url=uploads/user/no-avatar-0.png','Mozilla/5.0 (Windows NT 10.0; Win64; x64; rv:129.0) Gecko/20100101 Firefox/129.0',0),
(19149,'127.0.0.1',1723605280,'url=uploads/user/no-avatar-0.png','Mozilla/5.0 (Windows NT 10.0; Win64; x64; rv:129.0) Gecko/20100101 Firefox/129.0',0),
(19150,'127.0.0.1',1723605283,'url=uploads/user/no-avatar-0.png','Mozilla/5.0 (Windows NT 10.0; Win64; x64; rv:129.0) Gecko/20100101 Firefox/129.0',0),
(19151,'127.0.0.1',1723605285,'url=uploads/user/no-avatar-0.png','Mozilla/5.0 (Windows NT 10.0; Win64; x64; rv:129.0) Gecko/20100101 Firefox/129.0',0),
(19152,'127.0.0.1',1723605285,'url=uploads/user/no-avatar-0.png','Mozilla/5.0 (Windows NT 10.0; Win64; x64; rv:129.0) Gecko/20100101 Firefox/129.0',0),
(19153,'127.0.0.1',1723605287,'url=uploads/user/no-avatar-0.png','Mozilla/5.0 (Windows NT 10.0; Win64; x64; rv:129.0) Gecko/20100101 Firefox/129.0',0),
(19154,'127.0.0.1',1723605321,'url=uploads/user/no-avatar-0.png','Mozilla/5.0 (Windows NT 10.0; Win64; x64; rv:129.0) Gecko/20100101 Firefox/129.0',0),
(19155,'127.0.0.1',1723605329,'url=uploads/user/no-avatar-0.png','Mozilla/5.0 (Windows NT 10.0; Win64; x64; rv:129.0) Gecko/20100101 Firefox/129.0',0),
(19156,'127.0.0.1',1723605358,'url=uploads/user/no-avatar-0.png','Mozilla/5.0 (Windows NT 10.0; Win64; x64; rv:129.0) Gecko/20100101 Firefox/129.0',0),
(19157,'::1',1723605976,'url=uploads/user/no-avatar-0.png','Mozilla/5.0 (Windows NT 10.0; Win64; x64) AppleWebKit/537.36 (KHTML, like Gecko) Chrome/127.0.0.0 Safari/537.36',0),
(19158,'127.0.0.1',1723605656,'url=uploads/user/no-avatar-0.png','Mozilla/5.0 (Windows NT 10.0; Win64; x64; rv:129.0) Gecko/20100101 Firefox/129.0',0),
(19159,'127.0.0.1',1723605798,'url=uploads/user/no-avatar-0.png','Mozilla/5.0 (Windows NT 10.0; Win64; x64; rv:129.0) Gecko/20100101 Firefox/129.0',0),
(19160,'127.0.0.1',1723605853,'url=uploads/user/no-avatar-0.png','Mozilla/5.0 (Windows NT 10.0; Win64; x64; rv:129.0) Gecko/20100101 Firefox/129.0',0),
(19161,'127.0.0.1',1723605855,'url=uploads/user/no-avatar-0.png','Mozilla/5.0 (Windows NT 10.0; Win64; x64; rv:129.0) Gecko/20100101 Firefox/129.0',0),
(19162,'127.0.0.1',1723605860,'url=uploads/user/no-avatar-0.png','Mozilla/5.0 (Windows NT 10.0; Win64; x64; rv:129.0) Gecko/20100101 Firefox/129.0',0),
(19163,'127.0.0.1',1723605861,'url=uploads/user/no-avatar-0.png','Mozilla/5.0 (Windows NT 10.0; Win64; x64; rv:129.0) Gecko/20100101 Firefox/129.0',0),
(19164,'127.0.0.1',1723605863,'url=uploads/user/no-avatar-0.png','Mozilla/5.0 (Windows NT 10.0; Win64; x64; rv:129.0) Gecko/20100101 Firefox/129.0',0),
(19165,'127.0.0.1',1723605872,'url=uploads/user/no-avatar-0.png','Mozilla/5.0 (Windows NT 10.0; Win64; x64; rv:129.0) Gecko/20100101 Firefox/129.0',0),
(19166,'127.0.0.1',1723605906,'url=uploads/user/no-avatar-0.png','Mozilla/5.0 (Windows NT 10.0; Win64; x64; rv:129.0) Gecko/20100101 Firefox/129.0',0),
(19167,'127.0.0.1',1723605910,'url=uploads/user/no-avatar-0.png','Mozilla/5.0 (Windows NT 10.0; Win64; x64; rv:129.0) Gecko/20100101 Firefox/129.0',0),
(19168,'127.0.0.1',1723605913,'url=uploads/user/no-avatar-0.png','Mozilla/5.0 (Windows NT 10.0; Win64; x64; rv:129.0) Gecko/20100101 Firefox/129.0',0),
(19169,'127.0.0.1',1723605917,'url=uploads/user/no-avatar-0.png','Mozilla/5.0 (Windows NT 10.0; Win64; x64; rv:129.0) Gecko/20100101 Firefox/129.0',0),
(19170,'127.0.0.1',1723605926,'url=uploads/user/no-avatar-0.png','Mozilla/5.0 (Windows NT 10.0; Win64; x64; rv:129.0) Gecko/20100101 Firefox/129.0',0),
(19171,'127.0.0.1',1723605926,'url=uploads/user/no-avatar-0.png','Mozilla/5.0 (Windows NT 10.0; Win64; x64; rv:129.0) Gecko/20100101 Firefox/129.0',0),
(19172,'127.0.0.1',1723605929,'url=uploads/user/no-avatar-0.png','Mozilla/5.0 (Windows NT 10.0; Win64; x64; rv:129.0) Gecko/20100101 Firefox/129.0',0),
(19173,'127.0.0.1',1723605930,'url=uploads/user/no-avatar-0.png','Mozilla/5.0 (Windows NT 10.0; Win64; x64; rv:129.0) Gecko/20100101 Firefox/129.0',0),
(19174,'127.0.0.1',1723606021,'url=uploads/user/no-avatar-0.png','Mozilla/5.0 (Windows NT 10.0; Win64; x64; rv:129.0) Gecko/20100101 Firefox/129.0',0),
(19175,'127.0.0.1',1723606021,'url=uploads/user/no-avatar-0.png','Mozilla/5.0 (Windows NT 10.0; Win64; x64; rv:129.0) Gecko/20100101 Firefox/129.0',0),
(19176,'127.0.0.1',1723606048,'url=uploads/user/no-avatar-0.png','Mozilla/5.0 (Windows NT 10.0; Win64; x64; rv:129.0) Gecko/20100101 Firefox/129.0',0),
(19177,'127.0.0.1',1723606048,'url=uploads/user/no-avatar-0.png','Mozilla/5.0 (Windows NT 10.0; Win64; x64; rv:129.0) Gecko/20100101 Firefox/129.0',0),
(19178,'127.0.0.1',1723606149,'url=uploads/user/no-avatar-0.png','Mozilla/5.0 (Windows NT 10.0; Win64; x64; rv:129.0) Gecko/20100101 Firefox/129.0',0),
(19179,'127.0.0.1',1723606149,'url=uploads/user/no-avatar-0.png','Mozilla/5.0 (Windows NT 10.0; Win64; x64; rv:129.0) Gecko/20100101 Firefox/129.0',0);

/*Table structure for table `olala3w_online_daily` */

DROP TABLE IF EXISTS `olala3w_online_daily`;

CREATE TABLE `olala3w_online_daily` (
  `online_daily_id` int(11) NOT NULL AUTO_INCREMENT,
  `date` date NOT NULL,
  `count` int(11) NOT NULL DEFAULT 0,
  PRIMARY KEY (`online_daily_id`)
) ENGINE=MyISAM AUTO_INCREMENT=625 DEFAULT CHARSET=utf8;

/*Data for the table `olala3w_online_daily` */

insert  into `olala3w_online_daily`(`online_daily_id`,`date`,`count`) values 
(1,'2014-08-18',3),
(2,'2014-08-17',1),
(3,'2014-08-14',102),
(4,'2014-08-06',100),
(5,'2014-08-16',3),
(6,'2014-08-13',10),
(7,'2014-08-11',40),
(8,'2014-08-09',90),
(9,'2014-08-15',82),
(10,'2014-08-12',207),
(11,'2014-08-10',10),
(12,'2014-08-08',7),
(13,'2014-08-07',13),
(14,'2014-08-19',13),
(15,'2014-08-20',9),
(16,'2014-08-21',135),
(17,'2014-08-22',5),
(18,'2014-09-27',7),
(19,'2014-09-28',16),
(20,'2014-09-29',5),
(21,'2014-09-30',14),
(22,'2014-10-01',16),
(23,'2014-10-02',12),
(24,'2014-10-03',7),
(25,'2014-10-04',1),
(26,'2014-10-05',2),
(27,'2014-10-07',4),
(28,'2014-10-08',11),
(29,'2014-10-14',1),
(30,'2014-10-20',1),
(31,'2014-10-26',4),
(32,'2014-10-27',9),
(33,'2014-10-28',11),
(34,'2014-10-29',13),
(35,'2014-10-30',10),
(36,'2014-10-31',14),
(37,'2014-11-01',8),
(38,'2014-11-02',12),
(39,'2014-11-03',2),
(40,'2014-11-05',4),
(41,'2014-11-06',2),
(42,'2014-11-07',4),
(43,'2014-11-08',1),
(44,'2014-11-09',1),
(45,'2014-11-10',11),
(46,'2014-11-11',8),
(47,'2014-11-12',3),
(48,'2014-11-13',5),
(49,'2014-11-14',6),
(50,'2014-11-15',1),
(51,'2014-11-16',1),
(52,'2014-11-17',4),
(53,'2014-11-18',1),
(54,'2014-11-19',4),
(55,'2014-11-20',1),
(56,'2014-11-21',4),
(57,'2014-11-22',1),
(58,'2014-11-23',16),
(59,'2014-11-24',1),
(60,'2014-11-25',5),
(61,'2014-11-27',15),
(62,'2014-11-28',18),
(63,'2014-11-29',10),
(64,'2014-11-30',10),
(65,'2014-12-01',6),
(66,'2014-12-02',13),
(67,'2014-12-03',9),
(68,'2014-12-04',9),
(69,'2014-12-05',7),
(70,'2014-12-06',1),
(71,'2014-12-08',5),
(72,'2014-12-09',2),
(73,'2014-12-10',5),
(74,'2014-12-11',13),
(75,'2014-12-12',4),
(76,'2014-12-16',2),
(77,'2014-12-20',11),
(78,'2014-12-21',6),
(79,'2014-12-22',5),
(80,'2014-12-23',3),
(81,'2014-12-24',1),
(82,'2014-12-26',2),
(83,'2014-12-27',10),
(84,'0000-00-00',1),
(85,'2014-12-28',15),
(86,'2014-12-29',11),
(87,'2014-12-30',1),
(88,'2015-01-02',11),
(89,'2015-01-03',4),
(90,'2015-01-04',2),
(91,'2015-01-05',9),
(92,'2015-01-06',7),
(93,'2015-01-07',1),
(94,'2015-01-08',7),
(95,'2015-01-09',13),
(96,'2015-01-10',2),
(97,'2015-01-12',1),
(98,'2015-01-19',2),
(99,'2015-01-20',12),
(100,'2015-01-21',8),
(101,'2015-01-22',43),
(102,'2015-01-23',36),
(103,'2015-01-24',34),
(104,'2015-01-24',34),
(105,'2015-01-25',46),
(106,'2015-01-26',51),
(107,'2015-01-27',53),
(108,'2015-01-28',46),
(109,'2015-01-29',471),
(110,'2015-01-30',191),
(111,'2015-01-31',106),
(112,'2015-02-01',61),
(113,'2015-02-02',37),
(114,'2015-02-03',53),
(115,'2015-02-04',66),
(116,'2015-02-05',63),
(117,'2015-02-06',86),
(118,'2015-02-07',63),
(119,'2015-02-08',68),
(120,'2015-02-09',64),
(121,'2015-02-10',46),
(122,'2015-02-11',53),
(123,'2015-02-12',28),
(124,'2015-02-13',155),
(125,'2015-02-14',43),
(126,'2015-02-15',27),
(127,'2015-02-16',22),
(128,'2015-02-17',20),
(129,'2015-02-18',19),
(130,'2015-02-19',16),
(131,'2015-02-20',18),
(132,'2015-02-21',33),
(133,'2015-02-22',31),
(134,'2015-02-23',34),
(135,'2015-02-24',22),
(136,'2015-02-25',26),
(137,'2015-02-26',34),
(138,'2015-02-27',19),
(139,'2015-02-28',5),
(140,'2015-03-01',12),
(141,'2015-03-02',24),
(142,'2015-03-03',48),
(143,'2015-03-04',49),
(144,'2015-03-05',43),
(145,'2015-03-06',33),
(146,'2015-03-07',52),
(147,'2015-03-08',26),
(148,'2015-03-09',46),
(149,'2015-03-10',37),
(150,'2015-03-11',47),
(151,'2015-03-12',33),
(152,'2015-03-13',28),
(153,'2015-03-14',2),
(154,'2015-03-16',5),
(155,'2015-03-17',18),
(156,'2015-03-18',11),
(157,'2015-03-19',21),
(158,'2015-03-20',18),
(159,'2015-03-21',3),
(160,'2015-05-06',5),
(161,'2015-05-07',4),
(162,'2015-05-08',3),
(163,'2015-05-09',2),
(164,'2015-05-10',8),
(165,'2015-05-11',3),
(166,'2015-05-12',4),
(167,'2015-05-15',1),
(168,'2015-05-16',2),
(169,'2015-05-17',2),
(170,'2015-05-18',1),
(171,'2015-05-19',3),
(172,'2015-05-23',1),
(173,'2015-05-24',1),
(174,'2015-05-25',2),
(175,'2015-05-26',2),
(176,'2015-05-27',4),
(177,'2015-05-28',4),
(178,'2015-05-29',3),
(179,'2015-05-31',3),
(180,'2015-06-01',1),
(181,'2015-06-02',2),
(182,'2015-06-03',3),
(183,'2015-06-04',3),
(184,'2015-06-05',1),
(185,'2015-06-06',1),
(186,'2015-06-08',1),
(187,'2015-06-09',2),
(188,'2015-06-10',1),
(189,'2015-06-11',2),
(190,'2015-06-12',3),
(191,'2015-06-13',2),
(192,'2015-06-14',1),
(193,'2015-06-15',4),
(194,'2015-06-16',1),
(195,'2015-06-17',1),
(196,'2015-06-18',1),
(197,'2015-06-21',1),
(198,'2015-06-22',3),
(199,'2015-06-23',1),
(200,'2015-06-24',8),
(201,'2015-06-28',1),
(202,'2015-06-29',3),
(203,'2015-06-30',4),
(204,'2015-07-01',4),
(205,'2015-07-02',3),
(206,'2015-07-03',3),
(207,'2015-07-06',1),
(208,'2015-07-07',1),
(209,'2015-07-12',4),
(210,'2015-07-13',6),
(211,'2015-07-14',29),
(212,'2015-07-15',190),
(213,'2015-07-16',361),
(214,'2015-07-17',354),
(215,'2015-07-18',238),
(216,'2015-07-19',343),
(217,'2015-07-20',802),
(218,'2015-07-21',1926),
(219,'2015-07-22',1349),
(220,'2015-07-23',1648),
(221,'2015-07-24',2370),
(222,'2015-07-25',4986),
(223,'2015-07-26',2251),
(224,'2015-07-27',3882),
(225,'2015-07-28',3496),
(226,'2015-07-29',3603),
(227,'2015-07-30',2778),
(228,'2015-07-31',5),
(229,'2015-08-01',2),
(230,'2015-08-02',3),
(231,'2015-08-03',2),
(232,'2015-08-05',5),
(233,'2015-08-06',1),
(234,'2015-08-07',5),
(235,'2015-08-08',8),
(236,'2015-08-09',7),
(237,'2015-08-10',6),
(238,'2015-08-11',1),
(239,'2015-08-12',2),
(240,'2015-08-13',3),
(241,'2015-08-14',1),
(242,'2015-08-16',2),
(243,'2015-08-17',2),
(244,'2015-08-18',1),
(245,'2015-08-28',2),
(246,'2015-08-29',1),
(247,'2015-08-30',1),
(248,'2015-08-31',3),
(249,'2015-09-01',1),
(250,'2015-09-04',1),
(251,'2015-09-05',1),
(252,'2015-09-06',1),
(253,'2015-09-07',1),
(254,'2015-09-08',1),
(255,'2015-09-09',3),
(256,'2015-09-10',3),
(257,'2015-09-11',2),
(258,'2015-09-17',1),
(259,'2015-09-27',3),
(260,'2015-09-28',2),
(261,'2015-10-19',1),
(262,'2015-10-20',4),
(263,'2015-10-21',1),
(264,'2015-10-24',1),
(265,'2015-10-25',5),
(266,'2015-10-26',22),
(267,'2015-10-27',36),
(268,'2015-11-10',1),
(269,'2015-11-11',3),
(270,'2015-11-12',22),
(271,'2015-11-13',45),
(272,'2015-11-14',9),
(273,'2015-11-15',27),
(274,'2015-11-16',36),
(275,'2015-11-17',24),
(276,'2015-11-18',10),
(277,'2015-11-19',14),
(278,'2015-11-20',7),
(279,'2015-11-21',5),
(280,'2015-11-22',1),
(281,'2015-11-23',12),
(282,'2015-11-24',5),
(283,'2015-11-27',1),
(284,'2015-11-28',2),
(285,'2015-11-29',1),
(286,'2015-11-30',4),
(287,'2015-12-01',38),
(288,'2015-12-02',34),
(289,'2015-12-03',41),
(290,'2015-12-04',34),
(291,'2015-12-09',1),
(292,'2015-12-19',1),
(293,'2015-12-20',2),
(294,'2015-12-21',7),
(295,'2015-12-22',5),
(296,'2015-12-23',52),
(297,'2015-12-24',37),
(298,'2015-12-25',39),
(299,'2015-12-26',13),
(300,'2015-12-27',2),
(301,'2015-12-28',18),
(302,'2015-12-29',9),
(303,'2015-12-30',16),
(304,'2015-12-31',6),
(305,'2016-01-07',3),
(306,'2016-01-08',3),
(307,'2016-01-09',7),
(308,'2016-01-10',1),
(309,'2016-01-12',7),
(310,'2016-01-13',4),
(311,'2016-01-14',4),
(312,'2016-01-15',14),
(313,'2016-01-16',66),
(314,'2016-01-17',45),
(315,'2016-01-18',31),
(316,'2016-01-19',7),
(317,'2016-01-20',12),
(318,'2016-01-21',5),
(319,'2016-01-22',7),
(320,'2016-01-23',4),
(321,'2016-01-24',1),
(322,'2016-01-25',25),
(323,'2016-01-26',1),
(324,'2016-01-27',11),
(325,'2016-01-28',40),
(326,'2016-01-29',35),
(327,'2016-01-30',6),
(328,'2016-02-01',14),
(329,'2016-02-02',40),
(330,'2016-02-03',163),
(331,'2016-02-04',81),
(332,'2016-02-05',63),
(333,'2016-02-06',52),
(334,'2016-02-07',38),
(335,'2016-02-08',35),
(336,'2016-02-09',48),
(337,'2016-02-10',39),
(338,'2016-02-11',34),
(339,'2016-02-12',74),
(340,'2016-02-13',56),
(341,'2016-02-14',60),
(342,'2016-02-15',104),
(343,'2016-02-16',59),
(344,'2016-02-17',58),
(345,'2016-02-18',43),
(346,'2016-02-19',2),
(347,'2016-02-20',2),
(348,'2016-02-22',3),
(349,'2016-03-01',1),
(350,'2016-03-04',3),
(351,'2016-03-04',3),
(352,'2016-03-07',1),
(353,'2016-03-08',1),
(354,'2016-03-09',14),
(355,'2016-03-10',5),
(356,'2016-03-11',6),
(357,'2016-03-13',2),
(358,'2016-03-14',1),
(359,'2016-03-20',1),
(360,'2016-03-26',8),
(361,'2016-03-27',8),
(362,'2016-03-28',46),
(363,'2016-03-29',1),
(364,'2016-03-30',11),
(365,'2016-03-31',2),
(366,'2016-04-02',1),
(367,'2016-04-03',5),
(368,'2016-04-04',10),
(369,'2016-04-05',31),
(370,'2016-04-06',65),
(371,'2016-04-07',35),
(372,'2016-04-08',15),
(373,'2016-04-09',1),
(374,'2016-04-20',2),
(375,'2016-04-22',2),
(376,'2016-04-23',7),
(377,'2016-04-24',8),
(378,'2016-04-25',1),
(379,'2016-04-26',2),
(380,'2016-04-27',4),
(381,'2016-04-28',3),
(382,'2016-05-05',1),
(383,'2016-05-08',9),
(384,'2016-05-09',3),
(385,'2016-05-10',2),
(386,'2016-05-11',5),
(387,'2016-05-12',6),
(388,'2016-05-13',11),
(389,'2016-05-15',3),
(390,'2016-05-16',8),
(391,'2016-05-17',7),
(392,'2016-05-19',3),
(393,'2016-05-19',3),
(394,'2016-05-20',2),
(395,'2016-05-22',5),
(396,'2016-05-23',1),
(397,'2016-05-24',1),
(398,'2016-05-30',5),
(399,'2016-06-16',1),
(400,'2016-06-24',5),
(401,'2016-06-25',12),
(402,'2016-06-26',5),
(403,'2016-08-08',6),
(404,'2016-08-09',4),
(405,'2016-08-10',5),
(406,'2016-08-11',2),
(407,'2016-08-12',6),
(408,'2016-08-14',1),
(409,'2016-08-16',12),
(410,'2016-08-17',39),
(411,'2016-08-18',157),
(412,'2016-08-19',196),
(413,'2016-08-20',227),
(414,'2016-08-21',190),
(415,'2016-08-22',545),
(416,'2016-08-23',367),
(417,'2016-08-24',369),
(418,'2016-08-25',418),
(419,'2016-08-26',512),
(420,'2016-08-27',614),
(421,'2016-08-28',631),
(422,'2016-08-29',728),
(423,'2016-08-30',579),
(424,'2016-08-31',333),
(425,'2016-09-01',219),
(426,'2016-09-02',108),
(427,'2016-09-03',157),
(428,'2016-09-04',156),
(429,'2016-09-05',51),
(430,'2016-10-03',4),
(431,'2016-10-04',3),
(432,'2016-10-10',2),
(433,'2016-10-12',2),
(434,'2016-10-13',6),
(435,'2016-10-14',7),
(436,'2016-10-15',3),
(437,'2016-10-16',9),
(438,'2016-10-17',10),
(439,'2016-10-18',6),
(440,'2016-10-19',3),
(441,'2016-10-20',6),
(442,'2016-10-21',6),
(443,'2016-10-22',5),
(444,'2016-10-23',9),
(445,'2016-10-24',17),
(446,'2016-10-25',4),
(447,'2016-10-26',62),
(448,'2016-10-27',290),
(449,'2016-10-28',622),
(450,'2016-10-29',2),
(451,'2016-10-29',2),
(452,'2016-10-29',2),
(453,'2016-10-30',180),
(454,'2016-10-31',34),
(455,'2016-11-01',2),
(456,'2016-11-02',7),
(457,'2016-11-03',9),
(458,'2016-11-04',1),
(459,'2016-11-07',4),
(460,'2016-11-08',5),
(461,'2016-11-09',5),
(462,'2016-11-10',126),
(463,'2016-11-11',377),
(464,'2016-11-16',1),
(465,'2016-11-19',2),
(466,'2016-11-20',51),
(467,'2016-11-21',24),
(468,'2016-11-22',1),
(469,'2016-11-25',16),
(470,'2016-11-26',78),
(471,'2016-11-27',115),
(472,'2016-11-28',4),
(473,'2016-11-29',45),
(474,'2016-11-30',5),
(475,'2016-12-01',8),
(476,'2016-12-02',1),
(477,'2016-12-03',1),
(478,'2016-12-04',8),
(479,'2016-12-05',2),
(480,'2016-12-07',7),
(481,'2016-12-08',13),
(482,'2016-12-09',7),
(483,'2016-12-11',7),
(484,'2016-12-12',15),
(485,'2016-12-13',13),
(486,'2016-12-14',34),
(487,'2016-12-15',14),
(488,'2016-12-16',4),
(489,'2016-12-17',13),
(490,'2016-12-18',135),
(491,'2016-12-19',276),
(492,'2016-12-20',9),
(493,'2016-12-21',17),
(494,'2016-12-22',28),
(495,'2016-12-23',281),
(496,'2016-12-29',4),
(497,'2016-12-30',67),
(498,'2017-01-02',111),
(499,'2017-01-03',191),
(500,'2017-01-04',172),
(501,'2017-01-05',58),
(502,'2017-01-06',1),
(503,'2017-01-07',1),
(504,'2017-01-10',2),
(505,'2017-01-11',141),
(506,'2017-01-12',2),
(507,'2017-01-13',477),
(508,'2017-01-19',1),
(509,'2017-02-06',17),
(510,'2017-02-08',1),
(511,'2017-02-23',6),
(512,'2017-02-28',9),
(513,'2017-03-13',1),
(514,'2017-03-28',1),
(515,'2017-03-29',1),
(516,'2017-04-02',1),
(517,'2017-04-05',1),
(518,'2017-04-07',3),
(519,'2017-04-26',1),
(520,'2017-05-27',1),
(521,'2017-07-27',4),
(522,'2017-07-31',28),
(523,'2017-08-23',3),
(524,'2017-08-24',28),
(525,'2017-08-25',6),
(526,'2017-09-08',5),
(527,'2017-09-11',4),
(528,'2017-09-12',43),
(529,'2017-09-13',2),
(530,'2017-09-15',1),
(531,'2017-10-18',11),
(532,'2017-10-26',1),
(533,'2017-10-30',13),
(534,'2017-11-01',1),
(535,'2018-01-01',5),
(536,'2018-03-09',1),
(537,'2018-03-10',1),
(538,'2018-03-11',11),
(539,'2018-03-12',6),
(540,'2018-03-19',1),
(541,'2018-04-13',1),
(542,'2018-04-18',1),
(543,'2018-04-19',1),
(544,'2018-05-28',1),
(545,'2018-07-20',22),
(546,'2018-08-01',24),
(547,'2018-08-02',17),
(548,'2018-08-07',5),
(549,'2018-08-14',1),
(550,'2018-08-18',1),
(551,'2018-08-28',1),
(552,'2018-09-08',1),
(553,'2018-10-17',1),
(554,'2018-10-29',2),
(555,'2018-11-13',16),
(556,'2019-01-03',402),
(557,'2019-01-04',34),
(558,'2019-01-16',10),
(559,'2019-02-22',2),
(560,'2024-06-08',174),
(561,'2024-06-09',221),
(562,'2024-06-10',385),
(563,'2024-06-13',583),
(564,'2024-06-14',267),
(565,'2024-06-15',343),
(566,'2024-06-16',214),
(567,'2024-06-17',1158),
(568,'2024-06-18',562),
(569,'2024-06-19',559),
(570,'2024-06-20',459),
(571,'2024-06-21',169),
(572,'2024-06-22',171),
(573,'2024-06-23',136),
(574,'2024-06-25',13),
(575,'2024-06-26',26),
(576,'2024-06-27',501),
(577,'2024-06-28',532),
(578,'2024-06-29',1385),
(579,'2024-06-30',449),
(580,'2024-07-01',1100),
(581,'2024-07-02',175),
(582,'2024-07-03',23),
(583,'2024-07-04',33),
(584,'2024-07-05',4),
(585,'2024-07-06',50),
(586,'2024-07-07',16),
(587,'2024-07-08',163),
(588,'2024-07-10',42),
(589,'2024-07-11',89),
(590,'2024-07-12',72),
(591,'2024-07-13',70),
(592,'2024-07-14',133),
(593,'2024-07-15',10),
(594,'2024-07-16',25),
(595,'2024-07-17',478),
(596,'2024-07-18',95),
(597,'2024-07-19',22),
(598,'2024-07-20',771),
(599,'2024-07-21',27),
(600,'2024-07-22',23),
(601,'2024-07-23',12),
(602,'2024-07-24',13),
(603,'2024-07-25',26),
(604,'2024-07-25',26),
(605,'2024-07-26',31),
(606,'2024-07-27',44),
(607,'2024-07-28',48),
(608,'2024-07-29',183),
(609,'2024-07-30',142),
(610,'2024-07-31',10),
(611,'2024-08-01',9),
(612,'2024-08-02',14),
(613,'2024-08-03',7),
(614,'2024-08-04',10),
(615,'2024-08-05',9),
(616,'2024-08-06',22),
(617,'2024-08-07',298),
(618,'2024-08-08',517),
(619,'2024-08-09',200),
(620,'2024-08-10',13),
(621,'2024-08-11',182),
(622,'2024-08-12',27),
(623,'2024-08-13',374),
(624,'2024-08-14',235);

/*Table structure for table `olala3w_order` */

DROP TABLE IF EXISTS `olala3w_order`;

CREATE TABLE `olala3w_order` (
  `order_id` int(11) NOT NULL AUTO_INCREMENT,
  `name` varchar(255) NOT NULL,
  `phone` varchar(20) NOT NULL,
  `email` varchar(255) NOT NULL,
  `content` text NOT NULL,
  `is_active` int(1) NOT NULL DEFAULT 1,
  `ip` varchar(255) NOT NULL,
  `icon` varchar(255) NOT NULL DEFAULT 'fa-shopping-cart',
  `created_time` int(11) NOT NULL DEFAULT 0,
  `modified_time` int(11) NOT NULL DEFAULT 0,
  PRIMARY KEY (`order_id`)
) ENGINE=InnoDB DEFAULT CHARSET=utf8;

/*Data for the table `olala3w_order` */

/*Table structure for table `olala3w_others` */

DROP TABLE IF EXISTS `olala3w_others`;

CREATE TABLE `olala3w_others` (
  `others_id` int(11) NOT NULL AUTO_INCREMENT,
  `others_menu_id` int(11) NOT NULL,
  `name` varchar(255) NOT NULL,
  `p_from` varchar(255) NOT NULL,
  `p_to` varchar(255) NOT NULL,
  `sort` int(11) NOT NULL DEFAULT 1,
  `is_active` int(1) NOT NULL DEFAULT 1,
  `hot` int(1) NOT NULL DEFAULT 0,
  `created_time` int(11) NOT NULL DEFAULT 0,
  `modified_time` int(11) NOT NULL DEFAULT 0,
  `user_id` int(11) NOT NULL DEFAULT 0,
  PRIMARY KEY (`others_id`)
) ENGINE=InnoDB AUTO_INCREMENT=43 DEFAULT CHARSET=utf8;

/*Data for the table `olala3w_others` */

insert  into `olala3w_others`(`others_id`,`others_menu_id`,`name`,`p_from`,`p_to`,`sort`,`is_active`,`hot`,`created_time`,`modified_time`,`user_id`) values 
(4,31,'Đường Lê Duẩn','','',1,1,0,1466791881,1466791881,1),
(5,31,'Đường Hùng Vương','','',2,1,0,1466791889,1466791889,1),
(6,31,'Đường Nguyễn Văn Linh','','',3,1,0,1466791903,1466791903,1),
(7,31,'Đường Hải Phòng','','',4,1,0,1466791921,1466791921,1),
(8,31,'Đường Bạch Đằng','','',5,1,0,1466791931,1466791931,1),
(9,31,'Đường 2 Tháng 9','','',6,1,0,1466791947,1466791947,1),
(10,31,'Đường Nguyễn Hữu Thọ','','',7,1,0,1466791970,1466791970,1),
(11,31,'Đường Ngô Quyền','','',8,1,0,1466823406,1466823406,1),
(12,32,'< 30(m2)','30','<',1,1,0,1466829216,1466926183,1),
(13,32,'30(m2) - 50(m2)','30','50',2,1,0,1466829254,1466926192,1),
(14,32,'50(m2) - 100(m2)','50','100',3,1,0,1466829282,1466926258,1),
(15,32,'100(m2) - 200(m2)','100','200',4,1,0,1466829378,1466926266,1),
(16,32,'200(m2) - 300(m2)','200','300',5,1,0,1466829387,1466926273,1),
(17,32,'300(m2) - 400(m2)','300','400',6,1,0,1466829435,1466926281,1),
(18,32,'400(m2) - 500(m2)','400','500',7,1,0,1466829449,1466926342,1),
(19,32,'> 500(m2)','500','>',8,1,0,1466829459,1466926350,1),
(20,33,'Liên hệ','0','',1,1,0,1466829501,1466926395,1),
(21,33,'< 500 triệu','500000000','<',2,1,0,1466829530,1466926456,1),
(22,33,'500 - 800 triệu','500000000','800000000',3,1,0,1466829564,1466926541,1),
(23,33,'800 - 1 tỷ','800000000','1000000000',4,1,0,1466829591,1466926564,1),
(24,33,'1 - 2 tỷ','1000000000','2000000000',5,1,0,1466829609,1466829609,1),
(25,33,'2 - 3 tỷ','2000000000','3000000000',6,1,0,1466829618,1466829618,1),
(26,33,'3 - 4 tỷ','3000000000','4000000000',7,1,0,1466829634,1466829634,1),
(27,33,'4 - 5 tỷ','4000000000','5000000000',8,1,0,1466829645,1466829645,1),
(28,33,'5 - 7 tỷ','5000000000','7000000000',9,1,0,1466829669,1466829669,1),
(29,33,'7 - 10 tỷ','7000000000','10000000000',10,1,0,1466829679,1466829679,1),
(30,33,'10 - 20 tỷ','10000000000','20000000000',11,1,0,1466829689,1466829712,1),
(31,33,'> 20 tỷ','20000000000','>',12,1,0,1466829722,1466829722,1),
(32,31,'Đường Nguyễn Xí','','',9,1,0,1466838801,1466838801,1),
(33,34,'Tây Nam','','',1,1,0,1466951550,1466951550,1),
(34,34,'Đông Bắc','','',2,1,0,1466951559,1466951559,1),
(35,1,'Đông','','',1,1,0,1470944864,1470944864,1),
(36,1,'Tây','','',2,1,0,1470944869,1470944869,1),
(37,1,'Nam','','',3,1,0,1470944874,1470944874,1),
(38,1,'Bắc','','',4,1,0,1470944879,1470944879,1),
(39,1,'Đông Nam','','',5,1,0,1470944885,1470944885,1),
(40,1,'Đông Bắc','','',6,1,0,1470944891,1470944891,1),
(41,1,'Tây Nam','','',7,1,0,1470944897,1470944897,1),
(42,1,'Tây Bắc','','',8,1,0,1470944905,1470944905,1);

/*Table structure for table `olala3w_others_menu` */

DROP TABLE IF EXISTS `olala3w_others_menu`;

CREATE TABLE `olala3w_others_menu` (
  `others_menu_id` int(11) NOT NULL AUTO_INCREMENT,
  `category_id` int(11) NOT NULL,
  `name` varchar(255) NOT NULL,
  `slug` varchar(255) NOT NULL,
  `plus` varchar(255) NOT NULL,
  `menu` int(1) NOT NULL DEFAULT 0,
  `parent` int(11) NOT NULL,
  `sort` int(11) NOT NULL DEFAULT 1,
  `is_active` int(1) NOT NULL DEFAULT 1,
  `hot` int(1) NOT NULL DEFAULT 0,
  `created_time` int(11) NOT NULL DEFAULT 0,
  `modified_time` int(11) NOT NULL DEFAULT 0,
  `user_id` int(11) NOT NULL DEFAULT 0,
  PRIMARY KEY (`others_menu_id`)
) ENGINE=InnoDB AUTO_INCREMENT=2 DEFAULT CHARSET=utf8;

/*Data for the table `olala3w_others_menu` */

insert  into `olala3w_others_menu`(`others_menu_id`,`category_id`,`name`,`slug`,`plus`,`menu`,`parent`,`sort`,`is_active`,`hot`,`created_time`,`modified_time`,`user_id`) values 
(1,88,'Hướng','huong','',0,0,1,1,0,1470944854,1470944854,1);

/*Table structure for table `olala3w_page` */

DROP TABLE IF EXISTS `olala3w_page`;

CREATE TABLE `olala3w_page` (
  `page_id` int(11) NOT NULL AUTO_INCREMENT,
  `alias` varchar(255) NOT NULL,
  `name` varchar(255) NOT NULL,
  `comment` text NOT NULL,
  `content` longtext NOT NULL,
  `is_active` int(1) NOT NULL DEFAULT 1,
  `views` bigint(20) NOT NULL DEFAULT 1,
  `modified_time` int(11) NOT NULL DEFAULT 0,
  `user_id` int(11) NOT NULL DEFAULT 0,
  PRIMARY KEY (`page_id`)
) ENGINE=MyISAM AUTO_INCREMENT=106 DEFAULT CHARSET=utf8;

/*Data for the table `olala3w_page` */

insert  into `olala3w_page`(`page_id`,`alias`,`name`,`comment`,`content`,`is_active`,`views`,`modified_time`,`user_id`) values 
(27,'copyright','Copyright','','<h4>e-Learning</h4>\r\n\r\n<p>&nbsp;</p>\r\n\r\n<p><em>Điện thoại:</em> &nbsp; - <em>Email:</em> info@e-learning.com<br />\r\n<em>Địa chỉ:</em>&nbsp;</p>\r\n\r\n<p>Copyright © 2024 e-Learning,&nbsp;All rights reserved.</p>\r\n',1,1,1721231940,1),
(104,'contact','Liên hệ','','<h4>Liên hệ</h4>\r\n\r\n<p class=\"hotline\"><i class=\"fa fa-phone\">&nbsp;</i>0865251674<br />\r\n(7h00 - 20h00 các ngày trong tuần)</p>\r\n\r\n<p class=\"mail\"><i class=\"fa fa-envelope\">&nbsp;</i>support@e-learning.com</p>\r\n\r\n<p>39Phan tứ, Q. Ngũ Hành Sơn, TP. Đà Nẵng</p>\r\n',1,1,1721231847,1),
(105,'banner','Quảng cáo','','<div class=\"img\"><img alt=\"\" src=\"/uploads/images/site/banner.png\" />..........</div>\r\n',1,1,1719671474,1);

/*Table structure for table `olala3w_prjname` */

DROP TABLE IF EXISTS `olala3w_prjname`;

CREATE TABLE `olala3w_prjname` (
  `prjname_id` int(11) NOT NULL AUTO_INCREMENT,
  `name` varchar(255) NOT NULL,
  `slug` varchar(255) NOT NULL,
  `sort` int(11) NOT NULL DEFAULT 1,
  `is_active` int(1) NOT NULL DEFAULT 1,
  `hot` int(1) NOT NULL DEFAULT 0,
  `created_time` int(11) NOT NULL DEFAULT 0,
  `modified_time` int(11) NOT NULL DEFAULT 0,
  `user_id` int(11) DEFAULT 0,
  PRIMARY KEY (`prjname_id`)
) ENGINE=InnoDB DEFAULT CHARSET=utf8;

/*Data for the table `olala3w_prjname` */

/*Table structure for table `olala3w_product` */

DROP TABLE IF EXISTS `olala3w_product`;

CREATE TABLE `olala3w_product` (
  `product_id` int(11) NOT NULL AUTO_INCREMENT,
  `product_menu_id` int(11) NOT NULL,
  `name` varchar(255) NOT NULL,
  `folder` varchar(255) NOT NULL,
  `img` varchar(255) NOT NULL DEFAULT 'no',
  `img_note` varchar(255) NOT NULL,
  `comment` text NOT NULL,
  `content` text NOT NULL,
  `trainers` int(11) NOT NULL DEFAULT 0,
  `is_active` int(1) NOT NULL DEFAULT 1,
  `hot` int(1) NOT NULL DEFAULT 0,
  `views` bigint(20) NOT NULL DEFAULT 1,
  `vote` double NOT NULL DEFAULT 4,
  `click_vote` double NOT NULL DEFAULT 1,
  `title` varchar(255) NOT NULL,
  `description` varchar(255) NOT NULL,
  `keywords` varchar(255) NOT NULL,
  `created_time` int(11) NOT NULL DEFAULT 0,
  `user_id` int(11) NOT NULL DEFAULT 0,
  `modified_time` int(11) NOT NULL DEFAULT 0,
  `modified_user` int(11) NOT NULL DEFAULT 0,
  PRIMARY KEY (`product_id`)
) ENGINE=MyISAM AUTO_INCREMENT=35 DEFAULT CHARSET=utf8;

/*Data for the table `olala3w_product` */

insert  into `olala3w_product`(`product_id`,`product_menu_id`,`name`,`folder`,`img`,`img_note`,`comment`,`content`,`trainers`,`is_active`,`hot`,`views`,`vote`,`click_vote`,`title`,`description`,`keywords`,`created_time`,`user_id`,`modified_time`,`modified_user`) values 
(20,237,'Khái quát lịch sử Đảng Cộng sản Việt Nam','admin\\07-2024\\','khai-quat-lich-su-dang-cong-san-viet-nam-20.png','','','',1,1,1,1,4,1,'','','',1719825900,1,1719826040,0),
(26,272,'Chuyên đề 1 - CHỦ NGHĨA MÁC - LÊNIN, TƯ TƯỞNG HỒ CHÍ MINH, SỰ VẬN DỤNG SÁNG TẠO VÀ PHÁT TRIỂN CHỦ NGHĨA MÁC - LÊNIN, TƯ TƯỞNGHỒ CHÍ MINH TRONG SỰ NGHIỆP ĐỔI MỚI Ở NƯỚC TA HIỆN NAY','admin\\07-2024\\','chuyen-de-1-chu-nghia-mac-lenin-tu-tuong-ho-chi-minh-su-van-dung-sang-tao-va-phat-trien-chu-nghia-ma-26.jpg','','Chủ nghĩa Mác - Lênin là một hệ thống lý luận thống nhất được hình thành từ ba bộ phận: triết học Mác - Lênin, kinh tế chính trị Mác - Lênin và chủ nghĩa xã hội khoa học ','',0,1,1,1,4,1,'','','',1721442240,1,1722323949,1),
(27,272,'Chuyên đề 2 - TÌM HIỂU NỘI DUNG TÁC PHẨM “TỰ HÀO VÀ TIN TƯỞNG DƯỚI LÁ CỜ VẺ VANG CỦA ĐẢNG, QUYẾT TÂM XÂY DỰNG MỘT NƯỚC VIỆT NAM NGÀY CÀNG GIÀU MẠNH, VĂN MINH, VĂN HIẾN VÀ ANH HÙNG” CỦA TỔNG BÍ THƯ NGUYỄN PHÚ TRỌNG','admin\\07-2024\\','chuyen-de-2-tim-hieu-noi-dung-tac-pham-tu-hao-va-tin-tuong-duoi-la-co-ve-vang-cua-dang-quyet-tam-xay-27.jpg','','Đảng lãnh đạo khắc phục hậu quả chiến tranh; tiến hành công cuộc đổi mới và hội nhập quốc tế; xây dựng đất nước ta ngày càng đàng hoàng hơn, to đẹp hơn. ','',17,1,1,1,4,1,'','','',1721442480,1,1722323913,1),
(22,237,'Những điểm mới trong văn kiện Đại hội XIII của Đảng','admin\\07-2024\\','nhung-diem-moi-trong-van-kien-dai-hoi-xiii-cua-dang-22.jpg','','Sách Những điểm mới trong các văn kiện Đại hội XIII của Đảng cung cấp luận cứ, luận giải, phân tích những điểm mới trong các văn kiện của Đại hội XIII, giúp cán bộ, đảng viên và bạn đọc có cơ sở nghiên cứu, nắm vững những nội dung mới trong quan điểm, chủ trương của Đảng.','',16,1,1,1,4,1,'','','',1719828780,1,1719829179,1),
(25,271,'Thí điểm về việc bồi dưỡng lý luận','admin\\07-2024\\','thi-diem-ve-viec-boi-duong-ly-luan-25.png','','','',0,1,1,1,4,1,'','','',1721265420,1,1721265749,1),
(31,272,'Chuyên đề 6 - MỘT SỐ KẾT QUẢ SAU 05 NĂM TRIỂN KHAI THỰC HIỆN NGHỊ QUYẾT 35-NQ/TW, NGÀY 22/10/2018 CỦA BỘ CHÍNH TRỊ TRÊN ĐỊA BÀN TỈNH QUẢNG TRỊ. GIẢI PHÁP PHÁT HUY VAI TRÒ CỦA CÁN BỘ, ĐẢNG VIÊN TRONG BẢO VỆ NỀN TẢNG TƯ TƯỞNG CỦA ĐẢNG, ĐẤU TRANH PHẢN BÁC CÁ','admin\\07-2024\\','chuyen-de-6-mot-so-ket-qua-sau-05-nam-trien-khai-thuc-hien-nghi-quyet-35-nq-tw-ngay-22-10-2018-cua-b-31.jpg','','','',0,1,1,1,4,1,'','','',1722323940,1,1722323988,0),
(32,272,'Chuyên đề 7 - QUY HOẠCH PHÁT TRIỂN KINH TẾ - XÃ HỘI TỈNH QUẢNG TRỊ GIAI ĐOẠN 2021-2030, TẦM NHÌN ĐẾN 2050','admin\\07-2024\\','chuyen-de-7-quy-hoach-phat-trien-kinh-te-xa-hoi-tinh-quang-tri-giai-doan-2021-2030-tam-nhin-den-2050-32.png','','','',0,1,1,1,4,1,'','','',1722323940,1,1722324028,0),
(33,272,'Chuyên đề 8 - HỌC TẬP VÀ LÀM THEO TƯ TƯỞNG, ĐẠO ĐỨC, PHONG CÁCH    HỒ CHÍ MINH VỀ PHÒNG, CHỐNG THAM NHŨNG, TIÊU CỰC','admin\\07-2024\\','chuyen-de-8-hoc-tap-va-lam-theo-tu-tuong-dao-duc-phong-cach-ho-chi-minh-ve-phong-chong-tham-nhung-ti-33.jpg','','','',0,1,1,1,4,1,'','','',1722324000,1,1722324067,0),
(34,272,'Chuyên đề 9 - LỊCH SỬ ĐẢNG BỘ TỈNH QUẢNG TRỊ 1930 – 1945','admin\\07-2024\\','chuyen-de-9-lich-su-dang-bo-tinh-quang-tri-1930-1945-34.jpg','','','',0,1,1,1,4,1,'','','',1722324060,1,1722324100,0),
(29,272,'Chuyên đề 4 - CÔNG TÁC XÂY DỰNG ĐẢNG, XÂY DỰNG HỆ THỐNG CHÍNH TRỊ CỦA TỈNH QUẢNG TRỊ SAU HƠN NỬA NHIỆM KỲ THỰC HIỆN NGHỊ QUYẾT ĐẠI HỘI ĐẢNG BỘ TỈNH LẦN THỨ XVII (NHIỆM KỲ 2020-2025).  MỘT SỐ NHIỆM VỤ CẦN TẬP TRUNG THỰC HIỆN TRONG THỜI GIAN TỪ NAY ĐẾN CUỐI','admin\\07-2024\\','chuyen-de-4-cong-tac-xay-dung-dang-xay-dung-he-thong-chinh-tri-cua-tinh-quang-tri-sau-hon-nua-nhiem--29.jpg','','Công tác giáo dục lý luận chính trị được chú trọng đổi mới, nâng cao chất lượng, hiệu quả; tập trung nghiên cứu, học tập, quán triệt, cụ thể hóa Nghị quyết Đại hội XIII của Đảng, các nghị quyết, chỉ thị, kết luận, quy định của Trung ương và của cấp ủy các cấp; tổ chức đợt sinh hoạt chính trị với chủ đề “tự soi, tự sửa” và tìm hiểu các tác phẩm của Tổng Bí thư Nguyễn Phú Trọng giúp cán bộ, đảng viên nâng cao nhận thức về lý luận chính trị, nêu cao tính tiên phong, gương mẫu, tự tu dưỡng, rèn luyện. ','',0,1,1,1,4,1,'','','',1721442900,1,1722323737,1),
(30,272,'Chuyên đề 5 - XÂY DỰNG NHÀ NƯỚC PHÁP QUYỀN XÃ HỘI CHỦ NGHĨA  Ở VIỆT NAM','admin\\07-2024\\','chuyen-de-5-xay-dung-nha-nuoc-phap-quyen-xa-hoi-chu-nghia-o-viet-nam-30.png','','Xây dựng Nhà nước pháp quyền xã hội chủ nghĩa ở Việt Nam là nhiệm vụ trọng tâm của đổi mới hệ thống chính trị xã hội chủ nghĩa.','',0,1,1,1,4,1,'','','',1721443140,1,1722323433,1),
(28,272,'Chuyên đề 3 - TÌM HIỂU BÀI VIẾT “KẾ THỪA, PHÁT HUY TRYỀN THỐNG DÂN TỘC, TƯ TƯỞNG NGOẠI GIAO HỒ CHÍ MINH, QUYẾT TÂM XÂY DỰNG, PHÁT TRIỂN NỀN ĐỐI NGOẠI, NGOẠI GIAO TOÀN DIỆN, HIỆN ĐẠI, MANG ĐẬM BẢN SẮC “CÂY TRE VIỆT NAM” CỦA TỔNG BÍ THƯ NGUYỄN PHÚ TRỌNG','admin\\07-2024\\','chuyen-de-3-tim-hieu-bai-viet-ke-thua-phat-huy-tryen-thong-dan-toc-tu-tuong-ngoai-giao-ho-chi-minh-q-28.jpg','','Hơn 90 năm qua, dưới sự lãnh đạo của Đảng Cộng sản Việt Nam, đối ngoại, ngoại giao Việt Nam đã kế thừa và phát huy bản sắc, cội nguồn văn hóa và truyền thống dân tộc, tiếp thu có chọn lọc tinh hoa thế giới và tư tưởng tiến bộ của thời đại, phát triển trên nền tảng lý luận của chủ nghĩa Mác - Lê-nin, tư tưởng Hồ Chí Minh, hình thành nên đường lối đối ngoại, ngoại giao rất đặc sắc và độc đáo, mang đậm bản sắc “cây tre Việt Nam”. ','',0,1,1,1,4,1,'','','',1721442660,1,1722323817,1);

/*Table structure for table `olala3w_product_like` */

DROP TABLE IF EXISTS `olala3w_product_like`;

CREATE TABLE `olala3w_product_like` (
  `product_like_id` int(11) NOT NULL AUTO_INCREMENT,
  `product_id` int(11) NOT NULL DEFAULT 0,
  `user_id` int(11) NOT NULL DEFAULT 0,
  `created_time` int(11) NOT NULL DEFAULT 0,
  PRIMARY KEY (`product_like_id`)
) ENGINE=InnoDB AUTO_INCREMENT=27 DEFAULT CHARSET=utf8;

/*Data for the table `olala3w_product_like` */

insert  into `olala3w_product_like`(`product_like_id`,`product_id`,`user_id`,`created_time`) values 
(18,6,1,1478805456),
(19,8,25,1546503409),
(20,18,1,1719498721),
(21,3,1,1719798488),
(22,20,31,1719826063),
(23,17,31,1719826074),
(25,22,31,1719828961),
(26,21,31,1721442037);

/*Table structure for table `olala3w_product_logs` */

DROP TABLE IF EXISTS `olala3w_product_logs`;

CREATE TABLE `olala3w_product_logs` (
  `product_logs_id` double NOT NULL AUTO_INCREMENT,
  `product_id` int(11) NOT NULL DEFAULT 0,
  `user_id` int(11) NOT NULL DEFAULT 0,
  `created_time` int(11) NOT NULL DEFAULT 0,
  PRIMARY KEY (`product_logs_id`)
) ENGINE=InnoDB AUTO_INCREMENT=48 DEFAULT CHARSET=utf8;

/*Data for the table `olala3w_product_logs` */

insert  into `olala3w_product_logs`(`product_logs_id`,`product_id`,`user_id`,`created_time`) values 
(15,3,1,1477627330),
(16,5,1,1478798490),
(17,6,1,1480255667),
(18,4,1,1480255675),
(19,7,1,1480255689),
(20,8,1,1480255700),
(21,3,25,1483524425),
(22,8,25,1532020302),
(23,6,25,1532020315),
(25,18,1,1718428892),
(26,4,33,1718758256),
(28,19,1,1719793862),
(29,20,31,1719826130),
(30,21,31,1719826270),
(31,22,31,1719828976),
(32,22,1,1719833085),
(33,21,1,1719833321),
(34,23,31,1719841586),
(35,18,31,1720452401),
(36,24,31,1720756322),
(37,20,43,1721183413),
(38,23,42,1721183420),
(39,22,45,1721205456),
(40,20,45,1721205478),
(41,21,45,1721205892),
(42,25,31,1721265595),
(43,26,31,1721442475),
(44,27,31,1721442662),
(45,28,31,1721442841),
(46,29,31,1721443032),
(47,30,31,1721443236);

/*Table structure for table `olala3w_product_menu` */

DROP TABLE IF EXISTS `olala3w_product_menu`;

CREATE TABLE `olala3w_product_menu` (
  `product_menu_id` int(11) NOT NULL AUTO_INCREMENT,
  `category_id` int(11) NOT NULL,
  `name` varchar(255) NOT NULL,
  `slug` varchar(255) NOT NULL DEFAULT 'not-found',
  `plus` text NOT NULL,
  `icon` varchar(255) NOT NULL,
  `title` varchar(255) NOT NULL,
  `description` varchar(255) NOT NULL,
  `keywords` text NOT NULL,
  `parent` int(11) NOT NULL,
  `sort` int(11) NOT NULL,
  `is_active` int(1) NOT NULL DEFAULT 1,
  `hot` int(1) NOT NULL DEFAULT 0,
  `folder` varchar(255) NOT NULL,
  `img` varchar(255) NOT NULL DEFAULT '-no-',
  `created_time` int(11) NOT NULL DEFAULT 0,
  `user_id` int(11) NOT NULL DEFAULT 0,
  `modified_time` int(11) NOT NULL DEFAULT 0,
  `modified_user` int(11) NOT NULL DEFAULT 0,
  PRIMARY KEY (`product_menu_id`)
) ENGINE=MyISAM AUTO_INCREMENT=273 DEFAULT CHARSET=utf8;

/*Data for the table `olala3w_product_menu` */

insert  into `olala3w_product_menu`(`product_menu_id`,`category_id`,`name`,`slug`,`plus`,`icon`,`title`,`description`,`keywords`,`parent`,`sort`,`is_active`,`hot`,`folder`,`img`,`created_time`,`user_id`,`modified_time`,`modified_user`) values 
(233,89,'Tư liệu - văn kiện','tu-lieu-van-kien','','mdi-bank','','','',0,4,1,0,'','-no-',1476329789,1,1719456902,1),
(237,89,'Bài giảng Hội nghị tập huấn công tác giáo dục lý luận chính trị ở cơ sở năm 2023','bai-giang-hoi-nghi-tap-huan-cong-tac-giao-duc-ly-luan-chinh-tri-o-co-so-nam-2023','','mdi-book-open','','','',0,8,1,0,'','-no-',1476329843,1,1719457106,1),
(271,89,'Bồi dưỡng lý luận chính trị','boi-duong-ly-luan-chinh-tri','','mdi-folder-multiple-outline','','','',0,8,1,1,'admin\\07-2024\\','-no-',1720270494,1,1721265449,1),
(272,89,'Chuyên đề','chuyen-de','','mdi-account-box','','','',0,9,1,1,'admin\\07-2024\\','-no-',1720711600,1,1721442281,1);

/*Table structure for table `olala3w_product_vote` */

DROP TABLE IF EXISTS `olala3w_product_vote`;

CREATE TABLE `olala3w_product_vote` (
  `product_vote_id` bigint(20) NOT NULL AUTO_INCREMENT,
  `product_id` int(11) NOT NULL DEFAULT 0,
  `vote` int(1) NOT NULL DEFAULT 5,
  `user_id` int(11) NOT NULL DEFAULT 0,
  `modified_time` int(11) NOT NULL DEFAULT 0,
  PRIMARY KEY (`product_vote_id`)
) ENGINE=InnoDB AUTO_INCREMENT=9 DEFAULT CHARSET=utf8;

/*Data for the table `olala3w_product_vote` */

insert  into `olala3w_product_vote`(`product_vote_id`,`product_id`,`vote`,`user_id`,`modified_time`) values 
(2,3,3,1,1483524352),
(3,3,1,25,1483524428),
(4,18,5,1,1718791155),
(5,18,3,31,1719727621),
(6,19,3,31,1719747541),
(7,23,1,31,1720625454),
(8,24,2,31,1721056622);

/*Table structure for table `olala3w_questions` */

DROP TABLE IF EXISTS `olala3w_questions`;

CREATE TABLE `olala3w_questions` (
  `id` int(11) NOT NULL AUTO_INCREMENT,
  `question_text` text NOT NULL,
  PRIMARY KEY (`id`)
) ENGINE=InnoDB AUTO_INCREMENT=73 DEFAULT CHARSET=utf8mb4;

/*Data for the table `olala3w_questions` */

insert  into `olala3w_questions`(`id`,`question_text`) values 
(58,'Hội nghị hợp nhất các tổ chức cộng sản để thành lập Đảng Cộng sản Việt Nam diễn ra ở đâu?'),
(59,'Chủ nghĩa Mác - Lênin là một hệ thống lý luận thống nhất được hình thành từ những bộ phận nào?'),
(60,'Bản chất khoa học và cách mạng của chủ nghĩa Mác-Lênin thể hiện trên bao nhiêu nội dung chủ yếu ?'),
(61,'Trong những nội dung sau, nội dung nào thể hiện bản chất cách mạng và khoa học của chủ nghĩa Mác-Lênin?'),
(62,'Nguồn gốc hình thành tư tưởng Hồ Chí Minh gồm những yếu tố nào sau đây?'),
(63,'Những nhân tố chủ quan nào thuộc về phẩm chất cá nhân của Chủ tịch Hồ Chí Minh?'),
(64,'Văn kiện Đại hội Đảng toàn quốc lần thứ IX của Đảng (tháng 4/2001) xác định Tư tưởng Hồ Chí Minh gồm bao nhiêu nội dung cơ bản?'),
(65,'Để nâng cao bản lĩnh chính trị cho toàn Đảng, toàn dân và hệ thống chính trị trong kiên định, vận dụng và phát triển sáng tạo nền tảng tư tưởng của Đảng cần phải làm gì?'),
(66,'Luận điểm “Vũ khí của sự phê phán cố nhiên không thể thay thế được sự phê phán của vũ khí, lực lượng vật chất chỉ có thể bị đánh đổ bằng lực lượng vật chất; nhưng lý luận cũng sẽ trở thành lực lượng vật chất, một khi nó thâm nhập vào quần chúng” trích trong tác phẩm của ai?'),
(67,'&quot;Tư tưởng Hồ Chí Minh là một hệ thống quan điểm toàn diện và sâu sắc về những vấn đề cơ bản của cách mạng Việt Nam, kết quả của sự vận dụng và phát triển sáng tạo chủ nghĩa Mác - Lênin vào điều kiện cụ thể của nước ta, kế thừa và phát triển các giá trị truyền thống tốt đẹp của dân tộc, tiếp thu tinh hoa văn hoá nhân loại; là tài sản tinh thần vô cùng to lớn và quý giá của Đảng và dân tộc ta, mãi mãi soi đường cho sự nghiệp cách mạng của nhân dân ta giành thắng lợi&quot; được khẳng định tại Đại hội nào của Đảng ta?'),
(68,'&quot;Tư tưởng Hồ Chí Minh là một hệ thống quan điểm toàn diện và sâu sắc về những vấn đề cơ bản của cách mạng Việt Nam, kết quả của sự vận dụng và phát triển sáng tạo chủ nghĩa Mác - Lênin vào điều kiện cụ thể của nước ta, kế thừa và phát triển các giá trị truyền thống tốt đẹp của dân tộc, tiếp thu tinh hoa văn hoá nhân loại; là tài sản tinh thần vô cùng to lớn và quý giá của Đảng và dân tộc ta, mãi mãi soi đường cho sự nghiệp cách mạng của nhân dân ta giành thắng lợi&quot; được khẳng định tại cương lĩnh nào của Đảng?'),
(69,'Nhận định: Chủ nghĩa Mác - Lênin là một học thuyết mở, không ngừng tự đổi mới, tự phát triển trong dòng trí tuệ của nhân loại”?'),
(70,'Câu: “Tư tưởng về giải phóng dân tộc, giải phóng giai cấp, giải phóng con người” là một trong những nội dung cơ bản của tư tưởng Hồ Chí Minh”?'),
(71,'Câu: “Chủ nghĩa Mác - Lênin là một hệ thống lý luận khoa học, thể hiện trong toàn bộ các nguyên lý cấu thành học thuyết, trước hết là các nguyên lý cơ bản” là một trong những nội dung chủ yếu thể hiện bản chất cách mạng và khoa học của chủ nghĩa Mác - Lênin?'),
(72,'Câu: “Chủ nghĩa yêu nước là cơ sở ban đầu và là động lực thúc đẩy Chủ tịch Hồ Chí Minh đến với chủ nghĩa Mác - Lênin, làm cho chủ nghĩa yêu nước Việt Nam có nội dung mới, tầm cao mới, độc lập dân tộc gắn liền với chủ nghĩa xã hội”?');

/*Table structure for table `olala3w_register_email` */

DROP TABLE IF EXISTS `olala3w_register_email`;

CREATE TABLE `olala3w_register_email` (
  `register_email_id` int(11) NOT NULL AUTO_INCREMENT,
  `email` varchar(255) NOT NULL,
  `ip` varchar(255) NOT NULL,
  `created_time` int(11) NOT NULL DEFAULT 0,
  PRIMARY KEY (`register_email_id`)
) ENGINE=InnoDB DEFAULT CHARSET=utf8;

/*Data for the table `olala3w_register_email` */

/*Table structure for table `olala3w_register_try` */

DROP TABLE IF EXISTS `olala3w_register_try`;

CREATE TABLE `olala3w_register_try` (
  `register_try_id` int(11) NOT NULL AUTO_INCREMENT,
  `full_name` varchar(255) NOT NULL DEFAULT 'no-name',
  `phone` varchar(20) NOT NULL,
  `email` varchar(255) NOT NULL,
  `address` varchar(255) NOT NULL DEFAULT 'no-address',
  `note` text NOT NULL,
  `created_time` int(11) NOT NULL DEFAULT 0,
  PRIMARY KEY (`register_try_id`)
) ENGINE=MyISAM AUTO_INCREMENT=13 DEFAULT CHARSET=utf8;

/*Data for the table `olala3w_register_try` */

/*Table structure for table `olala3w_road` */

DROP TABLE IF EXISTS `olala3w_road`;

CREATE TABLE `olala3w_road` (
  `road_id` int(11) NOT NULL AUTO_INCREMENT,
  `name` varchar(255) NOT NULL,
  `sort` int(11) NOT NULL DEFAULT 1,
  `is_active` int(1) NOT NULL DEFAULT 1,
  `hot` int(1) NOT NULL DEFAULT 0,
  `created_time` int(11) NOT NULL DEFAULT 0,
  `modified_time` int(11) NOT NULL DEFAULT 0,
  `user_id` int(11) NOT NULL DEFAULT 0,
  PRIMARY KEY (`road_id`)
) ENGINE=InnoDB DEFAULT CHARSET=utf8;

/*Data for the table `olala3w_road` */

/*Table structure for table `olala3w_self_test` */

DROP TABLE IF EXISTS `olala3w_self_test`;

CREATE TABLE `olala3w_self_test` (
  `self_test_id` double NOT NULL AUTO_INCREMENT,
  `product_menu_id` int(11) NOT NULL DEFAULT 0,
  `product_id` int(11) NOT NULL DEFAULT 0,
  `user_id` int(11) NOT NULL DEFAULT 0,
  `status` int(1) NOT NULL DEFAULT 0,
  `start` int(11) NOT NULL DEFAULT 0,
  `end` int(11) NOT NULL DEFAULT 0,
  PRIMARY KEY (`self_test_id`)
) ENGINE=InnoDB AUTO_INCREMENT=246 DEFAULT CHARSET=utf8;

/*Data for the table `olala3w_self_test` */

insert  into `olala3w_self_test`(`self_test_id`,`product_menu_id`,`product_id`,`user_id`,`status`,`start`,`end`) values 
(1,249,5,25,1,1504851240,1504851300),
(2,249,0,25,0,1504851540,0),
(3,230,0,25,0,1504851660,0),
(4,249,0,25,0,1504851660,0),
(5,249,0,25,0,1504851780,0),
(6,249,0,25,1,1504852020,1504852080),
(7,249,8,25,0,1504852080,0),
(8,249,5,25,1,1504852260,1504852320),
(9,230,0,25,1,1504852560,1504852560),
(10,230,0,25,1,1504853640,1504853640),
(11,245,0,25,1,1504859760,1504859760),
(12,249,5,25,1,1505151960,1505152020),
(13,249,5,25,0,1505152020,0),
(14,230,0,25,0,1505152020,0),
(15,249,5,25,1,1505152080,1505152080),
(16,249,5,25,1,1505152440,1505152440),
(17,249,5,25,1,1505157600,1505157600),
(18,230,0,25,0,1505157840,0),
(19,241,0,25,0,1508315820,0),
(20,249,0,25,1,1508315940,1508316060),
(21,249,0,25,1,1509350460,1509350460),
(22,230,0,31,1,1717836480,1717836480),
(23,230,0,31,1,1717836900,1717836960),
(24,230,0,1,1,1718421420,1718421480),
(25,230,0,1,1,1718638320,1718638380),
(26,230,0,1,1,1718704800,1718704800),
(27,230,0,1,1,1718705280,1718705340),
(28,230,0,1,1,1718765340,1718765340),
(29,230,0,1,1,1718790480,1718790540),
(30,230,0,1,1,1718790840,1718790840),
(31,230,0,1,1,1718790840,1718790900),
(32,239,0,1,1,1718791320,1718791380),
(33,254,0,1,0,1718791380,0),
(34,230,0,31,0,1718796960,0),
(35,230,0,31,1,1718796960,1718796960),
(36,230,0,31,1,1718851200,1718851200),
(37,230,0,31,1,1718861040,1718861040),
(38,230,0,1,1,1718887440,1718887440),
(39,230,0,1,1,1718887560,1718887560),
(40,230,0,1,0,1718887620,0),
(41,230,0,1,1,1718888040,1718888040),
(42,230,0,1,1,1718941560,1718941620),
(43,230,0,1,1,1718941680,1718941680),
(44,230,0,1,1,1718941800,1718941800),
(45,239,0,1,1,1718946240,1718946240),
(46,230,0,1,1,1718964480,1718964540),
(47,230,0,31,1,1718981460,1718981460),
(48,269,18,31,1,1718983080,1718983080),
(49,230,0,31,1,1718984040,1718984100),
(50,230,0,31,0,1718984100,0),
(51,230,0,31,0,1718984100,0),
(52,230,0,31,1,1718984100,1718984100),
(53,230,0,31,0,1719029760,0),
(54,230,0,31,1,1719060660,1719060660),
(55,230,0,31,1,1719068520,1719068580),
(56,230,0,31,1,1719069240,1719069240),
(57,230,0,31,1,1719069240,1719069360),
(58,230,0,1,1,1719308880,1719308880),
(59,230,0,1,1,1719454620,1719454680),
(60,230,0,1,1,1719534780,1719534780),
(61,230,0,1,1,1719534900,1719534960),
(62,230,0,1,1,1719535740,1719535800),
(63,230,0,1,1,1719535800,1719535860),
(64,230,0,1,0,1719535920,0),
(65,230,0,1,1,1719535920,1719535920),
(66,230,0,1,1,1719538260,1719538260),
(67,230,0,1,1,1719540840,1719540840),
(68,236,0,31,1,1719671280,1719671280),
(69,230,0,31,1,1719671280,1719671280),
(70,230,0,31,1,1719675660,1719675660),
(71,230,0,31,1,1719756420,1719756420),
(72,269,18,31,1,1719912420,1719912420),
(73,230,0,31,1,1719916920,1719916920),
(74,230,0,31,0,1720052940,0),
(75,230,0,31,1,1720242060,1720242120),
(76,271,0,31,1,1720428420,1720428420),
(77,230,0,31,1,1720598700,1720598760),
(78,230,0,31,1,1720600080,1720600140),
(79,230,0,31,1,1720624380,1720624380),
(80,230,0,31,1,1720624440,1720624440),
(81,230,0,31,1,1720686540,1720686540),
(82,230,0,31,1,1720709820,1720709880),
(83,230,0,31,0,1720945920,0),
(84,230,0,31,0,1721104560,0),
(85,230,0,35,1,1721178840,1721178840),
(86,230,0,36,1,1721179260,1721179260),
(87,230,0,36,1,1721179740,1721179740),
(88,230,0,36,1,1721179860,1721179860),
(89,230,0,37,1,1721180580,1721180700),
(90,230,0,39,1,1721181780,1721181840),
(91,230,0,40,1,1721182140,1721182200),
(92,230,0,41,1,1721182800,1721182800),
(93,230,0,42,1,1721183160,1721183220),
(94,239,0,38,1,1721183220,1721183220),
(95,230,0,38,1,1721183220,1721183280),
(96,230,0,43,1,1721183280,1721183340),
(97,233,0,31,1,1721436900,1721436900),
(98,272,30,31,1,1721443320,1721443380),
(99,233,0,31,1,1721443380,1721443380),
(100,237,0,31,1,1721443380,1721443380),
(101,271,0,31,1,1721443380,1721443380),
(102,272,0,31,1,1721443440,1721443440),
(103,272,30,31,1,1721443980,1721443980),
(104,272,30,31,1,1721445900,1721445900),
(105,272,29,31,1,1721445900,1721445900),
(106,272,26,31,1,1721446440,1721446440),
(107,272,0,31,0,1721449200,0),
(108,233,0,31,1,1721482920,1721482920),
(109,272,0,31,1,1721482920,1721482920),
(110,272,30,31,1,1721615760,1721615820),
(111,272,30,31,1,1721958480,1721958480),
(112,272,30,31,1,1721993040,1721993100),
(113,233,0,31,1,1722009360,1722009360),
(114,272,0,31,1,1722009360,1722009420),
(115,272,0,31,1,1722009480,1722009480),
(116,272,0,31,1,1722009600,1722009720),
(117,272,30,31,1,1722049800,1722049800),
(118,272,0,31,1,1722050940,1722051060),
(119,272,0,31,1,1722051360,1722051480),
(120,233,0,31,1,1722052500,1722052500),
(121,233,0,31,1,1722052560,1722052560),
(122,233,0,31,1,1722052560,1722052620),
(123,233,0,31,1,1722052620,1722052620),
(124,272,30,31,1,1722065460,1722065460),
(125,272,30,31,1,1722065520,1722065520),
(126,233,0,31,1,1722065700,1722065700),
(127,233,0,31,1,1722065760,1722065760),
(128,233,0,31,1,1722065760,1722065760),
(129,233,0,31,1,1722065820,1722065820),
(130,272,30,31,1,1722065880,1722065940),
(131,233,0,31,1,1722065940,1722065940),
(132,233,0,31,1,1722066180,1722066180),
(133,233,0,31,1,1722066300,1722066300),
(134,233,0,31,1,1722066420,1722066420),
(135,272,30,31,1,1722066420,1722066540),
(136,233,0,31,1,1722073920,1722073920),
(137,272,30,31,1,1722073980,1722073980),
(138,233,0,31,1,1722074040,1722074040),
(139,272,29,31,1,1722074220,1722074220),
(140,233,0,31,1,1722074220,1722074220),
(141,233,0,31,1,1722177780,1722177780),
(142,233,0,31,1,1722177840,1722177840),
(143,233,0,31,1,1722177900,1722177900),
(144,233,0,31,1,1722177960,1722177960),
(145,233,0,31,1,1722178020,1722178020),
(146,272,0,31,1,1722180960,1722180960),
(147,272,30,31,1,1722181020,1722181020),
(148,272,0,31,1,1722181080,1722181140),
(149,272,0,31,1,1722183000,1722183060),
(150,272,0,31,1,1722183300,1722183300),
(151,272,0,31,1,1722183420,1722183420),
(152,272,0,31,1,1722183720,1722183780),
(153,272,0,31,1,1722184200,1722184260),
(154,272,0,31,1,1722184380,1722184380),
(155,272,0,31,1,1722184560,1722184620),
(156,272,0,31,1,1722184620,1722184680),
(157,272,0,31,1,1722184800,1722184860),
(158,272,0,31,1,1722185220,1722185220),
(159,272,0,31,1,1722212520,1722212520),
(160,272,0,31,1,1722218040,1722218100),
(161,272,0,31,1,1722220200,1722220200),
(162,272,0,31,1,1722222420,1722222420),
(163,272,0,31,1,1722222900,1722222900),
(164,272,0,31,1,1722225420,1722225420),
(165,272,0,31,1,1722225660,1722225720),
(166,272,0,31,1,1722229800,1722229860),
(167,272,0,31,1,1722230460,1722230460),
(168,272,0,31,1,1722231060,1722231120),
(169,272,0,31,1,1722231180,1722231180),
(170,272,0,31,1,1722231240,1722231300),
(171,233,0,31,1,1722231300,1722231300),
(172,272,0,31,1,1722231300,1722231360),
(173,272,0,31,1,1722231480,1722231480),
(174,272,0,31,1,1722231540,1722231540),
(175,272,0,31,1,1722231840,1722231840),
(176,272,0,31,1,1722231900,1722231900),
(177,272,0,31,1,1722232020,1722232020),
(178,272,0,31,1,1722234540,1722234540),
(179,272,0,31,1,1722234600,1722234660),
(180,272,0,31,1,1722234900,1722234960),
(181,272,27,31,1,1722235140,1722235260),
(182,272,26,31,1,1722236400,1722236400),
(183,272,30,31,1,1722236520,1722236580),
(184,272,0,31,1,1722236640,1722236640),
(185,272,26,31,1,1722236760,1722236760),
(186,272,26,31,1,1722236940,1722236940),
(187,272,26,31,1,1722237120,1722237120),
(188,272,26,31,1,1722237240,1722237240),
(189,272,0,31,1,1722237300,1722237360),
(190,272,0,31,1,1722237540,1722237540),
(191,272,0,31,1,1722237600,1722237600),
(192,272,0,31,1,1722240060,1722240120),
(193,272,26,31,1,1722240360,1722240360),
(194,272,0,31,1,1722240420,1722240420),
(195,272,0,31,1,1722241500,1722241560),
(196,272,0,31,1,1722241620,1722241620),
(197,272,0,31,1,1722241680,1722241680),
(198,272,0,31,1,1722242460,1722242460),
(199,272,0,31,1,1722242700,1722242700),
(200,272,0,31,1,1722243060,1722243060),
(201,272,0,31,1,1722243240,1722243420),
(202,272,0,31,1,1722243480,1722243480),
(203,272,0,31,1,1722243780,1722243840),
(204,272,0,31,1,1722243960,1722243960),
(205,272,0,31,1,1722244380,1722244380),
(206,272,0,31,1,1722244500,1722244500),
(207,272,0,31,1,1722244680,1722244680),
(208,272,0,31,1,1722244920,1722244920),
(209,272,0,31,1,1722247320,1722247320),
(210,272,0,31,1,1722247380,1722247380),
(211,272,0,31,1,1722249180,1722249180),
(212,272,0,31,1,1722258720,1722258720),
(213,233,0,31,1,1722261180,1722261180),
(214,233,0,31,0,1722261300,0),
(215,272,0,35,1,1722261720,1722261780),
(216,272,30,35,1,1722261780,1722261780),
(217,233,0,31,0,1722262740,0),
(218,233,0,31,0,1722262740,0),
(219,272,0,31,1,1722311880,1722311880),
(220,233,0,31,1,1722326580,1722326580),
(221,272,0,31,0,1722334140,0),
(222,272,34,31,1,1722357540,1722357540),
(223,272,33,31,1,1722357540,1722357540),
(224,272,32,31,1,1722357540,1722357540),
(225,272,30,31,0,1722357540,0),
(226,272,29,31,1,1722357600,1722357600),
(227,272,0,31,1,1722357720,1722357720),
(228,272,0,31,1,1723049040,1723049100),
(229,272,0,31,1,1723081560,1723081620),
(230,272,0,31,1,1723081980,1723082100),
(231,272,0,31,1,1723112940,1723113000),
(232,272,0,31,1,1723113000,1723113060),
(233,272,0,31,1,1723166940,1723167000),
(234,272,0,31,1,1723167060,1723167120),
(235,233,0,31,1,1723167120,1723167120),
(236,272,0,31,1,1723167120,1723167120),
(237,272,0,31,1,1723169880,1723169880),
(238,272,0,31,0,1723174380,0),
(239,272,0,31,1,1723174440,1723174500),
(240,272,0,31,1,1723187040,1723187040),
(241,272,0,31,1,1723188120,1723188120),
(242,272,0,31,1,1723188720,1723188720),
(243,272,0,31,1,1723473900,1723473900),
(244,272,0,31,1,1723473960,1723473960),
(245,272,0,31,1,1723474200,1723474200);

/*Table structure for table `olala3w_self_test_answer` */

DROP TABLE IF EXISTS `olala3w_self_test_answer`;

CREATE TABLE `olala3w_self_test_answer` (
  `self_test_answer_id` double NOT NULL AUTO_INCREMENT,
  `self_test_id` double NOT NULL DEFAULT 0,
  `user_id` int(11) NOT NULL DEFAULT 0,
  `library_id` bigint(20) NOT NULL DEFAULT 0,
  `type` int(1) NOT NULL DEFAULT 0 COMMENT '0: Trắc nghiệm; 1: Tự luận',
  `answer` text NOT NULL,
  `test` int(1) NOT NULL DEFAULT 0 COMMENT '0: Sai; 1: Đúng',
  `modified_time` int(11) NOT NULL DEFAULT 0,
  PRIMARY KEY (`self_test_answer_id`)
) ENGINE=InnoDB AUTO_INCREMENT=1040 DEFAULT CHARSET=utf8;

/*Data for the table `olala3w_self_test_answer` */

insert  into `olala3w_self_test_answer`(`self_test_answer_id`,`self_test_id`,`user_id`,`library_id`,`type`,`answer`,`test`,`modified_time`) values 
(170,1,25,8,0,'[46]',0,1504851300),
(171,1,25,6,0,'[35]',1,1504851300),
(172,1,25,5,0,'[41,42,43]',0,1504851300),
(173,1,25,7,0,'[38]',0,1504851300),
(174,1,25,9,1,'[\"Kiểm tra thử...\"]',0,1504851300),
(175,6,25,7,0,'[37]',0,1504852080),
(176,6,25,4,0,'[]',0,1504852080),
(177,6,25,2,0,'[32]',1,1504852080),
(178,6,25,5,0,'[42,43,44]',0,1504852080),
(179,6,25,9,1,'[]',0,1504852080),
(180,8,25,7,0,'[39]',1,1504852320),
(181,8,25,8,0,'[48]',0,1504852320),
(182,8,25,6,0,'[35]',1,1504852320),
(183,8,25,5,0,'[42,43,44]',0,1504852320),
(184,8,25,9,1,'[]',0,1504852320),
(185,15,25,1,0,'[15]',1,1505152080),
(186,15,25,2,0,'[10]',1,1505152080),
(187,16,25,1,0,'[15]',1,1505152440),
(188,16,25,2,0,'[10]',1,1505152440),
(189,17,25,10,0,'[46]',1,1505157600),
(190,17,25,11,0,'[49,50]',1,1505157600),
(191,17,25,2,0,'[]',0,1505157600),
(192,17,25,1,0,'[]',0,1505157600),
(193,20,25,11,0,'[]',0,1508316060),
(194,20,25,2,0,'[]',0,1508316060),
(195,20,25,1,0,'[]',0,1508316060),
(196,20,25,10,0,'[]',0,1508316060),
(197,21,25,10,0,'[44]',0,1509350460),
(198,21,25,11,0,'[50]',0,1509350460),
(199,21,25,2,0,'[11]',0,1509350460),
(200,21,25,1,0,'[14]',0,1509350460),
(201,22,31,18,0,'[89]',0,1717836480),
(202,22,31,17,0,'[85]',0,1717836480),
(203,22,31,14,1,'[\"lll\"]',0,1717836480),
(204,23,31,17,0,'[85,86]',0,1717836960),
(205,23,31,18,0,'[89]',0,1717836960),
(206,23,31,14,1,'[\"ok\"]',0,1717836960),
(207,24,1,17,0,'[85]',0,1718421480),
(208,24,1,18,0,'[90]',0,1718421480),
(209,24,1,14,1,'[\"ok\"]',0,1718421480),
(210,25,1,18,0,'[89]',0,1718638380),
(211,25,1,17,0,'[86]',0,1718638380),
(212,25,1,14,1,'[\"ok\"]',0,1718638380),
(213,26,1,17,0,'[106]',1,1718704800),
(214,26,1,18,0,'[103]',1,1718704800),
(215,27,1,17,0,'[106]',1,1718705340),
(216,27,1,18,0,'[103]',1,1718705340),
(217,28,1,18,0,'[103]',1,1718765340),
(218,28,1,17,0,'[106]',1,1718765340),
(219,29,1,17,0,'[106]',1,1718790540),
(220,29,1,18,0,'[103]',1,1718790540),
(221,30,1,18,0,'[103]',1,1718790840),
(222,30,1,17,0,'[106]',1,1718790840),
(223,31,1,18,0,'[]',0,1718790900),
(224,31,1,17,0,'[]',0,1718790900),
(225,35,31,18,0,'[103]',1,1718796960),
(226,35,31,17,0,'[106]',1,1718796960),
(227,36,31,18,0,'[103]',1,1718851200),
(228,36,31,17,0,'[106]',1,1718851200),
(229,37,31,17,0,'[]',0,1718861040),
(230,37,31,18,0,'[]',0,1718861040),
(231,38,1,17,0,'[]',0,1718887440),
(232,38,1,18,0,'[]',0,1718887440),
(233,39,1,18,0,'[131]',1,1718887560),
(234,39,1,17,0,'[126]',1,1718887560),
(235,41,1,18,0,'[130]',0,1718888040),
(236,41,1,17,0,'[]',0,1718888040),
(237,42,1,17,0,'[126]',1,1718941620),
(238,42,1,19,0,'[139]',1,1718941620),
(239,42,1,20,0,'[144]',1,1718941620),
(240,42,1,22,0,'[153]',0,1718941620),
(241,42,1,18,0,'[131]',1,1718941620),
(242,42,1,21,0,'[146]',0,1718941620),
(243,43,1,10,0,'[]',0,1718941680),
(244,43,1,19,0,'[]',0,1718941680),
(245,43,1,17,0,'[]',0,1718941680),
(246,43,1,21,0,'[]',0,1718941680),
(247,43,1,20,0,'[]',0,1718941680),
(248,43,1,22,0,'[]',0,1718941680),
(249,43,1,18,0,'[]',0,1718941680),
(250,44,1,21,0,'[]',0,1718941800),
(251,44,1,20,0,'[]',0,1718941800),
(252,44,1,19,0,'[]',0,1718941800),
(253,44,1,1,0,'[]',0,1718941800),
(254,44,1,17,0,'[]',0,1718941800),
(255,44,1,2,0,'[]',0,1718941800),
(256,44,1,10,0,'[]',0,1718941800),
(257,44,1,22,0,'[]',0,1718941800),
(258,44,1,18,0,'[131]',1,1718941800),
(259,46,1,18,0,'[]',0,1718964540),
(260,46,1,1,0,'[]',0,1718964540),
(261,46,1,20,0,'[]',0,1718964540),
(262,46,1,10,0,'[]',0,1718964540),
(263,46,1,17,0,'[128]',0,1718964540),
(264,46,1,2,0,'[]',0,1718964540),
(265,46,1,22,0,'[]',0,1718964540),
(266,46,1,21,0,'[]',0,1718964540),
(267,46,1,19,0,'[]',0,1718964540),
(268,47,31,20,0,'[]',0,1718981460),
(269,47,31,17,0,'[]',0,1718981460),
(270,47,31,1,0,'[]',0,1718981460),
(271,47,31,19,0,'[]',0,1718981460),
(272,47,31,10,0,'[]',0,1718981460),
(273,47,31,21,0,'[]',0,1718981460),
(274,47,31,2,0,'[]',0,1718981460),
(275,47,31,18,0,'[]',0,1718981460),
(276,47,31,22,0,'[]',0,1718981460),
(277,49,31,20,0,'[]',0,1718984100),
(278,49,31,18,0,'[]',0,1718984100),
(279,49,31,21,0,'[]',0,1718984100),
(280,49,31,10,0,'[]',0,1718984100),
(281,49,31,19,0,'[]',0,1718984100),
(282,49,31,22,0,'[]',0,1718984100),
(283,49,31,1,0,'[]',0,1718984100),
(284,49,31,17,0,'[]',0,1718984100),
(285,49,31,2,0,'[]',0,1718984100),
(286,52,31,1,0,'[]',0,1718984100),
(287,52,31,18,0,'[]',0,1718984100),
(288,52,31,20,0,'[]',0,1718984100),
(289,52,31,21,0,'[]',0,1718984100),
(290,52,31,22,0,'[]',0,1718984100),
(291,52,31,10,0,'[]',0,1718984100),
(292,52,31,2,0,'[]',0,1718984100),
(293,52,31,19,0,'[]',0,1718984100),
(294,52,31,17,0,'[]',0,1718984100),
(295,54,31,1,0,'[]',0,1719060660),
(296,54,31,19,0,'[]',0,1719060660),
(297,54,31,18,0,'[]',0,1719060660),
(298,54,31,10,0,'[]',0,1719060660),
(299,54,31,17,0,'[]',0,1719060660),
(300,54,31,2,0,'[]',0,1719060660),
(301,54,31,20,0,'[]',0,1719060660),
(302,54,31,22,0,'[]',0,1719060660),
(303,54,31,21,0,'[]',0,1719060660),
(304,55,31,22,0,'[]',0,1719068580),
(305,55,31,2,0,'[]',0,1719068580),
(306,55,31,19,0,'[]',0,1719068580),
(307,55,31,18,0,'[]',0,1719068580),
(308,55,31,20,0,'[]',0,1719068580),
(309,55,31,10,0,'[]',0,1719068580),
(310,55,31,17,0,'[]',0,1719068580),
(311,55,31,1,0,'[]',0,1719068580),
(312,55,31,21,0,'[]',0,1719068580),
(313,56,31,20,0,'[142]',0,1719069240),
(314,56,31,22,0,'[152]',0,1719069240),
(315,56,31,17,0,'[129]',0,1719069240),
(316,56,31,1,0,'[162]',0,1719069240),
(317,56,31,10,0,'[154]',0,1719069240),
(318,56,31,19,0,'[139]',1,1719069240),
(319,56,31,18,0,'[133]',0,1719069240),
(320,56,31,21,0,'[149]',1,1719069240),
(321,56,31,2,0,'[159]',1,1719069240),
(322,57,31,19,0,'[]',0,1719069360),
(323,57,31,10,0,'[]',0,1719069360),
(324,57,31,21,0,'[]',0,1719069360),
(325,57,31,18,0,'[]',0,1719069360),
(326,57,31,22,0,'[]',0,1719069360),
(327,57,31,1,0,'[]',0,1719069360),
(328,57,31,2,0,'[]',0,1719069360),
(329,57,31,17,0,'[]',0,1719069360),
(330,57,31,20,0,'[]',0,1719069360),
(331,58,1,22,0,'[]',0,1719308880),
(332,58,1,1,0,'[]',0,1719308880),
(333,58,1,21,0,'[]',0,1719308880),
(334,58,1,2,0,'[]',0,1719308880),
(335,58,1,18,0,'[]',0,1719308880),
(336,58,1,17,0,'[]',0,1719308880),
(337,58,1,20,0,'[]',0,1719308880),
(338,58,1,19,0,'[]',0,1719308880),
(339,58,1,10,0,'[]',0,1719308880),
(340,59,1,1,0,'[164]',1,1719454680),
(341,59,1,17,0,'[]',0,1719454680),
(342,59,1,22,0,'[]',0,1719454680),
(343,59,1,21,0,'[]',0,1719454680),
(344,59,1,20,0,'[]',0,1719454680),
(345,59,1,19,0,'[]',0,1719454680),
(346,59,1,2,0,'[]',0,1719454680),
(347,59,1,10,0,'[]',0,1719454680),
(348,59,1,18,0,'[]',0,1719454680),
(349,60,1,21,0,'[]',0,1719534780),
(350,60,1,17,0,'[126]',1,1719534780),
(351,60,1,22,0,'[]',0,1719534780),
(352,60,1,1,0,'[]',0,1719534780),
(353,60,1,18,0,'[]',0,1719534780),
(354,60,1,20,0,'[]',0,1719534780),
(355,60,1,19,0,'[]',0,1719534780),
(356,60,1,2,0,'[]',0,1719534780),
(357,60,1,10,0,'[]',0,1719534780),
(358,61,1,17,0,'[129]',0,1719534960),
(359,61,1,2,0,'[]',0,1719534960),
(360,61,1,18,0,'[]',0,1719534960),
(361,61,1,21,0,'[]',0,1719534960),
(362,61,1,1,0,'[]',0,1719534960),
(363,61,1,20,0,'[]',0,1719534960),
(364,61,1,22,0,'[]',0,1719534960),
(365,61,1,19,0,'[]',0,1719534960),
(366,61,1,10,0,'[]',0,1719534960),
(367,62,1,21,0,'[]',0,1719535800),
(368,62,1,1,0,'[]',0,1719535800),
(369,62,1,22,0,'[]',0,1719535800),
(370,62,1,17,0,'[]',0,1719535800),
(371,62,1,10,0,'[]',0,1719535800),
(372,62,1,20,0,'[]',0,1719535800),
(373,62,1,2,0,'[]',0,1719535800),
(374,62,1,19,0,'[]',0,1719535800),
(375,62,1,18,0,'[]',0,1719535800),
(376,63,1,17,0,'[]',0,1719535860),
(377,63,1,20,0,'[]',0,1719535860),
(378,63,1,19,0,'[]',0,1719535860),
(379,63,1,21,0,'[]',0,1719535860),
(380,63,1,1,0,'[]',0,1719535860),
(381,63,1,18,0,'[]',0,1719535860),
(382,63,1,2,0,'[]',0,1719535860),
(383,63,1,10,0,'[]',0,1719535860),
(384,63,1,22,0,'[]',0,1719535860),
(385,65,1,1,0,'[162]',0,1719535920),
(386,65,1,18,0,'[]',0,1719535920),
(387,65,1,21,0,'[]',0,1719535920),
(388,65,1,10,0,'[]',0,1719535920),
(389,65,1,20,0,'[]',0,1719535920),
(390,65,1,22,0,'[]',0,1719535920),
(391,65,1,19,0,'[]',0,1719535920),
(392,65,1,2,0,'[]',0,1719535920),
(393,65,1,17,0,'[]',0,1719535920),
(394,66,1,22,0,'[]',0,1719538260),
(395,66,1,17,0,'[]',0,1719538260),
(396,66,1,18,0,'[]',0,1719538260),
(397,66,1,21,0,'[]',0,1719538260),
(398,66,1,1,0,'[]',0,1719538260),
(399,66,1,10,0,'[]',0,1719538260),
(400,66,1,20,0,'[]',0,1719538260),
(401,66,1,2,0,'[]',0,1719538260),
(402,66,1,19,0,'[]',0,1719538260),
(403,67,1,21,0,'[]',0,1719540840),
(404,67,1,18,0,'[]',0,1719540840),
(405,67,1,20,0,'[]',0,1719540840),
(406,67,1,1,0,'[]',0,1719540840),
(407,67,1,2,0,'[]',0,1719540840),
(408,67,1,22,0,'[]',0,1719540840),
(409,67,1,17,0,'[]',0,1719540840),
(410,67,1,19,0,'[]',0,1719540840),
(411,67,1,10,0,'[]',0,1719540840),
(412,69,31,10,0,'[]',0,1719671280),
(413,69,31,22,0,'[]',0,1719671280),
(414,69,31,20,0,'[]',0,1719671280),
(415,69,31,19,0,'[]',0,1719671280),
(416,69,31,17,0,'[]',0,1719671280),
(417,69,31,18,0,'[]',0,1719671280),
(418,69,31,2,0,'[]',0,1719671280),
(419,69,31,21,0,'[]',0,1719671280),
(420,70,31,2,0,'[159]',1,1719675660),
(421,70,31,18,0,'[167]',1,1719675660),
(422,70,31,10,0,'[156]',1,1719675660),
(423,70,31,21,0,'[148]',0,1719675660),
(424,70,31,19,0,'[138]',0,1719675660),
(425,70,31,20,0,'[143]',0,1719675660),
(426,70,31,1,0,'[180]',1,1719675660),
(427,70,31,17,0,'[126]',1,1719675660),
(428,70,31,22,0,'[151]',0,1719675660),
(429,70,31,23,0,'[186]',1,1719675660),
(430,71,31,20,0,'[]',0,1719756420),
(431,71,31,21,0,'[]',0,1719756420),
(432,71,31,2,0,'[]',0,1719756420),
(433,71,31,1,0,'[]',0,1719756420),
(434,71,31,23,0,'[]',0,1719756420),
(435,71,31,22,0,'[]',0,1719756420),
(436,71,31,19,0,'[]',0,1719756420),
(437,71,31,10,0,'[]',0,1719756420),
(438,71,31,18,0,'[]',0,1719756420),
(439,71,31,17,0,'[]',0,1719756420),
(440,73,31,2,0,'[159]',1,1719916920),
(441,73,31,21,0,'[147]',0,1719916920),
(442,73,31,19,0,'[140]',0,1719916920),
(443,73,31,23,0,'[186]',1,1719916920),
(444,73,31,22,0,'[151]',0,1719916920),
(445,73,31,1,0,'[180]',1,1719916920),
(446,73,31,17,0,'[126]',1,1719916920),
(447,73,31,20,0,'[144]',1,1719916920),
(448,73,31,18,0,'[167]',1,1719916920),
(449,73,31,10,0,'[156]',1,1719916920),
(450,75,31,1,0,'[180]',1,1720242120),
(451,75,31,21,0,'[]',0,1720242120),
(452,75,31,2,0,'[]',0,1720242120),
(453,75,31,23,0,'[188]',0,1720242120),
(454,75,31,18,0,'[]',0,1720242120),
(455,75,31,19,0,'[]',0,1720242120),
(456,75,31,10,0,'[]',0,1720242120),
(457,75,31,20,0,'[]',0,1720242120),
(458,75,31,17,0,'[]',0,1720242120),
(459,75,31,22,0,'[152]',0,1720242120),
(460,76,31,48,0,'[277]',0,1720428420),
(461,76,31,39,0,'[296]',1,1720428420),
(462,76,31,53,0,'[287]',1,1720428420),
(463,76,31,44,0,'[265]',1,1720428420),
(464,76,31,52,0,'[285]',1,1720428420),
(465,76,31,43,0,'[294]',1,1720428420),
(466,76,31,50,0,'[281]',1,1720428420),
(467,76,31,45,0,'[267]',1,1720428420),
(468,76,31,40,0,'[248]',1,1720428420),
(469,76,31,51,0,'[283]',1,1720428420),
(470,77,31,278,0,'[924]',1,1720598760),
(471,77,31,267,0,'[886]',1,1720598760),
(472,77,31,272,0,'[908]',1,1720598760),
(473,77,31,275,0,'[916]',1,1720598760),
(474,77,31,277,0,'[922]',0,1720598760),
(475,77,31,268,0,'[891]',1,1720598760),
(476,77,31,271,0,'[904]',1,1720598760),
(477,77,31,280,0,'[928]',1,1720598760),
(478,77,31,281,0,'[930]',1,1720598760),
(479,77,31,279,0,'[926]',1,1720598760),
(480,78,31,295,0,'[975]',1,1720600140),
(481,78,31,282,0,'[933]',1,1720600140),
(482,78,31,294,0,'[973]',1,1720600140),
(483,78,31,284,0,'[940]',1,1720600140),
(484,78,31,290,0,'[963]',1,1720600140),
(485,78,31,293,0,'[971]',1,1720600140),
(486,78,31,291,0,'[966]',1,1720600140),
(487,78,31,283,0,'[938]',1,1720600140),
(488,78,31,296,0,'[977]',1,1720600140),
(489,78,31,289,0,'[961]',1,1720600140),
(490,79,31,284,0,'[940]',1,1720624380),
(491,79,31,291,0,'[966]',1,1720624380),
(492,79,31,293,0,'[971]',1,1720624380),
(493,79,31,287,0,'[955]',1,1720624380),
(494,79,31,283,0,'[938]',1,1720624380),
(495,79,31,292,0,'[969]',0,1720624380),
(496,79,31,289,0,'[961]',1,1720624380),
(497,79,31,296,0,'[977]',1,1720624380),
(498,79,31,294,0,'[973]',1,1720624380),
(499,79,31,282,0,'[933]',1,1720624380),
(500,80,31,290,0,'[963]',1,1720624440),
(501,80,31,283,0,'[938]',1,1720624440),
(502,80,31,294,0,'[973]',1,1720624440),
(503,80,31,288,0,'[957]',1,1720624440),
(504,80,31,291,0,'[966]',1,1720624440),
(505,80,31,286,0,'[951]',1,1720624440),
(506,80,31,293,0,'[971]',1,1720624440),
(507,80,31,282,0,'[933]',1,1720624440),
(508,80,31,287,0,'[955]',1,1720624440),
(509,80,31,284,0,'[940]',1,1720624440),
(510,81,31,289,0,'[]',0,1720686540),
(511,81,31,287,0,'[]',0,1720686540),
(512,81,31,284,0,'[]',0,1720686540),
(513,81,31,290,0,'[]',0,1720686540),
(514,81,31,293,0,'[]',0,1720686540),
(515,81,31,294,0,'[]',0,1720686540),
(516,81,31,292,0,'[]',0,1720686540),
(517,81,31,288,0,'[]',0,1720686540),
(518,81,31,295,0,'[]',0,1720686540),
(519,81,31,291,0,'[]',0,1720686540),
(520,82,31,292,0,'[968]',0,1720709880),
(521,82,31,286,0,'[951]',1,1720709880),
(522,82,31,294,0,'[]',0,1720709880),
(523,82,31,295,0,'[975]',1,1720709880),
(524,82,31,284,0,'[]',0,1720709880),
(525,82,31,288,0,'[957]',1,1720709880),
(526,82,31,289,0,'[961]',1,1720709880),
(527,82,31,293,0,'[]',0,1720709880),
(528,82,31,287,0,'[955]',1,1720709880),
(529,82,31,285,0,'[946]',1,1720709880),
(530,85,35,293,0,'[971]',1,1721178840),
(531,85,35,296,0,'[977]',1,1721178840),
(532,85,35,294,0,'[973]',1,1721178840),
(533,85,35,286,0,'[951]',1,1721178840),
(534,85,35,288,0,'[957]',1,1721178840),
(535,85,35,290,0,'[963]',1,1721178840),
(536,85,35,289,0,'[961]',1,1721178840),
(537,85,35,284,0,'[940]',1,1721178840),
(538,85,35,291,0,'[966]',1,1721178840),
(539,85,35,282,0,'[933]',1,1721178840),
(540,86,36,292,0,'[]',0,1721179260),
(541,86,36,284,0,'[]',0,1721179260),
(542,86,36,286,0,'[]',0,1721179260),
(543,86,36,290,0,'[]',0,1721179260),
(544,86,36,285,0,'[]',0,1721179260),
(545,86,36,295,0,'[]',0,1721179260),
(546,86,36,288,0,'[]',0,1721179260),
(547,86,36,296,0,'[]',0,1721179260),
(548,86,36,287,0,'[]',0,1721179260),
(549,86,36,291,0,'[]',0,1721179260),
(550,87,36,296,0,'[]',0,1721179740),
(551,87,36,292,0,'[]',0,1721179740),
(552,87,36,288,0,'[]',0,1721179740),
(553,87,36,291,0,'[]',0,1721179740),
(554,87,36,282,0,'[]',0,1721179740),
(555,87,36,289,0,'[]',0,1721179740),
(556,87,36,286,0,'[]',0,1721179740),
(557,87,36,294,0,'[]',0,1721179740),
(558,87,36,283,0,'[]',0,1721179740),
(559,87,36,284,0,'[]',0,1721179740),
(560,88,36,287,0,'[955]',1,1721179860),
(561,88,36,288,0,'[957]',1,1721179860),
(562,88,36,285,0,'[946]',1,1721179860),
(563,88,36,283,0,'[938]',1,1721179860),
(564,88,36,286,0,'[951]',1,1721179860),
(565,88,36,294,0,'[973]',1,1721179860),
(566,88,36,296,0,'[977]',1,1721179860),
(567,88,36,284,0,'[940]',1,1721179860),
(568,88,36,292,0,'[969]',0,1721179860),
(569,88,36,295,0,'[975]',1,1721179860),
(570,89,37,291,0,'[966]',1,1721180700),
(571,89,37,295,0,'[975]',1,1721180700),
(572,89,37,285,0,'[942]',0,1721180700),
(573,89,37,290,0,'[964]',0,1721180700),
(574,89,37,293,0,'[971]',1,1721180700),
(575,89,37,294,0,'[973]',1,1721180700),
(576,89,37,288,0,'[957]',1,1721180700),
(577,89,37,296,0,'[977]',1,1721180700),
(578,89,37,284,0,'[940]',1,1721180700),
(579,89,37,289,0,'[961]',1,1721180700),
(580,90,39,282,0,'[932]',0,1721181840),
(581,90,39,284,0,'[941]',0,1721181840),
(582,90,39,285,0,'[945]',0,1721181840),
(583,90,39,296,0,'[977]',1,1721181840),
(584,90,39,292,0,'[968]',0,1721181840),
(585,90,39,283,0,'[935]',0,1721181840),
(586,90,39,286,0,'[947]',0,1721181840),
(587,90,39,294,0,'[974]',0,1721181840),
(588,90,39,291,0,'[966]',1,1721181840),
(589,90,39,295,0,'[975]',1,1721181840),
(590,91,40,294,0,'[973]',1,1721182200),
(591,91,40,284,0,'[940]',1,1721182200),
(592,91,40,288,0,'[957]',1,1721182200),
(593,91,40,285,0,'[944]',0,1721182200),
(594,91,40,295,0,'[]',0,1721182200),
(595,91,40,292,0,'[969]',0,1721182200),
(596,91,40,283,0,'[935]',0,1721182200),
(597,91,40,290,0,'[963]',1,1721182200),
(598,91,40,296,0,'[977]',1,1721182200),
(599,91,40,282,0,'[934]',0,1721182200),
(600,92,41,292,0,'[968]',0,1721182800),
(601,92,41,284,0,'[940]',1,1721182800),
(602,92,41,286,0,'[951]',1,1721182800),
(603,92,41,293,0,'[972]',0,1721182800),
(604,92,41,289,0,'[961]',1,1721182800),
(605,92,41,288,0,'[958]',0,1721182800),
(606,92,41,282,0,'[933]',1,1721182800),
(607,92,41,287,0,'[955]',1,1721182800),
(608,92,41,283,0,'[938]',1,1721182800),
(609,92,41,290,0,'[962]',0,1721182800),
(610,93,42,295,0,'[975]',1,1721183220),
(611,93,42,289,0,'[961]',1,1721183220),
(612,93,42,293,0,'[971]',1,1721183220),
(613,93,42,284,0,'[941]',0,1721183220),
(614,93,42,282,0,'[933]',1,1721183220),
(615,93,42,294,0,'[973]',1,1721183220),
(616,93,42,283,0,'[938]',1,1721183220),
(617,93,42,292,0,'[968]',0,1721183220),
(618,93,42,296,0,'[977]',1,1721183220),
(619,93,42,285,0,'[942]',0,1721183220),
(620,95,38,294,0,'[973]',1,1721183280),
(621,95,38,289,0,'[959]',0,1721183280),
(622,95,38,290,0,'[962]',0,1721183280),
(623,95,38,295,0,'[975]',1,1721183280),
(624,95,38,293,0,'[971]',1,1721183280),
(625,95,38,285,0,'[942]',0,1721183280),
(626,95,38,291,0,'[965]',0,1721183280),
(627,95,38,288,0,'[956]',0,1721183280),
(628,95,38,283,0,'[936]',0,1721183280),
(629,95,38,292,0,'[968]',0,1721183280),
(630,96,43,295,0,'[975]',1,1721183340),
(631,96,43,287,0,'[955]',1,1721183340),
(632,96,43,296,0,'[977]',1,1721183340),
(633,96,43,282,0,'[933]',1,1721183340),
(634,96,43,293,0,'[971]',1,1721183340),
(635,96,43,292,0,'[970]',1,1721183340),
(636,96,43,294,0,'[]',0,1721183340),
(637,96,43,288,0,'[957]',1,1721183340),
(638,96,43,285,0,'[946]',1,1721183340),
(639,96,43,284,0,'[940]',1,1721183340),
(640,98,31,319,0,'[]',0,1721443380),
(641,98,31,324,0,'[]',0,1721443380),
(642,98,31,321,0,'[]',0,1721443380),
(643,98,31,331,0,'[]',0,1721443380),
(644,98,31,318,0,'[]',0,1721443380),
(645,98,31,334,0,'[]',0,1721443380),
(646,98,31,333,0,'[]',0,1721443380),
(647,98,31,317,0,'[]',0,1721443380),
(648,98,31,326,0,'[]',0,1721443380),
(649,98,31,325,0,'[]',0,1721443380),
(650,102,31,317,0,'[]',0,1721443440),
(651,102,31,326,0,'[]',0,1721443440),
(652,102,31,322,0,'[]',0,1721443440),
(653,102,31,331,0,'[]',0,1721443440),
(654,102,31,327,0,'[]',0,1721443440),
(655,102,31,320,0,'[]',0,1721443440),
(656,102,31,330,0,'[]',0,1721443440),
(657,102,31,335,0,'[]',0,1721443440),
(658,102,31,333,0,'[]',0,1721443440),
(659,102,31,324,0,'[]',0,1721443440),
(660,103,31,324,0,'[]',0,1721443980),
(661,103,31,329,0,'[]',0,1721443980),
(662,103,31,325,0,'[]',0,1721443980),
(663,103,31,328,0,'[]',0,1721443980),
(664,103,31,320,0,'[]',0,1721443980),
(665,103,31,327,0,'[]',0,1721443980),
(666,103,31,318,0,'[]',0,1721443980),
(667,103,31,323,0,'[]',0,1721443980),
(668,103,31,330,0,'[]',0,1721443980),
(669,103,31,319,0,'[]',0,1721443980),
(670,104,31,354,0,'[1203]',0,1721445900),
(671,104,31,349,0,'[1183]',1,1721445900),
(672,104,31,355,0,'[1207]',1,1721445900),
(673,104,31,352,0,'[1194]',0,1721445900),
(674,104,31,353,0,'[1198]',0,1721445900),
(675,104,31,350,0,'[1186]',0,1721445900),
(676,104,31,358,0,'[]',0,1721445900),
(677,104,31,356,0,'[1209]',0,1721445900),
(678,104,31,351,0,'[1191]',1,1721445900),
(679,104,31,357,0,'[1212]',1,1721445900),
(680,106,31,409,0,'[1403]',1,1721446440),
(681,106,31,407,0,'[1392]',1,1721446440),
(682,106,31,414,0,'[1418]',1,1721446440),
(683,106,31,415,0,'[1421]',0,1721446440),
(684,106,31,408,0,'[1398]',1,1721446440),
(685,106,31,417,0,'[1425]',1,1721446440),
(686,106,31,410,0,'[1407]',1,1721446440),
(687,106,31,416,0,'[1423]',1,1721446440),
(688,106,31,411,0,'[1409]',1,1721446440),
(689,106,31,406,0,'[1390]',1,1721446440),
(690,109,31,364,0,'[1235]',0,1721482920),
(691,109,31,353,0,'[1198]',0,1721482920),
(692,109,31,359,0,'[1220]',1,1721482920),
(693,109,31,417,0,'[1425]',1,1721482920),
(694,109,31,415,0,'[1421]',0,1721482920),
(695,109,31,376,0,'[1272]',1,1721482920),
(696,109,31,375,0,'[1269]',1,1721482920),
(697,109,31,358,0,'[1216]',0,1721482920),
(698,109,31,349,0,'[1183]',1,1721482920),
(699,109,31,413,0,'[1415]',1,1721482920),
(700,110,31,357,0,'[1213]',0,1721615820),
(701,110,31,350,0,'[1186]',0,1721615820),
(702,110,31,354,0,'[1203]',0,1721615820),
(703,110,31,355,0,'[1206]',0,1721615820),
(704,110,31,351,0,'[1191]',1,1721615820),
(705,110,31,348,0,'[1180]',0,1721615820),
(706,110,31,349,0,'[1184]',0,1721615820),
(707,110,31,352,0,'[1195]',0,1721615820),
(708,110,31,353,0,'[1198]',0,1721615820),
(709,110,31,358,0,'[1215]',0,1721615820),
(710,111,31,355,0,'[1207]',1,1721958480),
(711,111,31,350,0,'[1187]',1,1721958480),
(712,111,31,356,0,'[1210]',1,1721958480),
(713,111,31,358,0,'[1216]',0,1721958480),
(714,111,31,357,0,'[1213]',0,1721958480),
(715,111,31,351,0,'[1191]',1,1721958480),
(716,111,31,354,0,'[1203]',0,1721958480),
(717,111,31,349,0,'[1183]',1,1721958480),
(718,111,31,352,0,'[1195]',0,1721958480),
(719,111,31,353,0,'[1197]',1,1721958480),
(720,112,31,348,0,'[1180]',0,1721993100),
(721,112,31,358,0,'[1216]',0,1721993100),
(722,112,31,357,0,'[1213]',0,1721993100),
(723,112,31,355,0,'[1207]',1,1721993100),
(724,112,31,352,0,'[1195]',0,1721993100),
(725,112,31,349,0,'[1182]',0,1721993100),
(726,112,31,350,0,'[1187]',1,1721993100),
(727,112,31,354,0,'[1203]',0,1721993100),
(728,112,31,356,0,'[1210]',1,1721993100),
(729,112,31,353,0,'[1197]',1,1721993100),
(730,114,31,372,0,'[1259]',1,1722009420),
(731,114,31,410,0,'[1406]',0,1722009420),
(732,114,31,378,0,'[1280]',1,1722009420),
(733,114,31,392,0,'[1326]',0,1722009420),
(734,114,31,393,0,'[1331]',1,1722009420),
(735,114,31,391,0,'[1323]',0,1722009420),
(736,114,31,371,0,'[1257]',1,1722009420),
(737,114,31,414,0,'[1418]',1,1722009420),
(738,114,31,385,0,'[1302]',1,1722009420),
(739,114,31,396,0,'[1341,1342,1343,1344,1351,1353,1355]',0,1722009420),
(740,115,31,392,0,'[]',0,1722009480),
(741,115,31,371,0,'[]',0,1722009480),
(742,115,31,350,0,'[]',0,1722009480),
(743,115,31,414,0,'[]',0,1722009480),
(744,115,31,419,0,'[]',0,1722009480),
(745,115,31,356,0,'[]',0,1722009480),
(746,115,31,359,0,'[]',0,1722009480),
(747,115,31,377,0,'[]',0,1722009480),
(748,115,31,364,0,'[]',0,1722009480),
(749,115,31,395,0,'[1340]',0,1722009480),
(750,116,31,417,0,'[]',0,1722009720),
(751,116,31,385,0,'[]',0,1722009720),
(752,116,31,401,0,'[]',0,1722009720),
(753,116,31,361,0,'[]',0,1722009720),
(754,116,31,398,0,'[]',0,1722009720),
(755,116,31,389,0,'[1317]',1,1722009720),
(756,116,31,352,0,'[1195]',0,1722009720),
(757,116,31,370,0,'[1253]',1,1722009720),
(758,116,31,348,0,'[1180]',0,1722009720),
(759,116,31,362,0,'[1230]',0,1722009720),
(760,117,31,357,0,'[]',0,1722049800),
(761,117,31,352,0,'[]',0,1722049800),
(762,117,31,354,0,'[]',0,1722049800),
(763,117,31,355,0,'[]',0,1722049800),
(764,117,31,349,0,'[]',0,1722049800),
(765,117,31,351,0,'[]',0,1722049800),
(766,117,31,350,0,'[]',0,1722049800),
(767,117,31,348,0,'[]',0,1722049800),
(768,117,31,353,0,'[]',0,1722049800),
(769,117,31,356,0,'[]',0,1722049800),
(770,118,31,382,0,'[]',0,1722051060),
(771,118,31,355,0,'[]',0,1722051060),
(772,118,31,407,0,'[]',0,1722051060),
(773,118,31,414,0,'[]',0,1722051060),
(774,118,31,353,0,'[]',0,1722051060),
(775,118,31,395,0,'[]',0,1722051060),
(776,118,31,364,0,'[]',0,1722051060),
(777,118,31,348,0,'[]',0,1722051060),
(778,118,31,402,0,'[]',0,1722051060),
(779,118,31,356,0,'[]',0,1722051060),
(780,119,31,418,0,'[]',0,1722051480),
(781,119,31,415,0,'[]',0,1722051480),
(782,119,31,412,0,'[]',0,1722051480),
(783,119,31,408,0,'[]',0,1722051480),
(784,119,31,398,0,'[]',0,1722051480),
(785,119,31,358,0,'[]',0,1722051480),
(786,119,31,410,0,'[]',0,1722051480),
(787,119,31,373,0,'[]',0,1722051480),
(788,119,31,406,0,'[]',0,1722051480),
(789,119,31,395,0,'[]',0,1722051480),
(790,124,31,354,0,'[]',0,1722065460),
(791,124,31,357,0,'[]',0,1722065460),
(792,124,31,352,0,'[]',0,1722065460),
(793,124,31,350,0,'[]',0,1722065460),
(794,124,31,353,0,'[]',0,1722065460),
(795,124,31,348,0,'[]',0,1722065460),
(796,124,31,358,0,'[]',0,1722065460),
(797,124,31,356,0,'[]',0,1722065460),
(798,124,31,351,0,'[]',0,1722065460),
(799,124,31,355,0,'[1207]',1,1722065460),
(800,125,31,354,0,'[]',0,1722065520),
(801,125,31,356,0,'[]',0,1722065520),
(802,125,31,349,0,'[]',0,1722065520),
(803,125,31,355,0,'[]',0,1722065520),
(804,125,31,348,0,'[]',0,1722065520),
(805,125,31,357,0,'[]',0,1722065520),
(806,125,31,358,0,'[]',0,1722065520),
(807,125,31,350,0,'[]',0,1722065520),
(808,125,31,351,0,'[]',0,1722065520),
(809,125,31,352,0,'[1195]',0,1722065520),
(810,130,31,354,0,'[]',0,1722065940),
(811,130,31,358,0,'[]',0,1722065940),
(812,130,31,356,0,'[]',0,1722065940),
(813,130,31,353,0,'[]',0,1722065940),
(814,130,31,357,0,'[]',0,1722065940),
(815,130,31,349,0,'[]',0,1722065940),
(816,130,31,351,0,'[]',0,1722065940),
(817,130,31,348,0,'[]',0,1722065940),
(818,130,31,352,0,'[1195]',0,1722065940),
(819,130,31,350,0,'[1187]',1,1722065940),
(820,135,31,348,0,'[]',0,1722066540),
(821,135,31,353,0,'[]',0,1722066540),
(822,135,31,355,0,'[]',0,1722066540),
(823,135,31,351,0,'[]',0,1722066540),
(824,135,31,354,0,'[]',0,1722066540),
(825,135,31,356,0,'[]',0,1722066540),
(826,135,31,358,0,'[]',0,1722066540),
(827,135,31,357,0,'[]',0,1722066540),
(828,135,31,352,0,'[1195]',0,1722066540),
(829,135,31,350,0,'[]',0,1722066540),
(830,137,31,351,0,'[]',0,1722073980),
(831,137,31,352,0,'[]',0,1722073980),
(832,137,31,358,0,'[]',0,1722073980),
(833,137,31,353,0,'[1199]',0,1722073980),
(834,137,31,348,0,'[1180]',0,1722073980),
(835,137,31,355,0,'[1207]',1,1722073980),
(836,137,31,350,0,'[]',0,1722073980),
(837,137,31,357,0,'[1213]',0,1722073980),
(838,137,31,354,0,'[1203]',0,1722073980),
(839,137,31,349,0,'[1183]',1,1722073980),
(840,139,31,363,0,'[1232]',0,1722074220),
(841,139,31,370,0,'[1253]',1,1722074220),
(842,139,31,375,0,'[1269]',1,1722074220),
(843,139,31,362,0,'[1229]',0,1722074220),
(844,139,31,365,0,'[]',0,1722074220),
(845,139,31,366,0,'[1240]',0,1722074220),
(846,139,31,361,0,'[1226]',1,1722074220),
(847,139,31,359,0,'[1220]',1,1722074220),
(848,139,31,373,0,'[1263]',0,1722074220),
(849,139,31,364,0,'[1235]',0,1722074220),
(850,146,31,403,0,'[]',0,1722180960),
(851,146,31,392,0,'[]',0,1722180960),
(852,146,31,364,0,'[]',0,1722180960),
(853,146,31,351,0,'[]',0,1722180960),
(854,146,31,352,0,'[1195]',0,1722180960),
(855,146,31,410,0,'[1407]',1,1722180960),
(856,146,31,369,0,'[]',0,1722180960),
(857,146,31,354,0,'[]',0,1722180960),
(858,146,31,417,0,'[]',0,1722180960),
(859,146,31,396,0,'[]',0,1722180960),
(860,147,31,357,0,'[1213]',0,1722181020),
(861,147,31,355,0,'[1207]',1,1722181020),
(862,147,31,358,0,'[]',0,1722181020),
(863,147,31,348,0,'[]',0,1722181020),
(864,147,31,353,0,'[1197]',1,1722181020),
(865,147,31,351,0,'[]',0,1722181020),
(866,147,31,352,0,'[]',0,1722181020),
(867,147,31,356,0,'[]',0,1722181020),
(868,147,31,354,0,'[]',0,1722181020),
(869,147,31,350,0,'[1186]',0,1722181020),
(870,148,31,366,0,'[]',0,1722181140),
(871,148,31,412,0,'[]',0,1722181140),
(872,148,31,417,0,'[]',0,1722181140),
(873,148,31,357,0,'[]',0,1722181140),
(874,148,31,365,0,'[]',0,1722181140),
(875,148,31,374,0,'[]',0,1722181140),
(876,148,31,389,0,'[1317]',1,1722181140),
(877,148,31,369,0,'[1251]',0,1722181140),
(878,148,31,381,0,'[1287]',0,1722181140),
(879,148,31,380,0,'[1284]',1,1722181140),
(880,149,31,350,0,'[1187]',1,1722183060),
(881,149,31,375,0,'[1269]',1,1722183060),
(882,149,31,387,0,'[1309]',1,1722183060),
(883,149,31,391,0,'[1324]',0,1722183060),
(884,149,31,349,0,'[1184]',0,1722183060),
(885,149,31,408,0,'[1398]',1,1722183060),
(886,149,31,362,0,'[1229]',0,1722183060),
(887,149,31,378,0,'[1280]',1,1722183060),
(888,149,31,374,0,'[1264]',1,1722183060),
(889,149,31,410,0,'[1407]',1,1722183060),
(890,150,31,363,0,'[1232]',0,1722183300),
(891,150,31,404,0,'[1383]',1,1722183300),
(892,150,31,352,0,'[1195]',0,1722183300),
(893,150,31,394,0,'[1336]',1,1722183300),
(894,150,31,378,0,'[1280]',1,1722183300),
(895,150,31,397,0,'[1358]',0,1722183300),
(896,150,31,389,0,'[1317]',1,1722183300),
(897,150,31,411,0,'[1409]',1,1722183300),
(898,150,31,410,0,'[1407]',1,1722183300),
(899,150,31,377,0,'[1276]',1,1722183300),
(900,151,31,394,0,'[1336]',1,1722183420),
(901,151,31,378,0,'[]',0,1722183420),
(902,151,31,417,0,'[1425]',1,1722183420),
(903,151,31,354,0,'[]',0,1722183420),
(904,151,31,412,0,'[1413]',1,1722183420),
(905,151,31,382,0,'[]',0,1722183420),
(906,151,31,377,0,'[]',0,1722183420),
(907,151,31,406,0,'[]',0,1722183420),
(908,151,31,366,0,'[]',0,1722183420),
(909,151,31,411,0,'[]',0,1722183420),
(910,152,31,386,0,'[1306]',1,1722183780),
(911,152,31,402,0,'[1372]',0,1722183780),
(912,152,31,360,0,'[1222]',0,1722183780),
(913,152,31,367,0,'[1245]',1,1722183780),
(914,152,31,355,0,'[1207]',1,1722183780),
(915,152,31,375,0,'[1269]',1,1722183780),
(916,152,31,370,0,'[1253]',1,1722183780),
(917,152,31,379,0,'[1282]',1,1722183780),
(918,152,31,372,0,'[1259]',1,1722183780),
(919,152,31,359,0,'[1220]',1,1722183780),
(920,153,31,404,0,'[1383]',1,1722184260),
(921,153,31,379,0,'[1281]',1,1722184260),
(922,153,31,357,0,'[1212]',1,1722184260),
(923,153,31,351,0,'[1191]',1,1722184260),
(924,153,31,401,0,'[1369]',0,1722184260),
(925,153,31,382,0,'[1291]',0,1722184260),
(926,153,31,419,0,'[1429]',1,1722184260),
(927,153,31,413,0,'[1415]',1,1722184260),
(928,153,31,387,0,'[1309]',1,1722184260),
(929,153,31,374,0,'[1264]',1,1722184260),
(930,154,31,401,0,'[1370]',1,1722184380),
(931,154,31,392,0,'[1326]',0,1722184380),
(932,154,31,356,0,'[1210]',1,1722184380),
(933,154,31,373,0,'[1263]',0,1722184380),
(934,154,31,417,0,'[1425]',1,1722184380),
(935,154,31,384,0,'[1298]',1,1722184380),
(936,154,31,382,0,'[1290]',0,1722184380),
(937,154,31,411,0,'[1409]',1,1722184380),
(938,154,31,352,0,'[1195]',0,1722184380),
(939,154,31,406,0,'[1390]',1,1722184380),
(940,155,31,361,0,'[1226]',1,1722184620),
(941,155,31,358,0,'[1216]',0,1722184620),
(942,155,31,398,0,'[1360]',0,1722184620),
(943,155,31,364,0,'[1236]',0,1722184620),
(944,155,31,406,0,'[1390]',1,1722184620),
(945,155,31,396,0,'[1353]',0,1722184620),
(946,155,31,372,0,'[1259]',1,1722184620),
(947,155,31,352,0,'[1195]',0,1722184620),
(948,155,31,407,0,'[1392]',1,1722184620),
(949,155,31,419,0,'[1429]',1,1722184620),
(950,156,31,400,0,'[1366]',0,1722184680),
(951,156,31,375,0,'[1269]',1,1722184680),
(952,156,31,366,0,'[1241]',1,1722184680),
(953,156,31,362,0,'[1227]',1,1722184680),
(954,156,31,391,0,'[1324]',0,1722184680),
(955,156,31,397,0,'[1358]',0,1722184680),
(956,156,31,387,0,'[1309]',1,1722184680),
(957,156,31,381,0,'[1288]',0,1722184680),
(958,156,31,380,0,'[1284]',1,1722184680),
(959,156,31,355,0,'[1207]',1,1722184680),
(960,157,31,417,0,'[1425]',1,1722184860),
(961,157,31,359,0,'[1220]',1,1722184860),
(962,157,31,348,0,'[1180]',0,1722184860),
(963,157,31,361,0,'[1225]',0,1722184860),
(964,157,31,369,0,'[1250]',1,1722184860),
(965,157,31,418,0,'[1427]',1,1722184860),
(966,157,31,368,0,'[1248]',0,1722184860),
(967,157,31,397,0,'[1358]',0,1722184860),
(968,157,31,396,0,'[]',0,1722184860),
(969,157,31,354,0,'[1203]',0,1722184860),
(970,158,31,404,0,'[1383]',1,1722185220),
(971,158,31,400,0,'[1367]',0,1722185220),
(972,158,31,352,0,'[1195]',0,1722185220),
(973,158,31,385,0,'[1302]',1,1722185220),
(974,158,31,392,0,'[1326]',0,1722185220),
(975,158,31,368,0,'[1248]',0,1722185220),
(976,158,31,410,0,'[1407]',1,1722185220),
(977,158,31,350,0,'[1187]',1,1722185220),
(978,158,31,405,0,'[1385]',1,1722185220),
(979,158,31,377,0,'[1276]',1,1722185220),
(980,159,31,385,0,'[1302]',1,1722212520),
(981,159,31,403,0,'[1379]',1,1722212520),
(982,159,31,415,0,'[1422]',1,1722212520),
(983,159,31,368,0,'[1248]',0,1722212520),
(984,159,31,411,0,'[1409]',1,1722212520),
(985,159,31,373,0,'[1263]',0,1722212520),
(986,159,31,374,0,'[1264]',1,1722212520),
(987,159,31,389,0,'[1317]',1,1722212520),
(988,159,31,372,0,'[1259]',1,1722212520),
(989,159,31,360,0,'[1222]',0,1722212520),
(990,160,31,398,0,'[1360]',0,1722218100),
(991,160,31,352,0,'[1195]',0,1722218100),
(992,160,31,369,0,'[1250]',1,1722218100),
(993,160,31,413,0,'[1415]',1,1722218100),
(994,160,31,400,0,'[1366]',0,1722218100),
(995,160,31,393,0,'[1331]',1,1722218100),
(996,160,31,394,0,'[1336]',1,1722218100),
(997,160,31,387,0,'[1309]',1,1722218100),
(998,160,31,366,0,'[1241]',1,1722218100),
(999,160,31,396,0,'[1355]',0,1722218100),
(1000,161,31,354,0,'[1203]',0,1722220200),
(1001,161,31,415,0,'[1421]',0,1722220200),
(1002,161,31,370,0,'[1253]',1,1722220200),
(1003,161,31,367,0,'[1244]',0,1722220200),
(1004,161,31,387,0,'[1309]',1,1722220200),
(1005,161,31,363,0,'[1232]',0,1722220200),
(1006,161,31,377,0,'[1276]',1,1722220200),
(1007,161,31,368,0,'[1248]',0,1722220200),
(1008,161,31,359,0,'[1220]',1,1722220200),
(1009,161,31,408,0,'[1398]',1,1722220200),
(1010,162,31,402,0,'[1371]',1,1722222420),
(1011,162,31,398,0,'[1360]',0,1722222420),
(1012,162,31,399,0,'[1363]',0,1722222420),
(1013,162,31,359,0,'[1220]',1,1722222420),
(1014,162,31,413,0,'[1415]',1,1722222420),
(1015,162,31,356,0,'[1210]',1,1722222420),
(1016,162,31,405,0,'[1385]',1,1722222420),
(1017,162,31,377,0,'[1276]',1,1722222420),
(1018,162,31,370,0,'[1253]',1,1722222420),
(1019,162,31,409,0,'[1403]',1,1722222420),
(1020,163,31,411,0,'[1409]',1,1722222900),
(1021,163,31,409,0,'[1403]',1,1722222900),
(1022,163,31,368,0,'[1248]',0,1722222900),
(1023,163,31,407,0,'[1393]',0,1722222900),
(1024,163,31,360,0,'[1222]',0,1722222900),
(1025,163,31,371,0,'[1257]',1,1722222900),
(1026,163,31,390,0,'[1320]',1,1722222900),
(1027,163,31,356,0,'[1210]',1,1722222900),
(1028,163,31,367,0,'[1244]',0,1722222900),
(1029,163,31,383,0,'[1294]',0,1722222900),
(1030,164,31,351,0,'[1191]',1,1722225420),
(1031,164,31,403,0,'[1379]',1,1722225420),
(1032,164,31,356,0,'[1210]',1,1722225420),
(1033,164,31,404,0,'[1383]',1,1722225420),
(1034,164,31,390,0,'[1320]',1,1722225420),
(1035,164,31,382,0,'[1290]',0,1722225420),
(1036,164,31,348,0,'[1180]',0,1722225420),
(1037,164,31,381,0,'[1286]',1,1722225420),
(1038,164,31,408,0,'[1398]',1,1722225420),
(1039,164,31,359,0,'[1220]',1,1722225420);

/*Table structure for table `olala3w_street` */

DROP TABLE IF EXISTS `olala3w_street`;

CREATE TABLE `olala3w_street` (
  `street_id` int(11) NOT NULL AUTO_INCREMENT,
  `name` varchar(255) NOT NULL,
  `slug` varchar(255) NOT NULL,
  `sort` int(11) NOT NULL DEFAULT 1,
  `is_active` int(1) NOT NULL DEFAULT 1,
  `hot` int(1) NOT NULL DEFAULT 0,
  `created_time` int(11) NOT NULL DEFAULT 0,
  `modified_time` int(11) NOT NULL DEFAULT 0,
  `user_id` int(11) DEFAULT 0,
  PRIMARY KEY (`street_id`)
) ENGINE=InnoDB DEFAULT CHARSET=utf8;

/*Data for the table `olala3w_street` */

/*Table structure for table `olala3w_teachers` */

DROP TABLE IF EXISTS `olala3w_teachers`;

CREATE TABLE `olala3w_teachers` (
  `teachers_id` int(11) NOT NULL AUTO_INCREMENT,
  `full_name` varchar(30) DEFAULT NULL,
  `birthday` int(11) DEFAULT NULL,
  `address` varchar(30) DEFAULT NULL,
  `hocvi` varchar(10) NOT NULL,
  `thongtin` varchar(200) DEFAULT NULL,
  `gender` int(1) NOT NULL,
  `email` varchar(255) NOT NULL,
  `phone` varchar(20) NOT NULL,
  `intro` text NOT NULL,
  `img` varchar(255) NOT NULL DEFAULT 'no',
  `is_active` int(1) NOT NULL DEFAULT 1,
  `vote` bigint(20) NOT NULL DEFAULT 1,
  `created_time` int(11) NOT NULL DEFAULT 0,
  `modified_time` int(11) NOT NULL DEFAULT 0,
  PRIMARY KEY (`teachers_id`)
) ENGINE=InnoDB AUTO_INCREMENT=19 DEFAULT CHARSET=utf8mb4;

/*Data for the table `olala3w_teachers` */

insert  into `olala3w_teachers`(`teachers_id`,`full_name`,`birthday`,`address`,`hocvi`,`thongtin`,`gender`,`email`,`phone`,`intro`,`img`,`is_active`,`vote`,`created_time`,`modified_time`) values 
(1,'Lê Bá Huy',708109200,'Hưng Yên','Thạc sĩ','test',1,'test@mail.com','0865251677','đẹp trai','u_1719656504_ff85b5756037aef7f42abfb81f5f0194.jpg',1,5,0,1719656503),
(11,'Lê Văn Test1',694285200,'Không rõ','Tiến sĩ',NULL,2,'test@mail.com','0865251679','đẹp trai','u_1719591996_598bc6dbf1273057f0ea351566e24e73.jpg',1,3,1719591996,1719656043),
(13,'Lê Văn Test2',694198800,'Không rõ','Tiến sĩ',NULL,1,'test@mail.com','0865251677','','u_1719634881_74a94eb9871c3f6d198964d942e73689.jpg',1,5,1719633465,1719660246),
(16,'Dương Trung Ý',694198800,'Không rõ','Tiến sĩ',NULL,1,'test@mail.com','0865251677','Phó giám đốc Học viện Chính trị quốc gia Hồ Chí Minh','no',1,5,1719829069,1719829106),
(17,'Nguyễn Phú Trọng',694198800,'Không rõ','Tiến sĩ',NULL,1,'test@mail.com','0865251677','','no',1,5,1720102718,1720602853),
(18,'Lê Văn Test 2024',694198800,'Không rõ','Tiến sĩ',NULL,1,'test@mail.com','0865251677','','no',1,3,1721956413,0);

/*Table structure for table `olala3w_test` */

DROP TABLE IF EXISTS `olala3w_test`;

CREATE TABLE `olala3w_test` (
  `test_id` int(11) NOT NULL AUTO_INCREMENT,
  `courses_id` int(11) NOT NULL DEFAULT 0,
  `content` text NOT NULL,
  `type` int(1) NOT NULL DEFAULT 0,
  `sort` int(11) NOT NULL DEFAULT 1,
  `is_active` int(1) NOT NULL DEFAULT 1,
  `created_time` int(11) NOT NULL DEFAULT 0,
  `user_id` int(11) NOT NULL DEFAULT 0,
  `modified_time` int(11) NOT NULL DEFAULT 0,
  `modified_user` int(11) NOT NULL DEFAULT 0,
  PRIMARY KEY (`test_id`)
) ENGINE=InnoDB AUTO_INCREMENT=15 DEFAULT CHARSET=utf8;

/*Data for the table `olala3w_test` */

insert  into `olala3w_test`(`test_id`,`courses_id`,`content`,`type`,`sort`,`is_active`,`created_time`,`user_id`,`modified_time`,`modified_user`) values 
(8,3,'<p>Câu thứ nhất.</p>\r\n',0,1,1,1477490987,1,1480086473,1),
(9,3,'<p>Câu thứ hai.</p>\r\n',0,2,1,1477491271,1,1477491271,0),
(10,3,'<p>Câu thứ ba.</p>\r\n',0,3,1,1477494040,1,1477494040,0),
(11,3,'<p>Câu tự luận...</p>\r\n',1,4,1,1477508779,1,1477508779,0),
(12,17,'<p>Abc</p>\r\n',0,1,1,1503617940,25,1503617940,0),
(13,22,'<p>câu này đáp án A</p>\r\n',0,1,1,1719747701,1,1719747701,0),
(14,22,'<div class=\"definition-list__group definition-list__group--type-title-top\">\r\n<dl>\r\n	<dd class=\"definition-list__description\" data-test=\"definition-list-description\">\r\n	<p class=\"article__p child\" id=\"i2ikac5_170\">Besides running and debugging an entire application on the web server, you may want to debug a specific PHP script in PhpStorm, or run a PHPUnit, Behat, or other test <a class=\"link\" data-test=\"internal-link \" href=\"https://www.jetbrains.com/help/phpstorm/performing-tests.html#RedebugFailedTests\" id=\"i2ikac5_171\" rel=\"\">with the debugging engine attached</a>.</p>\r\n\r\n	<p class=\"article__p child\" id=\"i2ikac5_172\">In this case, the debugging engine is set up together with the <a class=\"link\" data-test=\"internal-link \" href=\"https://www.jetbrains.com/help/phpstorm/configuring-local-interpreter.html\" id=\"i2ikac5_173\" rel=\"\">local</a> or <a class=\"link\" data-test=\"internal-link \" href=\"https://www.jetbrains.com/help/phpstorm/configuring-remote-interpreters.html\" id=\"i2ikac5_174\" rel=\"\">remote</a> PHP interpreter configured in PhpStorm.</p>\r\n\r\n	<p class=\"article__p child\" id=\"i2ikac5_175\">For more information, see <a class=\"link\" data-test=\"internal-link \" href=\"https://www.jetbrains.com/help/phpstorm/debugging-a-php-cli-script.html\" id=\"i2ikac5_176\" rel=\"\">Debug a PHP CLI script</a>.</p>\r\n	</dd>\r\n</dl>\r\n</div>\r\n\r\n<dl class=\"definition-list definition-list--type-title-top h2-related\" data-test=\"definition-list\">\r\n</dl>\r\n',1,2,1,1719747730,1,1719747730,0);

/*Table structure for table `olala3w_test_logs` */

DROP TABLE IF EXISTS `olala3w_test_logs`;

CREATE TABLE `olala3w_test_logs` (
  `test_logs_id` double NOT NULL AUTO_INCREMENT,
  `courses_id` int(11) NOT NULL DEFAULT 0,
  `user_id` int(11) NOT NULL DEFAULT 0,
  `count_correct` int(11) NOT NULL DEFAULT 0,
  `created_time` int(11) NOT NULL DEFAULT 0,
  PRIMARY KEY (`test_logs_id`)
) ENGINE=InnoDB AUTO_INCREMENT=29 DEFAULT CHARSET=utf8;

/*Data for the table `olala3w_test_logs` */

insert  into `olala3w_test_logs`(`test_logs_id`,`courses_id`,`user_id`,`count_correct`,`created_time`) values 
(23,3,1,3,1477627823),
(24,3,1,0,1477847358),
(25,22,31,0,1718687868),
(26,22,31,1,1719747767),
(27,26,31,0,1720452346),
(28,35,31,0,1723081587);

/*Table structure for table `olala3w_tour` */

DROP TABLE IF EXISTS `olala3w_tour`;

CREATE TABLE `olala3w_tour` (
  `tour_id` int(11) NOT NULL AUTO_INCREMENT,
  `tour_menu_id` int(11) NOT NULL,
  `name` varchar(255) NOT NULL,
  `img` varchar(255) NOT NULL DEFAULT 'no',
  `img_note` varchar(255) NOT NULL,
  `comment` text NOT NULL,
  `tour_keys` varchar(255) NOT NULL,
  `price` bigint(15) NOT NULL DEFAULT 0,
  `date_schedule` varchar(255) NOT NULL,
  `date_departure` int(11) NOT NULL DEFAULT 0,
  `means` varchar(255) NOT NULL,
  `tour_type` varchar(255) NOT NULL,
  `destination` varchar(255) NOT NULL,
  `sale` int(3) NOT NULL DEFAULT 0,
  `schedule` text NOT NULL,
  `price_list_service` text NOT NULL,
  `upload_id` bigint(20) NOT NULL,
  `maps` text NOT NULL,
  `video` text NOT NULL,
  `is_active` int(1) NOT NULL DEFAULT 1,
  `hot` int(1) NOT NULL DEFAULT 0,
  `pin` int(1) NOT NULL DEFAULT 0,
  `views` bigint(20) NOT NULL DEFAULT 1,
  `title` varchar(255) NOT NULL,
  `description` varchar(255) NOT NULL,
  `keywords` text NOT NULL,
  `created_time` int(11) NOT NULL DEFAULT 0,
  `modified_time` int(11) NOT NULL DEFAULT 0,
  `user_id` int(11) NOT NULL DEFAULT 0,
  PRIMARY KEY (`tour_id`)
) ENGINE=MyISAM AUTO_INCREMENT=25 DEFAULT CHARSET=utf8;

/*Data for the table `olala3w_tour` */

/*Table structure for table `olala3w_tour_menu` */

DROP TABLE IF EXISTS `olala3w_tour_menu`;

CREATE TABLE `olala3w_tour_menu` (
  `tour_menu_id` int(11) NOT NULL AUTO_INCREMENT,
  `category_id` int(11) NOT NULL,
  `name` varchar(255) NOT NULL,
  `slug` varchar(255) NOT NULL DEFAULT 'not-found',
  `title` varchar(255) NOT NULL,
  `description` varchar(255) NOT NULL,
  `keywords` text NOT NULL,
  `parent` int(11) NOT NULL DEFAULT 0,
  `sort` int(11) NOT NULL DEFAULT 1,
  `is_active` int(1) NOT NULL DEFAULT 1,
  `hot` int(1) NOT NULL DEFAULT 0,
  `img` varchar(255) NOT NULL DEFAULT 'no',
  `created_time` int(11) NOT NULL DEFAULT 0,
  `modified_time` int(11) NOT NULL DEFAULT 0,
  `user_id` int(11) NOT NULL DEFAULT 0,
  PRIMARY KEY (`tour_menu_id`)
) ENGINE=MyISAM AUTO_INCREMENT=157 DEFAULT CHARSET=utf8;

/*Data for the table `olala3w_tour_menu` */

/*Table structure for table `olala3w_uploads_tmp` */

DROP TABLE IF EXISTS `olala3w_uploads_tmp`;

CREATE TABLE `olala3w_uploads_tmp` (
  `upload_id` bigint(20) NOT NULL AUTO_INCREMENT,
  `status` int(1) NOT NULL DEFAULT 0,
  `list_img` text NOT NULL,
  `created_time` int(11) NOT NULL DEFAULT 0,
  PRIMARY KEY (`upload_id`)
) ENGINE=MyISAM AUTO_INCREMENT=1601 DEFAULT CHARSET=utf8;

/*Data for the table `olala3w_uploads_tmp` */

insert  into `olala3w_uploads_tmp`(`upload_id`,`status`,`list_img`,`created_time`) values 
(670,1,'',1435166069),
(671,1,'',1435166233),
(672,1,'',1435166690),
(697,1,'',1435864239),
(725,1,'',1437032394),
(677,1,'',1435714961),
(681,1,'',1435719594),
(719,1,'',1437031094),
(685,1,'',1435761258),
(687,1,'',1435788006),
(695,1,'',1435863876),
(729,1,'',1437034680),
(693,1,'',1435848070),
(650,1,'',1434352705),
(651,1,'',1434383172),
(652,1,'',1434386825),
(679,1,'',1435718549),
(657,1,'',1434937452),
(619,1,'',1433263662),
(620,1,'',1433268965),
(621,1,'',1433269022),
(622,1,'',1433277252),
(623,1,'',1433277326),
(626,1,'',1433432146),
(627,1,'',1433437322),
(628,1,'',1433437357),
(629,1,'',1433438164),
(630,1,'',1433438567),
(631,1,'',1433438885),
(632,1,'',1433440549),
(633,1,'',1433443144),
(636,1,'',1433521782),
(709,1,'',1437029348),
(731,1,'',1437035064),
(739,1,'',1437037049),
(743,1,'',1437059539),
(745,1,'',1437060786),
(751,1,'',1437094949),
(757,1,'',1437121876),
(759,1,'',1437123075),
(761,1,'',1437123431),
(767,1,'',1437205996),
(809,1,'',1437470528),
(769,1,'',1437206993),
(771,1,'',1437207296),
(773,1,'',1437207988),
(775,1,'',1437208534),
(777,1,'',1437208892),
(779,1,'',1437209307),
(781,1,'',1437209548),
(783,1,'',1437210581),
(785,1,'',1437210936),
(787,1,'',1437212715),
(789,1,'',1437213057),
(791,1,'',1437213776),
(793,1,'',1437214398),
(837,1,'',1439225251),
(795,1,'',1437214924),
(805,1,'',1437465377),
(804,1,'',1437465192),
(824,1,'',1438162290),
(843,1,'',1445272671),
(844,1,'',1445274723),
(846,1,'',1445390586),
(847,1,'',1445390606),
(853,1,'',1445395492),
(852,1,'',1445395479),
(851,1,'',1445395465),
(854,1,'',1445395505),
(855,1,'',1445404573),
(1248,0,'',1457514176),
(1249,0,'',1457514204),
(1250,0,'',1457514592),
(1251,0,'',1457514927),
(1252,0,'',1457514941),
(1253,0,'',1457514966),
(1254,0,'',1457514977),
(1,1,'',1435166060),
(1255,0,'',1457515085),
(3,1,'',1435166060),
(8,1,'',1435166060),
(9,1,'',1435166060),
(11,1,'',1435166060),
(1256,0,'',1457515140),
(1257,0,'',1457515142),
(1258,0,'',1457515509),
(1247,0,'',1457514156),
(1378,0,'',1461782168),
(1382,0,'',1462697848),
(1428,0,'',1466787889),
(1259,0,'',1457515511),
(1260,0,'',1457515619),
(1261,0,'',1457515691),
(1262,0,'',1457515721),
(1263,0,'',1457515746),
(1264,0,'',1457515769),
(1265,0,'',1457515790),
(1266,0,'',1457515888),
(1267,0,'',1457515921),
(1268,0,'',1457515926),
(1269,0,'',1457515986),
(1270,0,'',1457516002),
(1271,0,'',1457516083),
(1272,0,'',1457516092),
(1273,0,'',1457516598),
(1277,0,'',1457520165),
(1278,0,'',1457522217),
(1242,0,'1457509775_1242_b550267eb25f7b9d1039b3b0e5de04b4.jpg;1457509776_1242_1dfe4da1ad23f6214650710814d6949c.jpg;',1457507790),
(1245,0,'',1457511233),
(1322,0,'',1458980293),
(1324,0,'',1458980700),
(1335,0,'',1459069472),
(1282,0,'',1457524595),
(1386,0,'',1462906162),
(1388,0,'',1462907487),
(1389,0,'',1462907565),
(1427,0,'',1464596170),
(1402,0,'',1463601350),
(1396,0,'',1463282752),
(1432,0,'',1466793079),
(1431,0,'',1466793018),
(1430,0,'',1466789081),
(1429,0,'',1466789039),
(1315,0,'',1458974205),
(1316,0,'',1458974577),
(1318,0,'',1458975857),
(1358,0,'',1461518514),
(1311,0,'',1458961596),
(1310,0,'',1458961578),
(1291,0,'',1457541068),
(1292,0,'',1457542951),
(1307,0,'',1457602309),
(1308,0,'',1457607431),
(1343,0,'',1460112871),
(1345,0,'',1460133591),
(1346,0,'',1460133615),
(1347,0,'',1460133634),
(1348,0,'',1460133669),
(1349,0,'',1460133765),
(1350,0,'',1460133808),
(1356,0,'',1460137789),
(1352,0,'',1460134207),
(1357,0,'',1461089004),
(1442,0,'',1466950508),
(1443,0,'',1466950811),
(1444,0,'',1466950823),
(1445,0,'',1466950972),
(1447,0,'',1466951493),
(1433,0,'',1466793085),
(1434,0,'',1466793095),
(1435,0,'',1466793126),
(1436,0,'',1466793203),
(1437,0,'',1466793408),
(1438,0,'',1466793436),
(1439,0,'',1466793607),
(1440,1,'',1466793616),
(1441,1,'1466881029_1441_9c2277a499a4b58a1c23ba0d3e53086d.jpg;1466881030_1441_e9c527a904d913ec5be77670915c73df.jpg;1466881031_1441_fd15ede55a26ed56029dc34ab5eb330a.jpg;1466881032_1441_04ae499c30862f82cbfee7292ff088ca.jpg;1466881033_1441_72bd9f94ca2bbf7f8022d974adc7f7ad.jpg;1466881035_1441_36eb7a500e494e7a8c88e91a33212b2d.jpg;1466881036_1441_9afc90319687e8b63d7d9dba741a4554.jpg;1466881037_1441_1e14a63be04cf9730ecbd83966cefcaf.png;1466881038_1441_8e694e6766382d06a0ce2ee83542cbf8.jpg;1466881039_1441_b0d90029a5b01190227900c583fd3df9.jpg;1466881041_1441_7889989a8d90281378884edfce66c8fb.jpg;1466881042_1441_44ed57b417b86c0a479e379201f3d98c.jpg;',1466838544),
(1449,0,'',1470650300),
(1528,0,'',1476343271),
(1527,0,'',1476331955),
(1454,0,'',1470848719),
(1526,0,'',1476297261),
(1460,0,'',1470853758),
(1463,0,'',1470936296),
(1464,0,'',1470937411),
(1465,0,'',1470937738),
(1466,0,'',1470938374),
(1467,0,'',1470938799),
(1468,0,'',1470939173),
(1469,0,'',1470939481),
(1470,0,'',1470939512),
(1471,0,'',1470939584),
(1472,0,'',1470939607),
(1473,0,'',1470939622),
(1474,0,'',1470939625),
(1475,0,'',1470939684),
(1476,0,'',1470939920),
(1477,0,'',1470939938),
(1478,0,'',1470939984),
(1479,0,'',1470940002),
(1480,0,'',1470940012),
(1481,0,'',1470940161),
(1482,0,'',1470940387),
(1483,0,'',1470940400),
(1484,0,'',1470940461),
(1485,0,'',1470940549),
(1510,0,'',1471531448),
(1496,0,'',1471417539),
(1590,0,'',1481652462),
(1589,1,'',1480867030),
(1587,1,'',1480263568),
(1569,1,'',1476976905),
(1570,1,'',1476977032),
(1571,1,'',1476977114),
(1572,1,'',1476977139),
(1573,1,'',1476983508),
(1574,0,'',1477073535),
(1575,0,'',1477073597),
(1576,0,'',1477073665),
(1578,0,'',1477539871),
(1580,0,'',1477562090),
(1581,0,'',1477562166),
(1582,0,'',1477563181),
(1583,0,'',1477563547),
(1584,0,'',1478006333),
(1585,0,'',1479755357),
(1591,0,'',1481652584),
(1592,1,'',1481652597),
(1593,1,'',1481653321),
(1594,1,'',1481653465),
(1515,0,'',1471532514),
(1517,0,'',1471535582),
(1518,0,'',1471538597),
(1529,0,'',1476345563),
(1530,0,'',1476345582),
(1531,0,'',1476345710),
(1532,0,'',1476345722),
(1533,0,'',1476345817),
(1534,0,'',1476345827),
(1535,0,'',1476347425),
(1536,0,'',1476370331),
(1538,0,'',1476376818),
(1539,0,'',1476376893),
(1540,0,'',1476376960),
(1565,1,'',1476496224),
(1564,1,'',1476495960),
(1563,0,'',1476462505),
(1544,0,'',1476379405),
(1545,0,'',1476379408),
(1546,0,'',1476379411),
(1547,0,'',1476379415),
(1548,0,'',1476379417),
(1549,0,'',1476379434),
(1550,0,'',1476379437),
(1551,0,'',1476379482),
(1552,0,'',1476379485),
(1553,0,'',1476379497),
(1554,0,'',1476379501),
(1561,0,'',1476451978),
(1560,1,'',1476437660),
(1597,1,'',1520784325),
(1600,0,'',1718638250);

/*Table structure for table `olala3w_vote` */

DROP TABLE IF EXISTS `olala3w_vote`;

CREATE TABLE `olala3w_vote` (
  `vote_id` bigint(20) NOT NULL AUTO_INCREMENT,
  `session` varchar(255) NOT NULL,
  `user_id` int(11) NOT NULL DEFAULT 0,
  `vote` int(1) NOT NULL DEFAULT 0,
  `created_time` int(11) NOT NULL DEFAULT 0,
  PRIMARY KEY (`vote_id`)
) ENGINE=MyISAM AUTO_INCREMENT=18 DEFAULT CHARSET=utf8;

/*Data for the table `olala3w_vote` */

/*!40101 SET SQL_MODE=@OLD_SQL_MODE */;
/*!40014 SET FOREIGN_KEY_CHECKS=@OLD_FOREIGN_KEY_CHECKS */;
/*!40014 SET UNIQUE_CHECKS=@OLD_UNIQUE_CHECKS */;
/*!40111 SET SQL_NOTES=@OLD_SQL_NOTES */;
